OrderID,OrderDate,CustomerID,CustomerName,Region,ProductID,ProductName,Category,Quantity,UnitPrice,Discount,Sales,Profit
100001,2025-11-24,CUST0015,Customer_15,Central,P932,Bluetooth Speaker,Electronics,4,106.66,0.15,362.64,117.06
100002,2025-01-16,CUST0012,Customer_12,Central,P519,Standing Desk,Furniture,9,274.09,0.1,2220.13,740.76
100003,2025-05-23,CUST0001,Customer_1,East,P566,Filing Cabinet,Furniture,6,130.82,0,784.92,165.38
100004,2025-07-03,CUST0045,Customer_45,West,P033,Notebook Pack,Stationery,12,211.07,0,2532.84,523.59
100005,2025-11-18,CUST0080,Customer_80,East,P139,Marker Pack,Stationery,4,319.42,0,1277.68,363.74
100006,2025-02-21,CUST0049,Customer_49,South,P361,Whiteboard,Stationery,11,376.68,0,4143.48,1481.11
100007,2025-12-16,CUST0010,Customer_10,Central,P471,Desk Lamp,Furniture,12,116.21,0.05,1324.79,425.51
100008,2025-01-29,CUST0030,Customer_30,Central,P932,Bluetooth Speaker,Electronics,7,126.34,0,884.38,196.08
100009,2025-12-02,CUST0064,Customer_64,Central,P272,Jacket,Apparel,3,125.08,0,375.24,98.97
100010,2025-10-26,CUST0052,Customer_52,North,P865,Pen Set,Stationery,3,233.21,0,699.63,182.64
100011,2025-12-15,CUST0055,Customer_55,Central,P381,Laptop Stand,Electronics,7,271.38,0.05,1804.68,508.58
100012,2025-02-28,CUST0069,Customer_69,East,P597,Sticky Notes,Stationery,2,137.73,0,275.46,92.71
100013,2025-09-17,CUST0014,Customer_14,Central,P139,Marker Pack,Stationery,10,95.92,0,959.2,248.79
100014,2025-01-01,CUST0077,Customer_77,East,P361,Whiteboard,Stationery,1,57.45,0,57.45,13.23
100015,2025-10-18,CUST0011,Customer_11,South,P381,Laptop Stand,Electronics,2,440.27,0.1,792.49,139.61
100016,2025-03-26,CUST0034,Customer_34,East,P620,Hoodie,Apparel,9,341.83,0.15,2615.0,768.23
100017,2025-07-11,CUST0057,Customer_57,Central,P884,T-Shirt,Apparel,4,107.32,0,429.28,190.92
100018,2025-02-06,CUST0008,Customer_8,East,P826,Office Chair,Furniture,1,387.96,0,387.96,124.71
100019,2025-03-09,CUST0074,Customer_74,West,P620,Hoodie,Apparel,8,364.91,0,2919.28,1244.84
100020,2025-01-28,CUST0013,Customer_13,South,P381,Laptop Stand,Electronics,12,157.97,0.2,1516.51,422.12
100021,2025-08-05,CUST0024,Customer_24,Central,P361,Whiteboard,Stationery,4,394.52,0,1578.08,535.31
100022,2025-10-04,CUST0002,Customer_2,West,P283,USB-C Hub,Electronics,3,187.64,0.05,534.77,195.08
100023,2025-01-02,CUST0050,Customer_50,Central,P361,Whiteboard,Stationery,5,194.97,0.15,828.62,49.86
100024,2025-04-08,CUST0038,Customer_38,North,P826,Office Chair,Furniture,10,333.2,0,3332.0,876.34
100025,2025-09-29,CUST0021,Customer_21,South,P361,Webcam,Electronics,2,384.29,0,768.58,231.53
100026,2025-10-19,CUST0032,Customer_32,East,P361,Webcam,Electronics,2,193.3,0.1,347.94,80.68
100027,2025-06-10,CUST0031,Customer_31,north,P361,Whiteboard,Stationery,3,304.89,0,914.67,307.05
100028,2025-10-16,CUST0013,Customer_13,North,P361,Webcam,Electronics,4,231.6,0,926.4,200.74
100029,2025-03-22,CUST0057,Customer_57,East,P139,Marker Pack,Stationery,11,241.79,0.15,2260.74,254.6
100030,2025-03-10,CUST0034,Customer_34,South,P928,Wireless Mouse,Electronics,12,252.52,0,3030.24,1150.16
100031,2025-11-21,CUST0034,Customer_34,north,P915,Cap,Apparel,1,48.8,0.05,46.36,9.4
100032,2025-11-23,CUST0034,Customer_34,North,P566,Filing Cabinet,Furniture,9,319.91,0.1,2591.27,1000.76
100033,2025-03-18,CUST0070,Customer_70,East,P932,Bluetooth Speaker,Electronics,10,252.22,0.05,2396.09,928.52
100034,2025-01-21,CUST0046,Customer_46,West,P519,Standing Desk,Furniture,11,53.43,0.2,470.18,64.66
100035,2025-05-02,CUST0021,Customer_21,West,P566,Filing Cabinet,Furniture,1,87.28,0,87.28,22.2
100036,2025-05-08,CUST0035,Customer_35,South,P826,Office Chair,Furniture,7,393.5,0.2,2203.6,364.5
100037,2025-06-06,CUST0030,Customer_30,North,P826,Office Chair,Furniture,11,93.36,0,1026.96,390.6
100038,2025-11-25,CUST0066,Customer_66,East,P858,Socks Pack,Apparel,6,423.14,0,2538.84,585.81
100039,2025-05-16,CUST0005,Customer_5,Central,P361,Webcam,Electronics,7,160.79,0.2,900.42,193.12
100040,2025-10-23,CUST0025,Customer_25,Central,P033,Notebook Pack,Stationery,12,200.74,0.1,2167.99,285.71
100041,2025-12-10,CUST0026,Customer_26,North,P361,Whiteboard,Stationery,2,427.4,0,854.8,251.49
100042,2025-06-08,CUST0053,Customer_53,West,P361,Whiteboard,Stationery,12,138.68,0,1664.16,669.06
100043,2025-11-12,CUST0073,Customer_73,West,P361,Whiteboard,Stationery,9,376.51,0,3388.59,1281.81
100044,2025-06-14,CUST0060,Customer_60,South,P272,Jacket,Apparel,11,102.46,0.05,1070.71,227.18
100045,2025-12-06,CUST0080,Customer_80,South,P033,Notebook Pack,Stationery,4,305.38,0,1221.52,303.38
100046,2025-09-01,CUST0079,Customer_79,West,P381,Laptop Stand,Electronics,7,399.67,0.1,2517.92,843.2
100047,2025-12-02,CUST0001,Customer_1,North,P381,Laptop Stand,Electronics,4,85.74,0.15,291.52,58.48
100048,2025-03-04,CUST0059,Customer_59,West,P566,Filing Cabinet,Furniture,11,242.76,0.1,2403.32,537.1
100049,2025-09-16,CUST0055,Customer_55,South,P620,Hoodie,Apparel,12,388.78,0.05,4432.09,1563.84
100050,2025-09-24,CUST0063,Customer_63,East,P497,Bookshelf,Furniture,8,42.25,0,338.0,132.29
100051,2025-03-12,CUST0020,Customer_20,West,P566,Filing Cabinet,Furniture,12,75.54,0,906.48,393.36
100052,2025-02-01,CUST0027,Customer_27,Central,P272,Jacket,Apparel,10,-426.16,0,4261.6,1004.96
100053,2025-06-30,CUST0039,Customer_39,South,P272,Jacket,Apparel,9,338.4,0.1,2741.04,456.94
100054,2025-09-06,CUST0004,Customer_4,West,P915,Cap,Apparel,11,308.18,0.05,3220.48,742.25
100055,2025-10-01,CUST0004,Customer_4,South,P858,Socks Pack,Apparel,10,301.05,0,3010.5,870.98
100056,2025-05-14,CUST0049,Customer_49,East,P865,Pen Set,Stationery,8,152.47,0.2,975.81,36.7
100057,2025-05-10,CUST0011,Customer_11,North,P884,T-Shirt,Apparel,12,246.42,0,2957.04,1164.91
100058,2025-01-16,CUST0032,Customer_32,North,P826,Office Chair,Furniture,10,75.35,0,753.5,249.87
100059,2025-12-25,CUST0033,Customer_33,South,P865,Pen Set,Stationery,10,276.4,0.15,2349.4,332.82
100060,2025-01-14,CUST0040,Customer_40,South,P272,Jacket,Apparel,12,95.66,0.1,1033.13,203.58
100061,2025-12-17,CUST0077,Customer_77,North,P361,Webcam,Electronics,1,161.46,0.05,153.39,37.88
100062,2025-08-04,CUST0063,Customer_63,South,P381,Laptop Stand,Electronics,6,288.93,0.2,1386.86,234.14
100063,2025-11-30,CUST0035,Customer_35,South,P272,Jacket,Apparel,7,372.97,0.1,2349.71,738.59
100064,2025-08-19,CUST0032,Customer_32,East,P858,Socks Pack,Apparel,10,303.34,0,3033.4,1343.27
100065,2025-05-13,CUST0044,Customer_44,South,P139,Marker Pack,Stationery,12,397.01,0.1,4287.71,1655.35
100066,2025-09-08,CUST0072,Customer_72,North,P566,Filing Cabinet,Furniture,11,322.63,0.05,3371.48,716.05
100067,2025-05-05,CUST0040,Customer_40,Central,P361,Whiteboard,Stationery,9,242.67,0.05,2074.83,329.45
100068,2025-05-19,CUST0040,Customer_40,Central,P865,Pen Set,Stationery,2,326.81,0,653.62,274.59
100069,2025-04-09,CUST0028,Customer_28,East,P915,Cap,Apparel,12,268.6,0.2,2578.56,383.05
100070,2025-06-01,CUST0030,Customer_30,North,P865,Pen Set,Stationery,5,14.25,0.1,64.12,22.68
100071,2025-12-24,CUST0017,Customer_17,East,P884,T-Shirt,Apparel,1,261.74,0.05,248.65,73.37
100072,2025-09-02,CUST0015,Customer_15,South,P381,Laptop Stand,Electronics,8,40.74,0.15,277.03,41.84
100073,2025-06-05,CUST0011,Customer_11,Central,P826,Office Chair,Furniture,9,345.88,0.1,2801.63,625.6
100074,2025-08-19,CUST0057,Customer_57,North,P139,Marker Pack,Stationery,7,142.98,0.1,900.77,335.23
100075,2025-04-19,CUST0034,Customer_34,West,P283,USB-C Hub,Electronics,4,84.83,0,339.32,139.42
100076,2025-05-30,CUST0005,Customer_5,South,P497,Bookshelf,Furniture,12,132.96,0.2,1276.42,217.78
100077,2025-11-17,CUST0076,Customer_76,East,P566,Filing Cabinet,Furniture,2,248.7,0.15,422.79,130.69
100078,2025-03-26,CUST0040,Customer_40,East,P361,Whiteboard,Stationery,2,215.16,0,430.32,118.37
100079,2025-02-11,CUST0077,Customer_77,South,P381,Laptop Stand,Electronics,12,150.47,0,1805.64,800.86
100080,2025-10-22,CUST0076,Customer_76,Central,P932,Bluetooth Speaker,Electronics,10,25.78,0.2,206.24,53.16
100081,2025-04-03,CUST0075,Customer_75,North,P272,Jacket,Apparel,2,215.74,0.05,409.91,136.64
100082,2025-12-22,CUST0064,Customer_64,East,P361,Whiteboard,Stationery,9,24.22,0,217.98,80.95
100083,2025-09-21,CUST0001,Customer_1,West,P272,Jacket,Apparel,1,90.91,0,90.91,26.76
100084,2025-04-15,CUST0035,Customer_35,Central,P497,Bookshelf,Furniture,8,397.33,0.05,3019.71,1174.97
100085,2025-06-09,CUST0071,Customer_71,West,P361,Webcam,Electronics,7,49.2,0.2,275.52,7.5
100086,2025-03-20,CUST0064,Customer_64,West,P139,Marker Pack,Stationery,12,128.85,0.2,1236.96,200.04
100087,2025-07-16,CUST0025,Customer_25,Central,P826,Office Chair,Furniture,5,-349.52,0.2,1398.08,255.61
100088,2025-06-02,CUST0076,Customer_76,Central,P620,Hoodie,Apparel,8,246.05,0,1968.4,722.19
100089,2025-04-07,CUST0031,Customer_31,West,P620,Hoodie,Apparel,7,27.29,0.15,162.38,34.73
100090,2025-11-30,CUST0020,Customer_20,North,P884,T-Shirt,Apparel,3,230.01,0.1,621.03,184.24
100091,2025-09-27,CUST0059,Customer_59,East,P283,USB-C Hub,Electronics,7,392.95,0,2750.65,1186.34
100092,2025-11-29,CUST0011,Customer_11,West,P139,Marker Pack,Stationery,7,429.73,0.15,2556.89,361.93
100093,2025-02-05,CUST0031,Customer_31,North,P865,Pen Set,Stationery,12,47.95,0,575.4,149.55
100094,2025-01-15,CUST0006,Customer_6,Central,P033,Notebook Pack,Stationery,5,166.44,0.05,790.59,302.59
100095,2025-04-03,CUST0022,Customer_22,West,P826,Office Chair,Furniture,10,392.91,0.1,3536.19,704.16
100096,2025-08-25,CUST0033,Customer_33,East,P915,Cap,Apparel,11,12.15,0.2,106.92,17.87
100097,2025-08-15,CUST0045,Customer_45,West,P361,Whiteboard,Stationery,12,118.54,0.2,1137.98,248.18
100098,2025-07-15,CUST0074,Customer_74,West,P139,Marker Pack,Stationery,5,446.77,0,2233.85,992.98
100099,2025-12-18,CUST0007,Customer_7,South,P915,Cap,Apparel,4,276.32,0,1105.28,436.86
100100,2025-12-04,CUST0018,Customer_18,South,P928,Wireless Mouse,Electronics,5,356.57,0,1782.85,543.96
100101,2025-08-01,CUST0023,Customer_23,East,P519,Standing Desk,Furniture,9,395.4,0,3558.6,1129.1
100102,2025-09-04,CUST0038,Customer_38,South,P033,Notebook Pack,Stationery,8,433.6,0,3468.8,906.96
100103,2025-07-23,CUST0072,Customer_72,East,P033,Notebook Pack,Stationery,7,14.15,0.1,89.14,31.6
100104,2025-10-27,CUST0049,Customer_49,Central,P033,Notebook Pack,Stationery,11,111.35,0,1224.85,361.47
100105,2025-11-28,CUST0009,Customer_9,North,P915,Cap,Apparel,11,188.47,0,2073.17,909.42
100106,2025-02-19,CUST0031,Customer_31,Central,P566,Filing Cabinet,Furniture,8,171.99,0.15,1169.53,173.2
100107,2025-03-21,CUST0054,Customer_54,East,P381,Laptop Stand,Electronics,10,188.39,0,1883.9,832.35
100108,2025-05-01,CUST0047,Customer_47,West,P932,Bluetooth Speaker,Electronics,9,406.55,0.15,3110.11,769.6
100109,2025-08-21,CUST0012,Customer_12,South,P471,Desk Lamp,Furniture,1,30.36,0,30.36,11.81
100110,2025-10-11,CUST0027,Customer_27,North,P519,Standing Desk,Furniture,6,350.27,0.2,1681.3,52.27
100111,2025-03-08,CUST0070,Customer_70,East,P865,Pen Set,Stationery,2,300.19,0,600.38,250.39
100112,2025-06-15,CUST0003,Customer_3,North,P497,Bookshelf,Furniture,1,64.03,0.05,60.83,17.19
100113,2025-09-20,CUST0076,Customer_76,Central,P381,Laptop Stand,Electronics,9,105.92,0.1,857.95,323.31
100114,2025-01-16,CUST0008,Customer_8,West,P272,Jacket,Apparel,7,311.26,0.05,2069.88,483.48
100115,2025-11-08,CUST0019,Customer_19,East,P283,USB-C Hub,Electronics,5,283.95,0.1,1277.78,302.29
100116,2025-05-31,CUST0059,Customer_59,Central,P884,T-Shirt,Apparel,12,58.57,0.15,597.41,96.48
100117,2025-08-20,CUST0030,Customer_30,West,P915,Cap,Apparel,8,184.24,0.15,1252.83,407.14
100118,2025-03-20,CUST0061,Customer_61,East,P928,Wireless Mouse,Electronics,2,49.21,0,98.42,25.97
100119,2025-10-28,CUST0072,Customer_72,West,P033,Notebook Pack,Stationery,7,164.29,0.15,977.53,74.43
100120,2025-05-28,CUST0077,Customer_77,West,P597,Sticky Notes,Stationery,2,263.44,0,526.88,216.71
100121,2025-10-12,CUST0048,Customer_48,Central,P932,Bluetooth Speaker,Electronics,10,107.96,0.05,1025.62,203.73
100122,2025-01-14,CUST0078,Customer_78,East,P033,Notebook Pack,Stationery,3,128.79,0.2,309.1,66.75
100123,2025-03-15,CUST0073,Customer_73,Central,P884,T-Shirt,Apparel,3,335.51,0,1006.53,429.85
100124,2025-06-24,CUST0021,Customer_21,North,P597,Sticky Notes,Stationery,12,151.38,0.1,1634.9,365.02
100125,2025-01-26,CUST0011,Customer_11,East,P361,Whiteboard,Stationery,11,195.41,0.1,1934.56,514.78
100126,2025-06-26,CUST0056,Customer_56,East,P932,Bluetooth Speaker,Electronics,11,307.89,0.05,3217.45,908.56
100127,2025-11-03,CUST0008,Customer_8,East,P283,USB-C Hub,Electronics,5,425.83,0.2,1703.32,459.24
100128,2025-09-12,CUST0056,Customer_56,East,P519,Standing Desk,Furniture,7,243.4,0,1703.8,553.62
100129,2025-01-22,CUST0056,Customer_56,West,P381,Laptop Stand,Electronics,2,389.05,0.1,700.29,188.83
100130,2025-02-28,CUST0052,Customer_52,East,P932,Bluetooth Speaker,Electronics,3,362.18,0.1,977.89,255.31
100131,2025-05-05,CUST0056,Customer_56,South,P858,Socks Pack,Apparel,2,182.93,0,365.86,96.42
100132,2025-09-19,CUST0015,Customer_15,South,P497,Bookshelf,Furniture,6,329.5,0.2,1581.6,175.24
100133,2025-04-12,CUST0023,Customer_23,Central,P826,Office Chair,Furniture,3,428.47,0.15,1092.6,226.84
100134,2025-10-17,CUST0080,Customer_80,East,P597,Sticky Notes,Stationery,3,202.38,0.05,576.78,175.73
100135,2025-06-30,CUST0065,Customer_65,East,P932,Bluetooth Speaker,Electronics,8,207.75,0,1662.0,594.69
100136,2025-02-16,CUST0079,Customer_79,North,P272,Jacket,Apparel,10,253.01,0.2,2024.08,165.14
100137,2025-11-30,CUST0025,Customer_25,East,P139,Marker Pack,Stationery,8,229.6,0,1836.8,619.68
100138,2025-11-27,CUST0023,Customer_23,Central,P283,USB-C Hub,Electronics,12,201.49,0.05,2296.99,650.37
100139,2025-05-25,CUST0050,Customer_50,East,P915,Cap,Apparel,11,272.27,0.2,2395.98,276.37
100140,2025-12-14,CUST0050,Customer_50,East,P597,Sticky Notes,Stationery,12,384.39,0.1,4151.41,607.4
100141,2025-06-29,CUST0040,Customer_40,West,P620,Hoodie,Apparel,10,321.3,0,3213.0,1197.18
100142,2025-03-07,CUST0068,Customer_68,South,P381,Laptop Stand,Electronics,9,167.93,0,1511.37,563.41
100143,2025-04-09,CUST0029,Customer_29,Central,P519,Standing Desk,Furniture,2,138.74,0.2,221.98,62.35
100144,2025-01-20,CUST0044,Customer_44,Central,P471,Desk Lamp,Furniture,7,76.18,0,533.26,129.14
100145,2025-08-13,CUST0006,Customer_6,West,P915,Cap,Apparel,11,326.06,0.05,3407.33,887.17
100146,2025-08-29,CUST0025,Customer_25,Central,P139,Marker Pack,Stationery,8,212.06,0,1696.48,433.4
100147,2025-04-13,CUST0078,Customer_78,North,P497,Bookshelf,Furniture,1,291.4,0.2,233.12,45.81
100148,2025-03-05,CUST0037,Customer_37,West,P283,USB-C Hub,Electronics,5,206.6,0.1,929.7,323.5
100149,2025-08-19,CUST0045,Customer_45,North,P381,Laptop Stand,Electronics,1,183.23,0,183.23,71.65
100150,2025-02-20,CUST0043,Customer_43,South,P519,Standing Desk,Furniture,1,134.8,0.2,107.84,17.78
100151,2025-11-12,CUST0001,Customer_1,Central,P928,Wireless Mouse,Electronics,5,103.32,0,516.6,161.59
100152,2025-05-28,CUST0031,Customer_31,West,P033,Notebook Pack,Stationery,1,113.39,0.15,96.38,11.51
100153,2025-09-13,CUST0077,Customer_77,North,P361,Webcam,Electronics,10,114.94,0,1149.4,433.53
100154,2025-08-02,CUST0024,Customer_24,Central,P361,Webcam,Electronics,6,37.91,0.1,204.71,48.67
100155,2025-08-29,CUST0006,Customer_6,East,P915,Cap,Apparel,5,338.31,0,1691.55,427.74
100156,2025-02-23,CUST0075,Customer_75,South,P865,Pen Set,Stationery,1,163.72,0,163.72,40.38
100157,2025-12-23,CUST0062,Customer_62,South,P519,Standing Desk,Furniture,2,324.49,0.05,616.53,253.59
100158,2025-01-22,CUST0041,Customer_41,North,P139,Marker Pack,Stationery,7,445.19,0.1,2804.7,721.9
100159,2025-07-02,CUST0007,Customer_7,West,P597,Sticky Notes,Stationery,2,361.31,0.05,686.49,128.36
100160,2025-04-06,CUST0064,Customer_64,North,P915,Cap,Apparel,9,125.89,0,1133.01,303.91
100161,2025-04-03,CUST0070,Customer_70,West,P597,Sticky Notes,Stationery,2,43.39,0.15,73.76,19.62
100162,2025-12-20,CUST0057,Customer_57,West,P361,Whiteboard,Stationery,1,329.25,0,329.25,97.55
100163,2025-01-30,CUST0010,Customer_10,North,P915,Cap,Apparel,9,362.08,0.15,2769.91,847.28
100164,2025-08-13,CUST0005,Customer_5,Central,P826,Office Chair,Furniture,4,352.1,0,1408.4,506.27
100165,2025-08-19,CUST0048,Customer_48,East,P361,Whiteboard,Stationery,2,261.67,0.1,471.01,135.16
100166,2025-02-28,CUST0004,Customer_4,East,P566,Filing Cabinet,Furniture,9,179.05,0.1,1450.31,516.57
100167,2025-11-10,CUST0037,Customer_37,West,P620,Hoodie,Apparel,2,67.99,0,135.98,45.82
100168,2025-06-13,CUST0045,Customer_45,South,P361,Webcam,Electronics,9,136.34,0,1227.06,291.01
100169,2025-03-04,CUST0026,Customer_26,West,P519,Standing Desk,Furniture,8,19.62,0.1,141.26,32.48
100170,2025-11-10,CUST0012,Customer_12,West,P932,Bluetooth Speaker,Electronics,7,449.82,0.15,2676.43,567.83
100171,2025-02-07,CUST0017,Customer_17,Central,P033,Notebook Pack,Stationery,8,213.9,0.1,1540.08,451.54
100172,2025-03-08,CUST0056,Customer_56,South,P928,Wireless Mouse,Electronics,9,75.63,0,680.67,278.74
100173,2025-05-26,CUST0011,Customer_11,East,P865,Pen Set,Stationery,11,430.71,0,4737.81,1983.76
100174,2025-11-25,CUST0022,Customer_22,Central,P519,Standing Desk,Furniture,11,284.02,0.1,2811.8,829.78
100175,2025-02-11,CUST0006,Customer_6,Central,P865,Pen Set,Stationery,10,192.13,0.15,1633.11,561.85
100176,2025-09-05,CUST0032,Customer_32,West,P915,Cap,Apparel,8,40.25,0,322.0,132.17
100177,2025-11-07,CUST0019,Customer_19,South,P597,Sticky Notes,Stationery,12,444.71,0,5336.52,1100.16
100178,2025-02-24,CUST0041,Customer_41,North,P566,Filing Cabinet,Furniture,2,126.22,0,252.44,104.71
100179,2025-11-12,CUST0054,Customer_54,South,P519,Standing Desk,Furniture,6,420.72,0.15,2145.67,559.95
100180,2025-09-13,CUST0040,Customer_40,South,P884,T-Shirt,Apparel,2,425.79,0.1,766.42,200.71
100181,2025-01-26,CUST0037,Customer_37,North,P858,Socks Pack,Apparel,11,305.25,0,3357.75,1060.47
100182,2025-07-07,CUST0052,Customer_52,Central,P033,Notebook Pack,Stationery,7,30.61,0.1,192.84,64.56
100183,2025-08-19,CUST0071,Customer_71,West,P139,Marker Pack,Stationery,11,278.08,0,3058.88,630.83
100184,2025-10-13,CUST0047,Customer_47,North,P519,Standing Desk,Furniture,10,233.03,0.1,2097.27,792.15
100185,2025-08-31,CUST0067,Customer_67,Central,P620,Hoodie,Apparel,10,402.76,0,4027.6,1482.19
100186,2025-11-12,CUST0039,Customer_39,West,P139,Marker Pack,Stationery,9,243.29,0.15,1861.17,348.74
100187,2025-12-11,CUST0015,Customer_15,North,P858,Socks Pack,Apparel,5,360.17,0.15,1530.72,147.62
100188,2025-12-02,CUST0075,Customer_75,Central,P826,Office Chair,Furniture,10,220.36,0.1,1983.24,424.73
100189,2025-12-15,CUST0032,Customer_32,West,P361,Webcam,Electronics,12,56.57,0,678.84,230.63
100190,2025-07-30,CUST0065,Customer_65,West,P884,T-Shirt,Apparel,12,69.03,0,828.36,256.61
100191,2025-03-30,CUST0059,Customer_59,East,P139,Marker Pack,Stationery,6,306.73,0.2,1472.3,128.4
100192,2025-05-07,CUST0036,Customer_36,West,P865,Pen Set,Stationery,5,348.86,0.15,1482.66,432.91
100193,2025-05-21,CUST0037,Customer_37,South,P361,Webcam,Electronics,11,248.09,0.05,2592.54,533.26
100194,2025-02-10,CUST0045,Customer_45,East,P915,Cap,Apparel,12,219.75,0,2637.0,640.82
100195,2025-03-12,CUST0014,Customer_14,South,P519,Standing Desk,Furniture,1,304.07,0.1,273.66,89.27
100196,2025-08-30,CUST0013,Customer_13,West,P826,Office Chair,Furniture,9,440.24,0,3962.16,1379.91
100197,2025-05-28,CUST0042,Customer_42,North,P033,Notebook Pack,Stationery,2,296.32,0,592.64,187.4
100198,2025-04-01,CUST0005,Customer_5,north,P272,Jacket,Apparel,3,421.98,0.2,1012.75,23.41
100199,2025-02-24,CUST0043,Customer_43,South,P361,Whiteboard,Stationery,11,248.14,0.05,2593.06,485.0
100200,2025-04-09,CUST0015,Customer_15,North,P865,Pen Set,Stationery,12,210.84,0,2530.08,684.01
100201,2025-10-18,CUST0025,Customer_25,East,P471,Desk Lamp,Furniture,11,404.49,0.2,3559.51,636.59
100202,2025-04-05,CUST0018,Customer_18,East,P915,Cap,Apparel,4,11.02,0.05,41.88,15.04
100203,2025-10-21,CUST0002,Customer_2,East,P597,Sticky Notes,Stationery,12,112.45,0.15,1146.99,364.94
100204,2025-12-27,CUST0040,Customer_40,West,P932,Bluetooth Speaker,Electronics,6,279.66,0,1677.96,353.48
100205,2025-11-07,CUST0048,Customer_48,South,P858,Socks Pack,Apparel,8,342.75,0.2,2193.6,230.26
100206,2025-11-02,CUST0011,Customer_11,Central,P858,Socks Pack,Apparel,12,167.91,0.1,1813.43,648.7
100207,2025-10-02,CUST0020,Customer_20,Central,P497,Bookshelf,Furniture,9,203.29,0.15,1555.17,454.93
100208,2025-08-17,CUST0008,Customer_8,West,P620,Hoodie,Apparel,9,191.62,0.1,1552.12,578.71
100209,2025-01-12,CUST0051,Customer_51,East,P033,Notebook Pack,Stationery,12,104.31,0,1251.72,549.1
100210,2025-01-31,CUST0009,Customer_9,West,P884,T-Shirt,Apparel,5,188.72,0.2,754.88,203.95
100211,2025-08-18,CUST0049,Customer_49,East,P884,T-Shirt,Apparel,11,434.15,0.2,3820.52,550.04
100212,2025-07-21,CUST0068,Customer_68,Central,P519,Standing Desk,Furniture,1,342.23,0,342.23,114.39
100213,2025-04-28,CUST0032,Customer_32,North,P915,Cap,Apparel,3,129.84,0.15,331.09,42.31
100214,2025-01-09,CUST0031,Customer_31,North,P826,Office Chair,Furniture,2,270.52,0.05,513.99,135.56
100215,2025-08-13,CUST0030,Customer_30,Central,P826,Office Chair,Furniture,3,230.72,0,692.16,270.95
100216,2025-12-11,CUST0042,Customer_42,East,P497,Bookshelf,Furniture,3,443.68,0.1,1197.94,392.31
100217,2025-10-30,CUST0023,Customer_23,West,P858,Socks Pack,Apparel,8,28.72,0,229.76,49.31
100218,2025-08-02,CUST0053,Customer_53,South,P497,Bookshelf,Furniture,7,89.27,0.1,562.4,144.74
100219,2025-08-26,CUST0008,Customer_8,South,P272,Jacket,Apparel,9,242.26,0.05,2071.32,739.75
100220,2025-08-19,CUST0048,Customer_48,Central,P361,Webcam,Electronics,12,374.6,0,4495.2,1721.14
100221,2025-04-07,CUST0076,Customer_76,North,P566,Filing Cabinet,Furniture,4,392.31,0,1569.24,587.21
100222,2025-03-02,CUST0062,Customer_62,East,P471,Desk Lamp,Furniture,12,98.39,0,1180.68,368.35
100223,2025-07-03,CUST0040,Customer_40,West,P597,Sticky Notes,Stationery,9,398.2,0.05,3404.61,1345.17
100224,2025-04-15,CUST0048,Customer_48,North,P361,Whiteboard,Stationery,1,256.64,0,256.64,67.93
100225,2025-10-24,CUST0054,Customer_54,South,P865,Pen Set,Stationery,4,153.8,0.05,584.44,158.45
100226,2025-12-17,CUST0044,Customer_44,East,P361,Whiteboard,Stationery,12,291.63,0.05,3324.58,996.65
100227,2025-09-08,CUST0024,Customer_24,North,P361,Webcam,Electronics,1,378.87,0,378.87,80.97
100228,2025-11-19,CUST0030,Customer_30,Central,P283,USB-C Hub,Electronics,1,104.67,0.05,99.44,32.11
100229,2025-09-05,CUST0063,Customer_63,East,P928,Wireless Mouse,Electronics,9,251.83,0,2266.47,1010.43
100230,2025-09-15,CUST0056,Customer_56,Central,P826,Office Chair,Furniture,2,239.78,0,479.56,192.79
100231,2025-07-23,CUST0011,Customer_11,North,P361,Whiteboard,Stationery,8,257.73,0.15,1752.56,502.13
100232,2025-01-17,CUST0012,Customer_12,South,P272,Jacket,Apparel,7,252.29,0,1766.03,513.58
100233,2025-11-27,CUST0043,Customer_43,Central,P361,Webcam,Electronics,1,109.56,0.2,87.65,8.43
100234,2025-02-08,CUST0036,Customer_36,West,P283,USB-C Hub,Electronics,6,14.92,0,89.52,27.15
100235,2025-10-16,CUST0031,Customer_31,North,P858,Socks Pack,Apparel,6,177.66,0.15,906.07,282.5
100236,2025-01-28,CUST0013,Customer_13,Central,P620,Hoodie,Apparel,2,158.54,0.2,253.66,30.6
100237,2025-01-16,CUST0035,Customer_35,Central,P272,Jacket,Apparel,4,165.27,0.05,628.03,193.06
100238,2025-11-13,CUST0038,Customer_38,South,P826,Office Chair,Furniture,2,126.44,0.05,240.24,56.16
100239,2025-02-24,CUST0012,Customer_12,North,P932,Bluetooth Speaker,Electronics,8,167.08,0,1336.64,567.33
100240,2025-10-12,CUST0066,Customer_66,Central,P884,T-Shirt,Apparel,1,47.61,0.1,42.85,15.56
100241,2025-01-07,CUST0038,Customer_38,South,P272,Jacket,Apparel,2,328.38,0.1,591.08,81.24
100242,2025-07-14,CUST0022,Customer_22,West,P497,Bookshelf,Furniture,5,126.64,0,633.2,274.92
100243,2025-02-09,CUST0047,Customer_47,West,P865,Pen Set,Stationery,12,284.26,0.1,3070.01,668.01
100244,2025-07-22,CUST0043,Customer_43,Central,P915,Cap,Apparel,8,155.95,0.2,998.08,55.04
100245,2025-12-22,CUST0026,Customer_26,West,P915,Cap,Apparel,3,434.34,0,1303.02,491.42
100246,2025-06-16,CUST0049,Customer_49,Central,P361,Whiteboard,Stationery,6,58.34,0.1,315.04,105.03
100247,2025-01-14,CUST0060,Customer_60,West,P566,Filing Cabinet,Furniture,5,375.43,0,1877.15,460.39
100248,2025-06-05,CUST0031,Customer_31,Central,P865,Pen Set,Stationery,12,195.02,0.05,2223.23,892.82
100249,2025-09-17,CUST0054,Customer_54,North,P932,Bluetooth Speaker,Electronics,12,403.81,0.1,4361.15,976.63
100250,2025-12-07,CUST0046,Customer_46,West,P471,Desk Lamp,Furniture,1,256.94,0.15,218.4,33.57
100251,2025-08-09,CUST0014,Customer_14,Central,P928,Wireless Mouse,Electronics,5,106.12,0.15,451.01,90.36
100252,2025-07-11,CUST0051,Customer_51,West,P858,Socks Pack,Apparel,12,229.21,0,2750.52,551.68
100253,2025-02-13,CUST0015,Customer_15,West,P497,Bookshelf,Furniture,5,159.64,0.2,638.56,158.27
100254,2025-12-23,CUST0058,Customer_58,East,P033,Notebook Pack,Stationery,5,27.75,0.15,117.94,37.64
100255,2025-03-26,CUST0032,Customer_32,South,P471,Desk Lamp,Furniture,3,154.3,0.05,439.75,74.24
100256,2025-04-06,CUST0056,Customer_56,West,P884,T-Shirt,Apparel,12,279.44,0,3353.28,1132.09
100257,2025-04-16,CUST0036,Customer_36,East,P361,Webcam,Electronics,2,361.38,0.1,650.48,219.18
100258,2025-12-10,CUST0063,Customer_63,East,P139,Marker Pack,Stationery,7,278.2,0.1,1752.66,625.98
100259,2025-12-11,CUST0039,Customer_39,East,P283,USB-C Hub,Electronics,6,60.09,0,360.54,151.7
100260,2025-08-03,CUST0077,Customer_77,South,P471,Desk Lamp,Furniture,7,194.98,0.05,1296.62,329.1
100261,2025-03-13,CUST0024,Customer_24,West,P361,Whiteboard,Stationery,10,31.7,0,317.0,67.22
100262,2025-10-15,CUST0065,Customer_65,West,P272,Jacket,Apparel,11,225.34,0.15,2106.93,223.15
100263,2025-04-23,CUST0038,Customer_38,Central,P932,Bluetooth Speaker,Electronics,4,245.62,0,982.48,250.35
100264,2025-10-09,CUST0066,Customer_66,East,P361,Webcam,Electronics,2,126.41,0.1,227.54,36.45
100265,2025-08-14,CUST0070,Customer_70,East,P566,Filing Cabinet,Furniture,2,333.31,0.15,566.63,74.77
100266,2025-05-15,CUST0045,Customer_45,Central,P381,Laptop Stand,Electronics,2,350.83,0,701.66,278.93
100267,2025-11-09,CUST0055,Customer_55,North,P471,Desk Lamp,Furniture,3,354.9,0.2,851.76,211.09
100268,2025-11-02,CUST0069,Customer_69,Central,P497,Bookshelf,Furniture,12,137.34,0.1,1483.27,466.68
100269,2025-02-18,CUST0018,Customer_18,South,P884,T-Shirt,Apparel,5,391.24,0,1956.2,537.26
100270,2025-05-07,CUST0051,Customer_51,West,P620,Hoodie,Apparel,10,287.52,0.15,2443.92,564.82
100271,2025-02-17,CUST0052,Customer_52,North,P597,Sticky Notes,Stationery,8,428.01,0,3424.08,1042.67
100272,2025-12-07,CUST0046,Customer_46,West,P361,Webcam,Electronics,7,104.28,0.05,693.46,141.46
100273,2025-06-22,CUST0071,Customer_71,North,P471,Desk Lamp,Furniture,8,356.43,0.15,2423.72,312.05
100274,2025-08-24,CUST0003,Customer_3,South,P283,USB-C Hub,Electronics,8,209.78,0.05,1594.33,586.41
100275,2025-05-21,CUST0012,Customer_12,West,P597,Sticky Notes,Stationery,2,172.35,0.15,293.0,89.15
100276,2025-04-30,CUST0055,Customer_55,South,P928,Wireless Mouse,Electronics,1,102.33,0,102.33,42.65
100277,2025-01-05,CUST0044,Customer_44,North,P381,Laptop Stand,Electronics,12,66.42,0,797.04,313.05
100278,2025-06-10,CUST0048,Customer_48,South,P865,Pen Set,Stationery,7,349.87,0.2,1959.27,76.84
100279,2025-11-09,CUST0022,Customer_22,West,P915,Cap,Apparel,12,102.17,0.15,1042.13,321.41
100280,2025-04-22,CUST0012,Customer_12,West,P283,USB-C Hub,Electronics,2,268.59,0.05,510.32,167.66
100281,2025-05-22,CUST0011,Customer_11,North,P471,Desk Lamp,Furniture,10,273.2,0.1,2458.8,761.6
100282,2025-06-04,CUST0027,Customer_27,South,P566,Filing Cabinet,Furniture,5,293.61,0.2,1174.44,37.47
100283,2025-09-13,CUST0077,Customer_77,Central,P361,Webcam,Electronics,1,444.2,0,444.2,185.23
100284,2025-03-30,CUST0061,Customer_61,North,P928,Wireless Mouse,Electronics,10,37.85,0,378.5,149.91
100285,2025-05-27,CUST0065,Customer_65,Central,P272,Jacket,Apparel,12,185.81,0.15,1895.26,369.82
100286,2025-02-10,CUST0066,Customer_66,North,P519,Standing Desk,Furniture,9,152.42,0.1,1234.6,262.59
100287,2025-05-03,CUST0008,Customer_8,East,P826,Office Chair,Furniture,7,59.27,0.1,373.4,82.06
100288,2025-03-31,CUST0016,Customer_16,Central,P283,USB-C Hub,Electronics,12,13.02,0.05,148.43,25.27
100289,2025-05-13,CUST0022,Customer_22,North,P865,Pen Set,Stationery,12,353.26,0,4239.12,1130.85
100290,2025-08-08,CUST0035,Customer_35,West,P932,Bluetooth Speaker,Electronics,12,438.97,0.15,4477.49,1478.79
100291,2025-10-18,CUST0022,Customer_22,North,P865,Pen Set,Stationery,5,349.81,0.1,1574.14,317.39
100292,2025-01-23,CUST0002,Customer_2,North,P826,Office Chair,Furniture,8,168.88,0,1351.04,547.52
100293,2025-12-02,CUST0054,Customer_54,North,P497,Bookshelf,Furniture,4,191.99,0.15,652.77,168.97
100294,2025-12-11,CUST0007,Customer_7,West,P519,Standing Desk,Furniture,9,441.78,0.05,3777.22,1521.9
100295,2025-06-09,CUST0042,Customer_42,East,P361,Webcam,Electronics,8,11.52,0,92.16,34.75
100296,2025-07-08,CUST0076,Customer_76,south,P620,Hoodie,Apparel,12,406.0,0.2,3897.6,248.5
100297,2025-04-30,CUST0070,Customer_70,East,P033,Notebook Pack,Stationery,6,8.65,0.15,44.12,10.69
100298,2025-05-02,CUST0054,Customer_54,South,P884,T-Shirt,Apparel,3,322.55,0,967.65,424.82
100299,2025-12-25,CUST0048,Customer_48,West,P884,T-Shirt,Apparel,10,50.25,0,502.5,146.07
100300,2025-08-11,CUST0017,Customer_17,East,P497,Bookshelf,Furniture,5,384.1,0.2,1536.4,291.46
100301,2025-02-08,CUST0026,Customer_26,East,P471,Desk Lamp,Furniture,2,76.69,0,153.38,51.78
100302,2025-04-17,CUST0058,Customer_58,East,P361,Whiteboard,Stationery,5,384.8,0,1924.0,789.99
100303,2025-01-21,CUST0028,Customer_28,North,P865,Pen Set,Stationery,2,322.33,0,644.66,226.24
100304,2025-03-31,CUST0004,Customer_4,North,P272,Jacket,Apparel,9,338.65,0,3047.85,1299.36
100305,2025-01-07,CUST0008,Customer_8,North,P519,Standing Desk,Furniture,4,372.06,0,1488.24,414.37
100306,2025-02-08,CUST0003,Customer_3,East,P283,USB-C Hub,Electronics,11,204.0,0,2244.0,958.2
100307,2025-01-26,CUST0022,Customer_22,East,P272,Jacket,Apparel,8,21.03,0.15,143.0,32.52
100308,2025-05-24,CUST0058,Customer_58,West,P826,Office Chair,Furniture,10,281.68,0,2816.8,811.75
100309,2025-02-01,CUST0012,Customer_12,Central,P361,Whiteboard,Stationery,3,193.3,0.15,492.92,45.72
100310,2025-10-06,CUST0003,Customer_3,Central,P915,Cap,Apparel,8,248.68,0.05,1889.97,624.67
100311,2025-04-03,CUST0004,Customer_4,North,P139,Marker Pack,Stationery,4,20.95,0.2,67.04,4.64
100312,2025-07-03,CUST0075,Customer_75,North,P519,Standing Desk,Furniture,2,117.55,0,235.1,90.13
100313,2025-10-22,CUST0050,Customer_50,East,P865,Pen Set,Stationery,3,112.56,0,337.68,83.9
100314,2025-12-25,CUST0046,Customer_46,West,P471,Desk Lamp,Furniture,4,377.82,0.2,1209.02,44.72
100315,2025-01-20,CUST0012,Customer_12,East,P283,USB-C Hub,Electronics,10,104.71,0.1,942.39,241.36
100316,2025-03-08,CUST0044,Customer_44,South,P497,Bookshelf,Furniture,1,17.69,0.1,15.92,3.07
100317,2025-07-06,CUST0010,Customer_10,South,P361,Whiteboard,Stationery,10,52.66,0,526.6,194.5
100318,2025-11-24,CUST0063,Customer_63,Central,P865,Pen Set,Stationery,12,436.18,0.15,4449.04,406.17
100319,2025-10-29,CUST0023,Customer_23,North,P915,Cap,Apparel,12,312.32,0,3747.84,1520.02
100320,2025-07-20,CUST0073,Customer_73,South,P283,USB-C Hub,Electronics,10,148.65,0.2,1189.2,12.07
100321,2025-09-12,CUST0019,Customer_19,North,P033,Notebook Pack,Stationery,4,161.29,0,645.16,263.24
100322,2025-06-21,CUST0058,Customer_58,North,P932,Bluetooth Speaker,Electronics,4,118.3,0,473.2,171.48
100323,2025-08-13,CUST0054,Customer_54,North,P566,Filing Cabinet,Furniture,8,397.74,0,3181.92,997.51
100324,2025-10-23,CUST0029,Customer_29,East,P566,Filing Cabinet,Furniture,2,361.24,0,722.48,271.85
100325,2025-06-25,CUST0022,Customer_22,Central,P620,Hoodie,Apparel,12,41.15,0,493.8,180.49
100326,2025-08-09,CUST0022,Customer_22,West,P620,Hoodie,Apparel,1,52.76,0,52.76,10.89
100327,2025-10-04,CUST0034,Customer_34,West,P597,Sticky Notes,Stationery,4,50.39,0.05,191.48,51.81
100328,2025-08-07,CUST0012,Customer_12,East,P139,Marker Pack,Stationery,8,96.26,0,770.08,306.69
100329,2025-03-01,CUST0040,Customer_40,Central,P272,Jacket,Apparel,8,403.54,0,3228.32,1379.19
100330,2025-07-15,CUST0048,Customer_48,East,P566,Filing Cabinet,Furniture,1,124.38,0.05,118.16,41.56
100331,2025-12-23,CUST0013,Customer_13,Central,P932,Bluetooth Speaker,Electronics,9,190.98,0.2,1375.06,176.3
100332,2025-09-25,CUST0054,Customer_54,North,P858,Socks Pack,Apparel,4,218.51,0,874.04,307.05
100333,2025-10-20,CUST0080,Customer_80,South,P826,Office Chair,Furniture,8,84.41,0,675.28,139.76
100334,2025-12-16,CUST0056,Customer_56,North,P519,Standing Desk,Furniture,10,121.99,0.15,1036.91,87.16
100335,2025-10-10,CUST0042,Customer_42,Central,P139,Marker Pack,Stationery,8,413.39,0,3307.12,837.9
100336,2025-02-27,CUST0054,Customer_54,North,P519,Standing Desk,Furniture,10,267.87,0.2,2142.96,23.55
100337,2025-02-21,CUST0037,Customer_37,West,P361,Whiteboard,Stationery,5,177.31,0.05,842.22,227.84
100338,2025-03-15,CUST0080,Customer_80,North,P884,T-Shirt,Apparel,7,401.19,0,2808.33,778.95
100339,2025-07-10,CUST0003,Customer_3,North,P597,Sticky Notes,Stationery,5,131.91,0.05,626.57,122.31
100340,2025-06-03,CUST0057,Customer_57,West,P597,Sticky Notes,Stationery,12,192.21,0.15,1960.54,640.47
100341,2025-09-06,CUST0067,Customer_67,Central,P033,Notebook Pack,Stationery,9,357.84,0,3220.56,1198.75
100342,2025-09-26,CUST0073,Customer_73,South,P283,USB-C Hub,Electronics,4,394.83,0,1579.32,380.23
100343,2025-07-04,CUST0026,Customer_26,North,P597,Sticky Notes,Stationery,8,231.27,0.15,1572.64,128.09
100344,2025-08-17,CUST0023,Customer_23,East,P858,Socks Pack,Apparel,9,162.59,0,1463.31,352.05
100345,2025-05-26,CUST0004,Customer_4,South,P884,T-Shirt,Apparel,3,385.39,0.2,924.94,10.14
100346,2025-05-18,CUST0053,Customer_53,North,P928,Wireless Mouse,Electronics,8,410.89,0.15,2794.05,843.8
100347,2025-06-06,CUST0036,Customer_36,Central,P272,Jacket,Apparel,6,210.88,0,1265.28,421.75
100348,2025-02-22,CUST0001,Customer_1,North,P139,Marker Pack,Stationery,11,270.45,0,2974.95,1116.74
100349,2025-05-22,CUST0042,Customer_42,South,P597,Sticky Notes,Stationery,11,322.3,0.15,3013.51,798.77
100350,2025-01-30,CUST0077,Customer_77,East,P915,Cap,Apparel,11,69.85,0,768.35,219.86
100351,2025-07-18,CUST0005,Customer_5,West,P497,Bookshelf,Furniture,12,323.31,0.15,3297.76,645.36
100352,2025-09-17,CUST0039,Customer_39,East,P471,Desk Lamp,Furniture,3,137.85,0.05,392.87,152.19
100353,2025-04-04,CUST0043,Customer_43,East,P283,USB-C Hub,Electronics,6,106.71,0.2,512.21,110.91
100354,2025-08-26,CUST0016,Customer_16,South,P884,T-Shirt,Apparel,11,265.94,0.1,2632.81,971.79
100355,2025-07-15,CUST0068,Customer_68,South,P361,Whiteboard,Stationery,1,392.92,0,392.92,163.32
100356,2025-08-23,CUST0019,Customer_19,East,P865,Pen Set,Stationery,2,-223.51,0.15,379.97,23.85
100357,2025-05-21,CUST0027,Customer_27,South,P471,Desk Lamp,Furniture,3,224.39,0.2,538.54,37.07
100358,2025-07-26,CUST0055,Customer_55,North,P272,Jacket,Apparel,1,24.67,0,24.67,6.6
100359,2025-09-29,CUST0025,Customer_25,East,P928,Wireless Mouse,Electronics,11,332.25,0,3654.75,1010.97
100360,2025-09-15,CUST0076,Customer_76,West,P865,Pen Set,Stationery,2,372.14,0,744.28,158.45
100361,2025-06-22,CUST0056,Customer_56,west,P497,Bookshelf,Furniture,8,166.79,0,1334.32,545.44
100362,2025-03-09,CUST0028,Customer_28,North,P361,Webcam,Electronics,9,82.69,0,744.21,202.59
100363,2025-10-01,CUST0080,Customer_80,North,P361,Webcam,Electronics,1,300.59,0.15,255.5,27.34
100364,2025-07-14,CUST0016,Customer_16,North,P361,Whiteboard,Stationery,12,75.68,0.15,771.94,116.76
100365,2025-12-06,CUST0067,Customer_67,North,P139,Marker Pack,Stationery,10,317.72,0.05,3018.34,611.09
100366,2025-05-25,CUST0015,Customer_15,Central,P381,Laptop Stand,Electronics,4,277.18,0.2,886.98,204.29
100367,2025-07-29,CUST0038,Customer_38,West,P826,Office Chair,Furniture,9,-227.39,0,2046.51,568.83
100368,2025-12-10,CUST0012,Customer_12,North,P361,Webcam,Electronics,11,226.39,0,2490.29,635.32
100369,2025-05-12,CUST0030,Customer_30,North,P915,Cap,Apparel,5,213.21,0,1066.05,263.0
100370,2025-12-13,CUST0041,Customer_41,South,P884,T-Shirt,Apparel,2,384.25,0,768.5,343.97
100371,2025-07-03,CUST0057,Customer_57,West,P033,Notebook Pack,Stationery,6,368.21,0,2209.26,931.3
100372,2025-07-17,CUST0062,Customer_62,South,P620,Hoodie,Apparel,2,66.57,0.15,113.17,37.99
100373,2025-09-05,CUST0073,Customer_73,South,P620,Hoodie,Apparel,10,175.85,0,1758.5,522.56
100374,2025-07-30,CUST0057,Customer_57,Central,P928,Wireless Mouse,Electronics,5,297.5,0,1487.5,407.36
100375,2025-10-17,CUST0029,Customer_29,South,P139,Marker Pack,Stationery,9,312.2,0.1,2528.82,916.53
100376,2025-11-25,CUST0050,Customer_50,Central,P471,Desk Lamp,Furniture,10,32.12,0.15,273.02,21.33
100377,2025-03-26,CUST0010,Customer_10,South,P915,Cap,Apparel,4,154.26,0,617.04,269.9
100378,2025-05-01,CUST0011,Customer_11,East,P272,Jacket,Apparel,10,206.06,0.2,1648.48,258.37
100379,2025-12-01,CUST0003,Customer_3,North,P381,Laptop Stand,Electronics,7,23.84,0.1,150.19,58.4
100380,2025-11-23,CUST0039,Customer_39,West,P566,Filing Cabinet,Furniture,6,168.6,0,1011.6,248.7
100381,2025-11-04,CUST0061,Customer_61,East,P361,Whiteboard,Stationery,2,51.07,0.15,86.82,24.98
100382,2025-05-30,CUST0071,Customer_71,West,P033,Notebook Pack,Stationery,1,404.42,0.05,384.2,147.57
100383,2025-04-07,CUST0016,Customer_16,North,P620,Hoodie,Apparel,8,372.45,0,2979.6,806.88
100384,2025-11-21,CUST0076,Customer_76,west,P381,Laptop Stand,Electronics,8,299.04,0.1,2153.09,756.79
100385,2025-10-11,CUST0056,Customer_56,South,P858,Socks Pack,Apparel,3,313.78,0,941.34,251.69
100386,2025-11-07,CUST0042,Customer_42,West,P272,Jacket,Apparel,10,412.83,0.2,3302.64,775.87
100387,2025-08-20,CUST0018,Customer_18,Central,P566,Filing Cabinet,Furniture,10,317.41,0.15,2697.99,545.72
100388,2025-10-11,CUST0028,Customer_28,South,P519,Standing Desk,Furniture,10,323.76,0.15,2751.96,691.8
100389,2025-04-02,CUST0065,Customer_65,West,P033,Notebook Pack,Stationery,6,256.53,0.1,1385.26,319.13
100390,2025-10-01,CUST0037,Customer_37,North,P884,T-Shirt,Apparel,9,55.06,0.05,470.76,180.21
100391,2025-03-24,CUST0037,Customer_37,Central,P865,Pen Set,Stationery,1,313.24,0,313.24,124.98
100392,2025-02-22,CUST0079,Customer_79,East,P471,Desk Lamp,Furniture,7,113.02,0.2,632.91,40.18
100393,2025-07-15,CUST0050,Customer_50,Central,P915,Cap,Apparel,9,31.78,0.15,243.12,67.84
100394,2025-08-15,CUST0029,Customer_29,South,P139,Marker Pack,Stationery,9,334.39,0,3009.51,770.32
100395,2025-12-16,CUST0010,Customer_10,East,P519,Standing Desk,Furniture,12,235.12,0.05,2680.37,1099.92
100396,2025-10-27,CUST0033,Customer_33,East,P932,Bluetooth Speaker,Electronics,8,321.68,0,2573.44,1132.35
100397,2025-11-17,CUST0079,Customer_79,East,P361,Whiteboard,Stationery,10,251.17,0,2511.7,637.95
100398,2025-09-24,CUST0009,Customer_9,South,P566,Filing Cabinet,Furniture,9,245.37,0,2208.33,800.85
100399,2025-05-31,CUST0028,Customer_28,South,P858,Socks Pack,Apparel,11,11.89,0.15,111.17,27.92
100400,2025-11-15,CUST0032,Customer_32,Central,P932,Bluetooth Speaker,Electronics,7,412.84,0,2889.88,1021.66
100401,2025-09-22,CUST0048,Customer_48,Central,P272,Jacket,Apparel,1,139.02,0.15,118.17,35.02
100402,2025-10-03,CUST0069,Customer_69,West,P928,Wireless Mouse,Electronics,4,304.29,0.2,973.73,239.42
100403,2025-12-26,CUST0056,Customer_56,North,P283,USB-C Hub,Electronics,1,210.98,0,210.98,92.94
100404,2025-10-13,CUST0010,Customer_10,east,P497,Bookshelf,Furniture,7,179.51,0.15,1068.08,249.91
100405,2025-10-01,CUST0001,Customer_1,Central,P361,Webcam,Electronics,1,317.79,0,317.79,114.59
100406,2025-06-04,CUST0078,Customer_78,West,P932,Bluetooth Speaker,Electronics,8,176.58,0.2,1130.11,119.82
100407,2025-07-20,CUST0070,Customer_70,East,P865,Pen Set,Stationery,5,307.36,0.2,1229.44,51.05
100408,2025-10-12,CUST0019,Customer_19,North,P928,Wireless Mouse,Electronics,1,261.14,0.05,248.08,69.39
100409,2025-06-26,CUST0028,Customer_28,East,P858,Socks Pack,Apparel,3,79.14,0,237.42,70.22
100410,2025-10-18,CUST0007,Customer_7,South,P858,Socks Pack,Apparel,2,136.47,0,272.94,105.72
100411,2025-06-19,CUST0046,Customer_46,East,P519,Standing Desk,Furniture,2,134.03,0,268.06,60.31
100412,2025-12-04,CUST0040,Customer_40,south,P471,Desk Lamp,Furniture,10,169.11,0,1691.1,355.7
100413,2025-04-24,CUST0056,Customer_56,West,P597,Sticky Notes,Stationery,3,308.37,0,925.11,213.26
100414,2025-09-07,CUST0071,Customer_71,South,P283,USB-C Hub,Electronics,11,276.13,0.2,2429.94,546.27
100415,2025-11-17,CUST0010,Customer_10,West,P928,Wireless Mouse,Electronics,9,287.18,0.2,2067.7,270.17
100416,2025-01-19,CUST0071,Customer_71,West,P139,Marker Pack,Stationery,9,216.67,0.2,1560.02,415.04
100417,2025-05-29,CUST0018,Customer_18,South,P858,Socks Pack,Apparel,9,48.02,0,432.18,140.22
100418,2025-11-11,CUST0022,Customer_22,South,P566,Filing Cabinet,Furniture,3,87.18,0.1,235.39,48.43
100419,2025-07-03,CUST0006,Customer_6,South,P566,Filing Cabinet,Furniture,4,35.78,0,143.12,56.03
100420,2025-07-18,CUST0061,Customer_61,Central,P884,T-Shirt,Apparel,1,441.42,0,441.42,187.25
100421,2025-05-15,CUST0075,Customer_75,North,P566,Filing Cabinet,Furniture,11,175.31,0.1,1735.57,359.97
100422,2025-04-25,CUST0067,Customer_67,North,P915,Cap,Apparel,6,223.19,0.05,1272.18,238.64
100423,2025-03-26,CUST0030,Customer_30,East,P361,Webcam,Electronics,11,132.12,0,1453.32,586.09
100424,2025-12-05,CUST0030,Customer_30,South,P915,Cap,Apparel,12,58.1,0.15,592.62,125.7
100425,2025-07-30,CUST0003,Customer_3,Central,P826,Office Chair,Furniture,3,261.48,0,784.44,326.58
100426,2025-01-29,CUST0022,Customer_22,North,P865,Pen Set,Stationery,9,431.54,0.1,3495.47,418.25
100427,2025-05-26,CUST0011,Customer_11,South,P566,Filing Cabinet,Furniture,10,446.81,0.2,3574.48,578.99
100428,2025-10-26,CUST0024,Customer_24,North,P865,Pen Set,Stationery,12,311.03,0.05,3545.74,936.32
100429,2025-02-25,CUST0003,Customer_3,North,P471,Desk Lamp,Furniture,9,310.49,0.2,2235.53,594.12
100430,2025-11-04,CUST0005,Customer_5,North,P928,Wireless Mouse,Electronics,8,299.45,0.1,2156.04,515.48
100431,2025-11-29,CUST0056,Customer_56,West,P915,Cap,Apparel,1,316.36,0.05,300.54,108.39
100432,2025-10-29,CUST0074,Customer_74,North,P381,Laptop Stand,Electronics,3,120.5,0.2,289.2,69.36
100433,2025-07-29,CUST0033,Customer_33,North,P826,Office Chair,Furniture,12,336.69,0,4040.28,1234.32
100434,2025-04-16,CUST0041,Customer_41,East,P915,Cap,Apparel,2,76.41,0.15,129.9,23.48
100435,2025-07-07,CUST0079,Customer_79,South,P361,Whiteboard,Stationery,4,190.65,0.2,610.08,84.35
100436,2025-05-10,CUST0040,Customer_40,South,P361,Whiteboard,Stationery,12,69.03,0.2,662.69,70.56
100437,2025-03-24,CUST0013,Customer_13,North,P471,Desk Lamp,Furniture,7,355.45,0.2,1990.52,279.56
100438,2025-01-03,CUST0012,Customer_12,East,P566,Filing Cabinet,Furniture,10,200.44,0,2004.4,770.14
100439,2025-07-16,CUST0052,Customer_52,West,P139,Marker Pack,Stationery,1,426.01,0.2,340.81,87.84
100440,2025-12-03,CUST0067,Customer_67,South,P865,Pen Set,Stationery,1,354.51,0.1,319.06,78.36
100441,2025-07-04,CUST0031,Customer_31,West,P283,USB-C Hub,Electronics,2,448.59,0.2,717.74,134.7
100442,2025-01-08,CUST0009,Customer_9,East,P361,Webcam,Electronics,5,328.95,0.1,1480.28,199.43
100443,2025-04-26,CUST0078,Customer_78,Central,P566,Filing Cabinet,Furniture,7,262.11,0,1834.77,745.36
100444,2025-05-31,CUST0044,Customer_44,East,P361,Webcam,Electronics,5,395.24,0.2,1580.96,102.08
100445,2025-10-16,CUST0062,Customer_62,West,P497,Bookshelf,Furniture,8,309.26,0.1,2226.67,332.75
100446,2025-11-21,CUST0029,Customer_29,East,P497,Bookshelf,Furniture,7,430.31,0.1,2710.95,650.89
100447,2025-12-11,CUST0044,Customer_44,Central,P361,Webcam,Electronics,3,218.64,0,655.92,259.32
100448,2025-12-16,CUST0025,Customer_25,South,P620,Hoodie,Apparel,4,333.06,0.2,1065.79,244.66
100449,2025-11-13,CUST0046,Customer_46,West,P826,Office Chair,Furniture,2,414.72,0.15,705.02,50.64
100450,2025-10-05,CUST0006,Customer_6,West,P915,Cap,Apparel,10,147.41,0.1,1326.69,195.77
100451,2025-09-19,CUST0036,Customer_36,West,P620,Hoodie,Apparel,10,64.68,0.1,582.12,97.14
100452,2025-06-27,CUST0051,Customer_51,north,P566,Filing Cabinet,Furniture,2,316.62,0.05,601.58,203.33
100453,2025-10-25,CUST0013,Customer_13,South,P597,Sticky Notes,Stationery,10,388.93,0,3889.3,1216.8
100454,2025-06-25,CUST0047,Customer_47,East,P566,Filing Cabinet,Furniture,7,101.06,0.15,601.31,79.2
100455,2025-04-03,CUST0074,Customer_74,South,P471,Desk Lamp,Furniture,11,109.03,0,1199.33,323.57
100456,2025-04-11,CUST0019,Customer_19,Central,P566,Filing Cabinet,Furniture,1,86.06,0.05,81.76,31.53
100457,2025-09-07,CUST0039,Customer_39,North,P139,Marker Pack,Stationery,10,29.09,0,290.9,80.69
100458,2025-11-19,CUST0013,Customer_13,East,P915,Cap,Apparel,5,167.55,0.1,753.98,176.46
100459,2025-06-29,CUST0078,Customer_78,East,P471,Desk Lamp,Furniture,10,295.24,0.1,2657.16,904.51
100460,2025-09-07,CUST0058,Customer_58,South,P381,Laptop Stand,Electronics,10,134.64,0.15,1144.44,81.93
100461,2025-08-04,CUST0079,Customer_79,East,P884,T-Shirt,Apparel,2,79.6,0,159.2,59.16
100462,2025-07-22,CUST0035,Customer_35,South,P915,Cap,Apparel,12,267.42,0.05,3048.59,951.49
100463,2025-05-01,CUST0033,Customer_33,West,P283,USB-C Hub,Electronics,3,183.49,0,550.47,238.93
100464,2025-07-23,CUST0068,Customer_68,West,P928,Wireless Mouse,Electronics,5,281.2,0,1406.0,402.53
100465,2025-05-26,CUST0057,Customer_57,East,P519,Standing Desk,Furniture,9,378.62,0,3407.58,1503.46
100466,2025-09-01,CUST0060,Customer_60,Central,P139,Marker Pack,Stationery,8,67.72,0.15,460.5,89.49
100467,2025-11-22,CUST0073,Customer_73,West,P858,Socks Pack,Apparel,11,290.67,0,3197.37,712.28
100468,2025-08-15,CUST0040,Customer_40,South,P361,Whiteboard,Stationery,5,76.83,0,384.15,172.86
100469,2025-01-05,CUST0063,Customer_63,South,P915,Cap,Apparel,1,346.51,0.2,277.21,61.25
100470,2025-04-07,CUST0053,Customer_53,West,P272,Jacket,Apparel,4,80.17,0.15,272.58,44.42
100471,2025-11-17,CUST0031,Customer_31,South,P597,Sticky Notes,Stationery,11,336.37,0.2,2960.06,676.36
100472,2025-05-29,CUST0015,Customer_15,east,P858,Socks Pack,Apparel,8,128.28,0.1,923.62,232.96
100473,2025-10-01,CUST0003,Customer_3,North,P826,Office Chair,Furniture,5,126.98,0.15,539.66,120.88
100474,2025-09-10,CUST0028,Customer_28,West,P361,Whiteboard,Stationery,5,355.29,0.05,1687.63,267.37
100475,2025-02-11,CUST0019,Customer_19,East,P932,Bluetooth Speaker,Electronics,7,39.55,0.05,263.01,98.17
100476,2025-03-04,CUST0032,Customer_32,North,P272,Jacket,Apparel,4,334.03,0,1336.12,534.72
100477,2025-08-31,CUST0050,Customer_50,Central,P597,Sticky Notes,Stationery,3,286.09,0,858.27,226.43
100478,2025-11-23,CUST0039,Customer_39,South,P497,Bookshelf,Furniture,1,389.74,0,389.74,80.55
100479,2025-03-27,CUST0036,Customer_36,West,P381,Laptop Stand,Electronics,4,11.95,0,47.8,14.57
100480,2025-02-15,CUST0032,Customer_32,North,P566,Filing Cabinet,Furniture,2,311.19,0,622.38,135.24
100481,2025-12-26,CUST0069,Customer_69,East,P283,USB-C Hub,Electronics,8,110.84,0.1,798.05,135.55
100482,2025-04-09,CUST0003,Customer_3,West,P915,Cap,Apparel,12,67.55,0,810.6,266.42
100483,2025-09-08,CUST0025,Customer_25,Central,P471,Desk Lamp,Furniture,6,151.07,0.05,861.1,300.18
100484,2025-02-05,CUST0068,Customer_68,North,P566,Filing Cabinet,Furniture,5,370.18,0.1,1665.81,477.94
100485,2025-04-05,CUST0003,Customer_3,Central,P139,Marker Pack,Stationery,4,149.75,0,599.0,170.97
100486,2025-12-16,CUST0064,Customer_64,North,P471,Desk Lamp,Furniture,5,150.59,0.15,640.01,165.27
100487,2025-03-08,CUST0023,Customer_23,West,P283,USB-C Hub,Electronics,2,222.53,0,445.06,196.74
100488,2025-12-26,CUST0076,Customer_76,South,P033,Notebook Pack,Stationery,6,105.56,0.15,538.36,178.79
100489,2025-02-10,CUST0060,Customer_60,North,P932,Bluetooth Speaker,Electronics,9,336.62,0.05,2878.1,589.23
100490,2025-01-21,CUST0010,Customer_10,South,P033,Notebook Pack,Stationery,4,432.58,0,1730.32,734.86
100491,2025-09-27,CUST0032,Customer_32,Central,P471,Desk Lamp,Furniture,12,254.7,0.15,2597.94,836.3
100492,2025-12-07,CUST0055,Customer_55,South,P283,USB-C Hub,Electronics,3,251.08,0.1,677.92,200.08
100493,2025-06-30,CUST0041,Customer_41,East,P597,Sticky Notes,Stationery,7,345.77,0.05,2299.37,468.25
100494,2025-04-20,CUST0049,Customer_49,North,P597,Sticky Notes,Stationery,8,205.79,0.05,1564.0,658.44
100495,2025-09-23,CUST0018,Customer_18,North,P033,Notebook Pack,Stationery,5,443.1,0,2215.5,523.01
100496,2025-05-22,CUST0071,Customer_71,East,P826,Office Chair,Furniture,1,211.48,0,211.48,87.85
100497,2025-05-12,CUST0039,Customer_39,East,P361,Webcam,Electronics,7,259.53,0,1816.71,484.03
100498,2025-12-20,CUST0074,Customer_74,West,P361,Webcam,Electronics,11,140.77,0.15,1316.2,151.62
100499,2025-06-21,CUST0045,Customer_45,Central,P272,Jacket,Apparel,2,392.45,0,784.9,206.49
100500,2025-11-20,CUST0049,Customer_49,East,P932,Bluetooth Speaker,Electronics,9,26.2,0.1,212.22,49.23
100501,2025-01-26,CUST0051,Customer_51,West,P858,Socks Pack,Apparel,10,231.09,0,2310.9,790.36
100502,2025-09-01,CUST0074,Customer_74,South,P361,Webcam,Electronics,7,124.05,0.05,824.93,238.4
100503,2025-04-12,CUST0063,Customer_63,South,P858,Socks Pack,Apparel,4,256.04,0.15,870.54,173.02
100504,2025-06-15,CUST0074,Customer_74,East,P928,Wireless Mouse,Electronics,11,190.8,0,2098.8,761.7
100505,2025-06-06,CUST0022,Customer_22,South,P139,Marker Pack,Stationery,8,283.45,0.05,2154.22,881.6
100506,2025-02-13,CUST0015,Customer_15,east,P283,USB-C Hub,Electronics,10,417.61,0.2,3340.88,174.93
100507,2025-02-26,CUST0040,Customer_40,South,P272,Jacket,Apparel,1,154.69,0.15,131.49,25.6
100508,2025-10-08,CUST0062,Customer_62,East,P826,Office Chair,Furniture,7,265.69,0.15,1580.86,313.01
100509,2025-12-23,CUST0080,Customer_80,East,P033,Notebook Pack,Stationery,8,297.4,0,2379.2,1031.03
100510,2025-07-04,CUST0014,Customer_14,North,P932,Bluetooth Speaker,Electronics,11,178.84,0.05,1868.88,536.79
100511,2025-11-02,CUST0069,Customer_69,North,P283,USB-C Hub,Electronics,4,229.29,0.05,871.3,238.3
100512,2025-06-06,CUST0043,Customer_43,East,P272,Jacket,Apparel,12,77.4,0,928.8,259.06
100513,2025-09-14,CUST0036,Customer_36,Central,P932,Bluetooth Speaker,Electronics,7,401.56,0.2,2248.74,6.78
100514,2025-06-24,CUST0051,Customer_51,South,P826,Office Chair,Furniture,12,176.94,0.15,1804.79,311.89
100515,2025-08-07,CUST0040,Customer_40,Central,P361,Whiteboard,Stationery,9,66.24,0.15,506.74,158.2
100516,2025-03-12,CUST0040,Customer_40,East,P566,Filing Cabinet,Furniture,3,298.05,0.1,804.74,107.95
100517,2025-03-02,CUST0024,Customer_24,West,P865,Pen Set,Stationery,12,21.03,0,252.36,58.03
100518,2025-11-23,CUST0036,Customer_36,Central,P519,Standing Desk,Furniture,2,66.14,0,132.28,34.31
100519,2025-11-10,CUST0030,Customer_30,West,P519,Standing Desk,Furniture,11,19.53,0,214.83,59.72
100520,2025-08-29,CUST0048,Customer_48,North,P566,Filing Cabinet,Furniture,8,217.44,0,1739.52,698.74
100521,2025-05-19,CUST0053,Customer_53,West,P519,Standing Desk,Furniture,4,37.23,0.05,141.47,27.28
100522,2025-05-07,CUST0055,Customer_55,West,P884,T-Shirt,Apparel,10,333.02,0.05,3163.69,732.48
100523,2025-11-01,CUST0069,Customer_69,South,P361,Webcam,Electronics,2,207.61,0.2,332.18,12.69
100524,2025-01-21,CUST0072,Customer_72,West,P858,Socks Pack,Apparel,11,433.47,0,4768.17,1798.58
100525,2025-05-27,CUST0060,Customer_60,South,P566,Filing Cabinet,Furniture,5,279.01,0,1395.05,387.14
100526,2025-02-16,CUST0065,Customer_65,West,P283,USB-C Hub,Electronics,10,422.53,0.15,3591.5,690.4
100527,2025-04-02,CUST0059,Customer_59,South,P566,Filing Cabinet,Furniture,2,118.54,0.15,201.52,32.68
100528,2025-02-28,CUST0058,Customer_58,Central,P033,Notebook Pack,Stationery,9,320.62,0.15,2452.74,295.0
100529,2025-10-09,CUST0049,Customer_49,South,P283,USB-C Hub,Electronics,6,257.95,0.15,1315.54,130.52
100530,2025-12-31,CUST0007,Customer_7,South,P915,Cap,Apparel,5,330.73,0.05,1570.97,542.08
100531,2025-04-14,CUST0001,Customer_1,North,P033,Notebook Pack,Stationery,8,227.95,0.05,1732.42,481.66
100532,2025-04-22,CUST0076,Customer_76,South,P272,Jacket,Apparel,7,203.31,0.1,1280.85,284.59
100533,2025-11-18,CUST0072,Customer_72,South,P826,Office Chair,Furniture,3,73.53,0.15,187.5,46.93
100534,2025-11-05,CUST0039,Customer_39,East,P033,Notebook Pack,Stationery,1,56.13,0,56.13,22.99
100535,2025-11-01,CUST0074,Customer_74,East,P566,Filing Cabinet,Furniture,12,263.9,0,3166.8,1351.33
100536,2025-02-04,CUST0055,Customer_55,East,P932,Bluetooth Speaker,Electronics,8,67.47,0.15,458.8,45.96
100537,2025-12-23,CUST0027,Customer_27,North,P928,Wireless Mouse,Electronics,10,330.54,0.15,2809.59,554.52
100538,2025-12-28,CUST0037,Customer_37,East,P858,Socks Pack,Apparel,6,122.77,0.1,662.96,74.58
100539,2025-09-12,CUST0067,Customer_67,south,P272,Jacket,Apparel,3,398.58,0,1195.74,326.26
100540,2025-11-17,CUST0016,Customer_16,south,P471,Desk Lamp,Furniture,7,191.01,0,1337.07,484.8
100541,2025-05-25,CUST0033,Customer_33,North,P932,Bluetooth Speaker,Electronics,5,231.96,0,1159.8,299.51
100542,2025-10-19,CUST0079,Customer_79,West,P283,USB-C Hub,Electronics,4,154.09,0,616.36,135.25
100543,2025-11-27,CUST0018,Customer_18,East,P620,Hoodie,Apparel,11,211.59,0.2,1861.99,269.42
100544,2025-01-29,CUST0067,Customer_67,South,P139,Marker Pack,Stationery,12,307.76,0.1,3323.81,797.82
100545,2025-07-01,CUST0009,Customer_9,South,P497,Bookshelf,Furniture,1,157.91,0.05,150.01,38.43
100546,2025-11-01,CUST0015,Customer_15,South,P597,Sticky Notes,Stationery,12,21.98,0.05,250.57,99.78
100547,2025-06-04,CUST0028,Customer_28,North,P865,Pen Set,Stationery,2,173.4,0,346.8,88.63
100548,2025-09-05,CUST0065,Customer_65,East,P519,Standing Desk,Furniture,6,416.25,0.15,2122.88,203.63
100549,2025-02-20,CUST0067,Customer_67,Central,P519,Standing Desk,Furniture,12,24.16,0.05,275.42,64.24
100550,2025-01-23,CUST0077,Customer_77,East,P932,Bluetooth Speaker,Electronics,8,401.02,0,3208.16,1026.15
100551,2025-11-24,CUST0027,Customer_27,West,P865,Pen Set,Stationery,4,134.66,0.1,484.78,145.55
100552,2025-03-22,CUST0036,Customer_36,East,P928,Wireless Mouse,Electronics,10,255.35,0,2553.5,1017.2
100553,2025-12-27,CUST0037,Customer_37,North,P519,Standing Desk,Furniture,2,145.63,0,291.26,91.7
100554,2025-12-12,CUST0007,Customer_7,Central,P381,Laptop Stand,Electronics,1,46.06,0.05,43.76,16.37
100555,2025-12-20,CUST0058,Customer_58,Central,P597,Sticky Notes,Stationery,6,369.31,0.15,1883.48,244.63
100556,2025-08-27,CUST0073,Customer_73,West,P826,Office Chair,Furniture,12,214.98,0.05,2450.77,831.72
100557,2025-03-15,CUST0079,Customer_79,East,P597,Sticky Notes,Stationery,7,89.04,0.15,529.79,135.51
100558,2025-09-01,CUST0015,Customer_15,Central,P361,Whiteboard,Stationery,8,381.83,0,3054.64,788.14
100559,2025-07-27,CUST0014,Customer_14,West,P139,Marker Pack,Stationery,11,39.35,0,432.85,137.13
100560,2025-05-05,CUST0071,Customer_71,Central,P566,Filing Cabinet,Furniture,7,37.2,0,260.4,64.19
100561,2025-10-18,CUST0044,Customer_44,Central,P519,Standing Desk,Furniture,11,303.97,0.15,2842.12,224.98
100562,2025-11-02,CUST0060,Customer_60,West,P139,Marker Pack,Stationery,2,371.33,0,742.66,277.01
100563,2025-11-02,CUST0049,Customer_49,South,P361,Whiteboard,Stationery,11,299.79,0,3297.69,1304.56
100564,2025-11-22,CUST0001,Customer_1,West,P519,Standing Desk,Furniture,8,242.82,0.05,1845.43,478.08
100565,2025-06-12,CUST0039,Customer_39,central,P361,Whiteboard,Stationery,12,442.3,0,5307.6,1074.41
100566,2025-07-26,CUST0017,Customer_17,Central,P033,Notebook Pack,Stationery,6,406.28,0,2437.68,1096.44
100567,2025-05-25,CUST0004,Customer_4,West,P566,Filing Cabinet,Furniture,12,268.85,0.15,2742.27,711.27
100568,2025-04-19,CUST0023,Customer_23,West,P620,Hoodie,Apparel,4,253.5,0.2,811.2,19.14
100569,2025-12-10,CUST0017,Customer_17,West,P826,Office Chair,Furniture,2,294.59,0,589.18,158.88
100570,2025-03-11,CUST0011,Customer_11,West,P566,Filing Cabinet,Furniture,8,402.96,0.15,2740.13,479.98
100571,2025-08-06,CUST0071,Customer_71,Central,P272,Jacket,Apparel,6,107.78,0.05,614.35,160.93
100572,2025-12-31,CUST0065,Customer_65,Central,P361,Whiteboard,Stationery,9,262.75,0,2364.75,485.82
100573,2025-10-25,CUST0062,Customer_62,East,P283,USB-C Hub,Electronics,12,331.23,0.2,3179.81,16.23
100574,2025-11-09,CUST0012,Customer_12,Central,P566,Filing Cabinet,Furniture,11,335.83,0.15,3140.01,1036.13
100575,2025-01-28,CUST0044,Customer_44,East,P381,Laptop Stand,Electronics,8,234.6,0.05,1782.96,481.42
100576,2025-05-31,CUST0038,Customer_38,Central,P826,Office Chair,Furniture,12,415.91,0.15,4242.28,1117.88
100577,2025-10-24,CUST0022,Customer_22,South,P932,Bluetooth Speaker,Electronics,12,283.95,0,3407.4,1120.39
100578,2025-05-23,CUST0033,Customer_33,North,P471,Desk Lamp,Furniture,5,129.65,0,648.25,289.41
100579,2025-03-19,CUST0058,Customer_58,Central,P865,Pen Set,Stationery,5,353.88,0,1769.4,581.73
100580,2025-02-13,CUST0019,Customer_19,South,P566,Filing Cabinet,Furniture,7,348.5,0,2439.5,694.85
100581,2025-06-26,CUST0007,Customer_7,West,P033,Notebook Pack,Stationery,1,82.08,0.05,77.98,23.06
100582,2025-09-30,CUST0030,Customer_30,North,P272,Jacket,Apparel,8,124.08,0.1,893.38,131.46
100583,2025-07-15,CUST0041,Customer_41,East,P928,Wireless Mouse,Electronics,9,289.74,0.2,2086.13,370.43
100584,2025-02-20,CUST0033,Customer_33,South,P272,Jacket,Apparel,11,339.1,0.15,3170.59,492.48
100585,2025-04-03,CUST0041,Customer_41,West,P928,Wireless Mouse,Electronics,2,13.29,0,26.58,8.47
100586,2025-05-09,CUST0025,Customer_25,South,P928,Wireless Mouse,Electronics,10,48.64,0.1,437.76,90.4
100587,2025-12-29,CUST0016,Customer_16,Central,P361,Webcam,Electronics,3,174.17,0.2,418.01,13.08
100588,2025-02-26,CUST0024,Customer_24,East,P597,Sticky Notes,Stationery,8,299.93,0,2399.44,696.57
100589,2025-12-08,CUST0042,Customer_42,East,P865,Pen Set,Stationery,2,130.56,0,261.12,92.51
100590,2025-05-16,CUST0023,Customer_23,South,P884,T-Shirt,Apparel,8,440.9,0,3527.2,1049.08
100591,2025-10-04,CUST0056,Customer_56,North,P471,Desk Lamp,Furniture,11,54.96,0.05,574.33,133.7
100592,2025-05-09,CUST0058,Customer_58,West,P381,Laptop Stand,Electronics,3,296.57,0,889.71,192.87
100593,2025-07-20,CUST0074,Customer_74,West,P361,Webcam,Electronics,12,423.44,0.05,4827.22,1425.13
100594,2025-02-05,CUST0070,Customer_70,North,P826,Office Chair,Furniture,7,429.74,0.2,2406.54,165.57
100595,2025-07-03,CUST0043,Customer_43,Central,P361,Whiteboard,Stationery,1,287.46,0.15,244.34,79.72
100596,2025-08-24,CUST0038,Customer_38,East,P519,Standing Desk,Furniture,9,25.38,0.05,217.0,53.64
100597,2025-11-19,CUST0046,Customer_46,South,P884,T-Shirt,Apparel,11,201.59,0,2217.49,920.29
100598,2025-05-03,CUST0063,Customer_63,West,P884,T-Shirt,Apparel,9,292.39,0.05,2499.93,701.33
100599,2025-06-23,CUST0008,Customer_8,Central,P033,Notebook Pack,Stationery,7,60.24,0.2,337.34,36.49
100600,2025-10-02,CUST0020,Customer_20,West,P826,Office Chair,Furniture,1,333.07,0.05,316.42,78.79
100601,2025-05-05,CUST0017,Customer_17,North,P283,USB-C Hub,Electronics,11,30.08,0,330.88,81.0
100602,2025-10-30,CUST0009,Customer_9,South,P928,Wireless Mouse,Electronics,8,270.98,0.1,1951.06,639.21
100603,2025-12-14,CUST0052,Customer_52,South,P033,Notebook Pack,Stationery,11,262.58,0,2888.38,1067.55
100604,2025-06-21,CUST0009,Customer_9,Central,P932,Bluetooth Speaker,Electronics,3,342.84,0,1028.52,283.8
100605,2025-10-25,CUST0006,Customer_6,West,P826,Office Chair,Furniture,11,-278.7,0.2,2452.56,645.52
100606,2025-02-15,CUST0076,Customer_76,South,P361,Whiteboard,Stationery,12,364.88,0.2,3502.85,573.58
100607,2025-09-25,CUST0058,Customer_58,West,P620,Hoodie,Apparel,3,277.86,0,833.58,250.85
100608,2025-06-04,CUST0045,Customer_45,North,P884,T-Shirt,Apparel,9,112.15,0,1009.35,205.25
100609,2025-10-04,CUST0065,Customer_65,North,P566,Filing Cabinet,Furniture,11,299.42,0,3293.62,1438.43
100610,2025-08-31,CUST0064,Customer_64,East,P519,Standing Desk,Furniture,11,415.82,0,4574.02,1320.91
100611,2025-11-12,CUST0059,Customer_59,North,P928,Wireless Mouse,Electronics,12,31.19,0.1,336.85,114.54
100612,2025-05-01,CUST0057,Customer_57,North,P361,Whiteboard,Stationery,4,338.21,0,1352.84,530.97
100613,2025-07-31,CUST0026,Customer_26,West,P620,Hoodie,Apparel,2,216.18,0.05,410.74,167.07
100614,2025-08-21,CUST0023,Customer_23,East,P915,Cap,Apparel,3,210.32,0,630.96,184.24
100615,2025-12-21,CUST0073,Customer_73,South,P932,Bluetooth Speaker,Electronics,3,57.11,0.05,162.76,48.89
100616,2025-06-01,CUST0078,Customer_78,North,P471,Desk Lamp,Furniture,3,263.53,0.1,711.53,107.72
100617,2025-04-21,CUST0076,Customer_76,South,P272,Jacket,Apparel,5,14.41,0.05,68.45,15.56
100618,2025-04-24,CUST0076,Customer_76,West,P471,Desk Lamp,Furniture,1,192.66,0,192.66,84.77
100619,2025-08-06,CUST0068,Customer_68,North,P272,Jacket,Apparel,12,371.01,0.05,4229.51,1229.58
100620,2025-07-28,CUST0028,Customer_28,East,P497,Bookshelf,Furniture,5,113.67,0,568.35,253.49
100621,2025-10-20,CUST0075,Customer_75,South,P381,Laptop Stand,Electronics,8,349.15,0.2,2234.56,207.3
100622,2025-08-26,CUST0001,Customer_1,East,P381,Laptop Stand,Electronics,12,155.14,0,1861.68,699.72
100623,2025-10-22,CUST0027,Customer_27,East,P361,Webcam,Electronics,6,333.21,0,1999.26,642.39
100624,2025-07-07,CUST0060,Customer_60,Central,P932,Bluetooth Speaker,Electronics,6,85.47,0.1,461.54,89.12
100625,2025-06-21,CUST0031,Customer_31,South,P381,Laptop Stand,Electronics,12,423.1,0.1,4569.48,671.29
100626,2025-06-14,CUST0046,Customer_46,East,P139,Marker Pack,Stationery,11,194.93,0,2144.23,930.93
100627,2025-03-04,CUST0061,Customer_61,North,P361,Whiteboard,Stationery,10,170.72,0.15,1451.12,108.68
100628,2025-02-14,CUST0011,Customer_11,East,P620,Hoodie,Apparel,5,431.55,0,2157.75,911.99
100629,2025-03-19,CUST0027,Customer_27,West,P932,Bluetooth Speaker,Electronics,7,436.55,0.1,2750.26,357.74
100630,2025-11-27,CUST0003,Customer_3,Central,P865,Pen Set,Stationery,2,17.74,0.2,28.38,6.81
100631,2025-06-25,CUST0042,Customer_42,West,P858,Socks Pack,Apparel,11,316.01,0.2,2780.89,392.4
100632,2025-06-06,CUST0022,Customer_22,North,P865,Pen Set,Stationery,8,172.38,0,1379.04,355.19
100633,2025-03-27,CUST0080,Customer_80,South,P471,Desk Lamp,Furniture,5,88.57,0,442.85,106.36
100634,2025-06-12,CUST0074,Customer_74,North,P566,Filing Cabinet,Furniture,5,171.4,0,857.0,265.14
100635,2025-03-17,CUST0048,Customer_48,West,P858,Socks Pack,Apparel,3,243.87,0,731.61,160.87
100636,2025-08-23,CUST0041,Customer_41,East,P826,Office Chair,Furniture,12,249.4,0.1,2693.52,799.62
100637,2025-10-21,CUST0019,Customer_19,South,P915,Cap,Apparel,12,57.64,0.05,657.1,121.02
100638,2025-01-13,CUST0052,Customer_52,South,P566,Filing Cabinet,Furniture,6,48.88,0,293.28,87.39
100639,2025-05-23,CUST0026,Customer_26,North,P928,Wireless Mouse,Electronics,9,383.46,0.15,2933.47,455.93
100640,2025-09-09,CUST0041,Customer_41,West,P932,Bluetooth Speaker,Electronics,7,73.39,0.2,410.98,73.51
100641,2025-06-29,CUST0040,Customer_40,West,P858,Socks Pack,Apparel,2,103.34,0.05,196.35,44.36
100642,2025-08-06,CUST0054,Customer_54,Central,P471,Desk Lamp,Furniture,10,46.05,0,460.5,172.32
100643,2025-10-30,CUST0049,Customer_49,Central,P928,Wireless Mouse,Electronics,7,290.35,0,2032.45,703.98
100644,2025-03-12,CUST0026,Customer_26,East,P566,Filing Cabinet,Furniture,5,252.81,0,1264.05,308.81
100645,2025-10-14,CUST0060,Customer_60,West,P826,Office Chair,Furniture,1,76.08,0,76.08,16.05
100646,2025-05-28,CUST0054,Customer_54,East,P566,Filing Cabinet,Furniture,12,293.0,0,3516.0,1477.29
100647,2025-11-03,CUST0047,Customer_47,North,P858,Socks Pack,Apparel,7,391.81,0.15,2331.27,352.49
100648,2025-01-09,CUST0034,Customer_34,South,P471,Desk Lamp,Furniture,1,72.59,0.05,68.96,13.1
100649,2025-07-04,CUST0054,Customer_54,Central,P033,Notebook Pack,Stationery,5,136.92,0.15,581.91,45.13
100650,2025-02-18,CUST0077,Customer_77,East,P471,Desk Lamp,Furniture,6,393.62,0.2,1889.38,91.52
100651,2025-07-05,CUST0013,Customer_13,West,P865,Pen Set,Stationery,1,68.53,0,68.53,24.45
100652,2025-03-25,CUST0014,Customer_14,Central,P519,Standing Desk,Furniture,9,105.73,0,951.57,239.06
100653,2025-09-27,CUST0069,Customer_69,North,P381,Laptop Stand,Electronics,8,412.89,0,3303.12,810.22
100654,2025-07-05,CUST0018,Customer_18,East,P858,Socks Pack,Apparel,9,345.51,0,3109.59,1265.44
100655,2025-04-24,CUST0017,Customer_17,West,P519,Standing Desk,Furniture,5,63.4,0,317.0,64.9
100656,2025-02-09,CUST0003,Customer_3,Central,P272,Jacket,Apparel,1,94.79,0,94.79,23.86
100657,2025-05-10,CUST0006,Customer_6,Central,P932,Bluetooth Speaker,Electronics,11,12.54,0,137.94,35.09
100658,2025-04-05,CUST0045,Customer_45,East,P928,Wireless Mouse,Electronics,3,381.87,0,1145.61,243.79
100659,2025-11-10,CUST0031,Customer_31,South,P928,Wireless Mouse,Electronics,10,345.35,0.1,3108.15,1021.37
100660,2025-10-03,CUST0001,Customer_1,Central,P283,USB-C Hub,Electronics,9,384.27,0.05,3285.51,1066.53
100661,2025-02-24,CUST0024,Customer_24,East,P361,Whiteboard,Stationery,7,102.71,0,718.97,250.28
100662,2025-03-11,CUST0064,Customer_64,North,P597,Sticky Notes,Stationery,9,327.18,0,2944.62,1083.54
100663,2025-06-09,CUST0057,Customer_57,North,P471,Desk Lamp,Furniture,7,136.44,0.2,764.06,136.58
100664,2025-12-14,CUST0048,Customer_48,Central,P826,Office Chair,Furniture,11,225.31,0,2478.41,869.69
100665,2025-03-15,CUST0051,Customer_51,South,P858,Socks Pack,Apparel,2,335.71,0,671.42,291.28
100666,2025-07-26,CUST0016,Customer_16,Central,P566,Filing Cabinet,Furniture,12,228.61,0.2,2194.66,196.5
100667,2025-11-26,CUST0052,Customer_52,Central,P361,Whiteboard,Stationery,11,274.6,0.05,2869.57,462.51
100668,2025-02-25,CUST0016,Customer_16,North,P361,Whiteboard,Stationery,8,110.02,0,880.16,389.53
100669,2025-01-14,CUST0023,Customer_23,North,P858,Socks Pack,Apparel,11,152.51,0,1677.61,494.07
100670,2025-09-24,CUST0064,Customer_64,Central,P620,Hoodie,Apparel,5,300.65,0.05,1428.09,411.59
100671,2025-10-07,CUST0003,Customer_3,West,P381,Laptop Stand,Electronics,2,177.56,0,355.12,84.09
100672,2025-10-13,CUST0039,Customer_39,North,P566,Filing Cabinet,Furniture,7,67.44,0.15,401.27,95.71
100673,2025-10-11,CUST0070,Customer_70,East,P272,Jacket,Apparel,9,385.62,0.1,3123.52,1166.34
100674,2025-11-12,CUST0046,Customer_46,East,P597,Sticky Notes,Stationery,1,20.44,0,20.44,8.54
100675,2025-01-14,CUST0044,Customer_44,North,P884,T-Shirt,Apparel,7,160.55,0,1123.85,390.0
100676,2025-11-28,CUST0040,Customer_40,East,P928,Wireless Mouse,Electronics,5,58.6,0,293.0,130.41
100677,2025-08-05,CUST0073,Customer_73,East,P915,Cap,Apparel,1,315.61,0.1,284.05,108.71
100678,2025-10-21,CUST0013,Customer_13,East,P884,T-Shirt,Apparel,12,306.4,0,3676.8,1197.96
100679,2025-08-12,CUST0026,Customer_26,Central,P884,T-Shirt,Apparel,9,102.62,0,923.58,404.64
100680,2025-02-17,CUST0075,Customer_75,West,P361,Webcam,Electronics,6,128.83,0.1,695.68,115.72
100681,2025-02-09,CUST0039,Customer_39,East,P361,Whiteboard,Stationery,11,246.66,0,2713.26,939.93
100682,2025-10-08,CUST0024,Customer_24,West,P361,Webcam,Electronics,3,262.96,0,788.88,224.67
100683,2025-11-11,CUST0056,Customer_56,East,P361,Webcam,Electronics,4,169.01,0,676.04,263.59
100684,2025-02-02,CUST0027,Customer_27,South,P915,Cap,Apparel,5,293.55,0,1467.75,408.45
100685,2025-04-09,CUST0004,Customer_4,North,P497,Bookshelf,Furniture,8,222.54,0.05,1691.3,524.29
100686,2025-01-15,CUST0034,Customer_34,West,P139,Marker Pack,Stationery,3,292.78,0,878.34,183.62
100687,2025-02-12,CUST0041,Customer_41,North,P033,Notebook Pack,Stationery,7,404.37,0.15,2406.0,383.95
100688,2025-03-13,CUST0031,Customer_31,Central,P361,Webcam,Electronics,12,229.11,0,2749.32,878.44
100689,2025-05-09,CUST0064,Customer_64,Central,P283,USB-C Hub,Electronics,10,62.05,0.2,496.4,106.51
100690,2025-05-01,CUST0055,Customer_55,East,P519,Standing Desk,Furniture,2,85.42,0,170.84,58.11
100691,2025-10-01,CUST0048,Customer_48,East,P932,Bluetooth Speaker,Electronics,9,195.31,0.15,1494.12,419.08
100692,2025-07-05,CUST0061,Customer_61,North,P597,Sticky Notes,Stationery,1,293.27,0.1,263.94,100.09
100693,2025-05-03,CUST0033,Customer_33,North,P915,Cap,Apparel,11,431.65,0,4748.15,1064.59
100694,2025-08-15,CUST0050,Customer_50,East,P381,Laptop Stand,Electronics,5,140.99,0.2,563.96,42.88
100695,2025-08-13,CUST0041,Customer_41,West,P884,T-Shirt,Apparel,5,390.97,0.2,1563.88,107.78
100696,2025-06-20,CUST0055,Customer_55,Central,P283,USB-C Hub,Electronics,12,123.35,0,1480.2,535.89
100697,2025-06-17,CUST0059,Customer_59,south,P928,Wireless Mouse,Electronics,11,291.58,0.15,2726.27,606.67
100698,2025-06-06,CUST0041,Customer_41,South,P928,Wireless Mouse,Electronics,3,118.32,0.15,301.72,20.44
100699,2025-06-13,CUST0058,Customer_58,East,P620,Hoodie,Apparel,5,84.68,0.1,381.06,60.68
100700,2025-04-04,CUST0051,Customer_51,Central,P858,Socks Pack,Apparel,4,17.16,0,68.64,15.05
100701,2025-08-25,CUST0026,Customer_26,South,P865,Pen Set,Stationery,1,185.26,0.05,176.0,46.3
100702,2025-10-18,CUST0016,Customer_16,West,P361,Webcam,Electronics,7,349.82,0.05,2326.3,473.06
100703,2025-04-08,CUST0035,Customer_35,South,P361,Whiteboard,Stationery,7,65.55,0.2,367.08,91.01
100704,2025-12-13,CUST0025,Customer_25,East,P620,Hoodie,Apparel,7,358.27,0,2507.89,946.61
100705,2025-05-08,CUST0048,Customer_48,West,P884,T-Shirt,Apparel,1,215.25,0.2,172.2,36.42
100706,2025-12-29,CUST0055,Customer_55,South,P033,Notebook Pack,Stationery,2,254.19,0,508.38,186.47
100707,2025-11-07,CUST0077,Customer_77,West,P928,Wireless Mouse,Electronics,5,231.01,0.05,1097.3,374.67
100708,2025-10-14,CUST0006,Customer_6,South,P497,Bookshelf,Furniture,3,230.66,0,691.98,159.52
100709,2025-08-10,CUST0019,Customer_19,East,P033,Notebook Pack,Stationery,6,27.52,0,165.12,53.7
100710,2025-05-25,CUST0034,Customer_34,West,P139,Marker Pack,Stationery,6,200.61,0,1203.66,446.7
100711,2025-12-03,CUST0057,Customer_57,East,P283,USB-C Hub,Electronics,3,32.12,0,96.36,42.5
100712,2025-03-01,CUST0064,Customer_64,West,P381,Laptop Stand,Electronics,6,445.06,0.1,2403.32,610.71
100713,2025-03-17,CUST0016,Customer_16,Central,P033,Notebook Pack,Stationery,4,391.73,0,1566.92,378.04
100714,2025-12-06,CUST0075,Customer_75,North,P471,Desk Lamp,Furniture,1,240.5,0.1,216.45,73.32
100715,2025-02-18,CUST0043,Customer_43,Central,P932,Bluetooth Speaker,Electronics,11,441.75,0,4859.25,1707.82
100716,2025-06-15,CUST0020,Customer_20,East,P928,Wireless Mouse,Electronics,8,-375.17,0.15,2551.16,540.36
100717,2025-01-23,CUST0080,Customer_80,South,P915,Cap,Apparel,12,449.92,0.2,4319.23,581.53
100718,2025-05-25,CUST0042,Customer_42,East,P928,Wireless Mouse,Electronics,9,428.74,0.05,3665.73,1454.19
100719,2025-07-24,CUST0012,Customer_12,South,P283,USB-C Hub,Electronics,3,179.72,0.05,512.2,177.26
100720,2025-08-10,CUST0040,Customer_40,West,P497,Bookshelf,Furniture,11,50.48,0,555.28,178.71
100721,2025-05-18,CUST0073,Customer_73,West,P884,T-Shirt,Apparel,7,366.46,0.1,2308.7,778.32
100722,2025-08-26,CUST0029,Customer_29,West,P566,Filing Cabinet,Furniture,9,286.27,0.1,2318.79,847.67
100723,2025-09-02,CUST0039,Customer_39,West,P519,Standing Desk,Furniture,11,407.08,0.2,3582.3,841.11
100724,2025-02-09,CUST0006,Customer_6,Central,P361,Webcam,Electronics,7,190.55,0.05,1267.16,313.17
100725,2025-10-27,CUST0011,Customer_11,West,P928,Wireless Mouse,Electronics,12,300.42,0,3605.04,913.72
100726,2025-12-27,CUST0039,Customer_39,East,P139,Marker Pack,Stationery,12,209.11,0.15,2132.92,470.53
100727,2025-04-06,CUST0028,Customer_28,North,P826,Office Chair,Furniture,12,442.13,0,5305.56,1231.4
100728,2025-07-22,CUST0015,Customer_15,Central,P283,USB-C Hub,Electronics,11,218.89,0.15,2046.62,478.49
100729,2025-11-12,CUST0047,Customer_47,North,P915,Cap,Apparel,2,63.29,0,126.58,50.92
100730,2025-01-14,CUST0027,Customer_27,Central,P620,Hoodie,Apparel,11,114.87,0.2,1010.86,118.13
100731,2025-08-26,CUST0019,Customer_19,West,P272,Jacket,Apparel,1,59.47,0,59.47,15.78
100732,2025-08-19,CUST0075,Customer_75,east,P519,Standing Desk,Furniture,5,259.69,0.2,1038.76,197.45
100733,2025-08-10,CUST0054,Customer_54,West,P858,Socks Pack,Apparel,10,331.14,0,3311.4,1459.49
100734,2025-11-10,CUST0063,Customer_63,North,P826,Office Chair,Furniture,9,16.41,0.1,132.92,40.03
100735,2025-08-31,CUST0015,Customer_15,South,P858,Socks Pack,Apparel,11,161.27,0.15,1507.87,338.72
100736,2025-06-26,CUST0057,Customer_57,Central,P471,Desk Lamp,Furniture,4,267.75,0.15,910.35,230.49
100737,2025-08-28,CUST0017,Customer_17,East,P361,Whiteboard,Stationery,7,376.22,0.15,2238.51,360.47
100738,2025-03-24,CUST0080,Customer_80,South,P497,Bookshelf,Furniture,12,339.17,0.15,3459.53,729.66
100739,2025-02-21,CUST0054,Customer_54,East,P915,Cap,Apparel,4,100.57,0,402.28,80.53
100740,2025-03-23,CUST0023,Customer_23,Central,P928,Wireless Mouse,Electronics,6,198.33,0.1,1070.98,349.05
100741,2025-06-24,CUST0046,Customer_46,Central,P361,Webcam,Electronics,5,404.17,0.2,1616.68,156.55
100742,2025-01-26,CUST0057,Customer_57,North,P884,T-Shirt,Apparel,2,353.49,0.1,636.28,109.2
100743,2025-02-23,CUST0022,Customer_22,Central,P283,USB-C Hub,Electronics,6,77.41,0,464.46,126.78
100744,2025-03-20,CUST0047,Customer_47,North,P865,Pen Set,Stationery,2,383.08,0.05,727.85,120.74
100745,2025-06-24,CUST0037,Customer_37,South,P826,Office Chair,Furniture,5,172.62,0.2,690.48,126.23
100746,2025-08-04,CUST0030,Customer_30,Central,P566,Filing Cabinet,Furniture,7,413.76,0.05,2751.5,469.32
100747,2025-01-16,CUST0057,Customer_57,East,P826,Office Chair,Furniture,12,364.36,0,4372.32,1874.87
100748,2025-08-11,CUST0008,Customer_8,North,P884,T-Shirt,Apparel,11,415.75,0,4573.25,1026.11
100749,2025-12-05,CUST0067,Customer_67,East,P361,Whiteboard,Stationery,7,399.52,0.15,2377.14,451.93
100750,2025-06-26,CUST0002,Customer_2,South,P139,Marker Pack,Stationery,10,414.84,0.15,3526.14,825.6
100751,2025-11-13,CUST0057,Customer_57,East,P361,Whiteboard,Stationery,4,397.39,0,1589.56,700.61
100752,2025-03-06,CUST0067,Customer_67,South,P865,Pen Set,Stationery,2,234.16,0,468.32,149.71
100753,2025-10-04,CUST0076,Customer_76,North,P865,Pen Set,Stationery,5,329.12,0.1,1481.04,530.52
100754,2025-09-17,CUST0046,Customer_46,North,P928,Wireless Mouse,Electronics,11,424.07,0.05,4431.53,1518.43
100755,2025-10-25,CUST0073,Customer_73,Central,P497,Bookshelf,Furniture,5,133.76,0.2,535.04,30.92
100756,2025-09-24,CUST0032,Customer_32,West,P932,Bluetooth Speaker,Electronics,9,265.41,0.2,1910.95,132.24
100757,2025-07-30,CUST0011,Customer_11,North,P928,Wireless Mouse,Electronics,7,400.72,0.05,2664.79,971.4
100758,2025-10-29,CUST0072,Customer_72,West,P915,Cap,Apparel,10,228.48,0.05,2170.56,344.71
100759,2025-03-25,CUST0019,Customer_19,Central,P566,Filing Cabinet,Furniture,12,210.31,0.15,2145.16,433.33
100760,2025-08-31,CUST0005,Customer_5,West,P471,Desk Lamp,Furniture,6,415.39,0,2492.34,746.7
100761,2025-05-29,CUST0006,Customer_6,West,P826,Office Chair,Furniture,6,142.78,0,856.68,320.56
100762,2025-10-29,CUST0054,Customer_54,North,P932,Bluetooth Speaker,Electronics,5,103.29,0.2,413.16,33.61
100763,2025-01-23,CUST0054,Customer_54,West,P858,Socks Pack,Apparel,5,258.07,0,1290.35,328.6
100764,2025-03-09,CUST0018,Customer_18,North,P272,Jacket,Apparel,11,206.49,0.2,1817.11,154.53
100765,2025-07-29,CUST0050,Customer_50,East,P566,Filing Cabinet,Furniture,6,247.12,0.15,1260.31,114.89
100766,2025-12-29,CUST0004,Customer_4,Central,P139,Marker Pack,Stationery,11,62.71,0.1,620.83,226.75
100767,2025-10-19,CUST0067,Customer_67,Central,P566,Filing Cabinet,Furniture,9,404.41,0,3639.69,1038.9
100768,2025-04-16,CUST0032,Customer_32,West,P884,T-Shirt,Apparel,9,276.23,0.05,2361.77,628.42
100769,2025-08-12,CUST0024,Customer_24,North,P884,T-Shirt,Apparel,9,148.28,0,1334.52,570.17
100770,2025-04-04,CUST0033,Customer_33,Central,P283,USB-C Hub,Electronics,5,428.86,0.15,1822.66,552.6
100771,2025-01-30,CUST0039,Customer_39,North,P884,T-Shirt,Apparel,6,70.97,0,425.82,164.16
100772,2025-11-02,CUST0076,Customer_76,East,P566,Filing Cabinet,Furniture,9,340.56,0.05,2911.79,498.56
100773,2025-07-28,CUST0009,Customer_9,Central,P884,T-Shirt,Apparel,7,288.03,0,2016.21,771.62
100774,2025-10-12,CUST0017,Customer_17,South,P139,Marker Pack,Stationery,7,205.12,0.2,1148.67,130.73
100775,2025-10-04,CUST0022,Customer_22,North,P471,Desk Lamp,Furniture,7,432.92,0.1,2727.4,718.41
100776,2025-11-14,CUST0038,Customer_38,East,P826,Office Chair,Furniture,1,420.61,0.05,399.58,139.51
100777,2025-06-29,CUST0028,Customer_28,North,P033,Notebook Pack,Stationery,3,334.72,0.1,903.74,333.9
100778,2025-03-13,CUST0072,Customer_72,East,P361,Whiteboard,Stationery,4,277.82,0.2,889.02,189.38
100779,2025-12-29,CUST0058,Customer_58,Central,P865,Pen Set,Stationery,11,442.5,0,4867.5,1934.07
100780,2025-03-10,CUST0001,Customer_1,West,P884,T-Shirt,Apparel,1,305.34,0.05,290.07,79.71
100781,2025-11-29,CUST0010,Customer_10,Central,P381,Laptop Stand,Electronics,11,62.55,0.2,550.44,107.27
100782,2025-12-23,CUST0002,Customer_2,North,P381,Laptop Stand,Electronics,6,421.82,0.05,2404.37,1006.44
100783,2025-12-30,CUST0046,Customer_46,South,P826,Office Chair,Furniture,10,284.35,0.2,2274.8,200.6
100784,2025-01-19,CUST0036,Customer_36,North,P858,Socks Pack,Apparel,4,11.15,0.2,35.68,4.03
100785,2025-09-10,CUST0022,Customer_22,Central,P471,Desk Lamp,Furniture,11,309.61,0.1,3065.14,1042.55
100786,2025-05-13,CUST0073,Customer_73,North,P471,Desk Lamp,Furniture,12,353.76,0,4245.12,1010.69
100787,2025-09-30,CUST0079,Customer_79,North,P139,Marker Pack,Stationery,8,8.86,0.05,67.34,17.0
100788,2025-07-28,CUST0036,Customer_36,South,P361,Webcam,Electronics,8,227.04,0.1,1634.69,291.06
100789,2025-09-30,CUST0058,Customer_58,North,P033,Notebook Pack,Stationery,7,94.02,0,658.14,151.36
100790,2025-12-20,CUST0055,Customer_55,North,P283,USB-C Hub,Electronics,4,80.7,0,322.8,140.19
100791,2025-01-13,CUST0076,Customer_76,North,P597,Sticky Notes,Stationery,4,55.67,0,222.68,46.83
100792,2025-05-02,CUST0010,Customer_10,North,P884,T-Shirt,Apparel,11,205.33,0,2258.63,968.09
100793,2025-12-22,CUST0009,Customer_9,North,P826,Office Chair,Furniture,8,32.22,0.1,231.98,49.86
100794,2025-01-27,CUST0038,Customer_38,Central,P272,Jacket,Apparel,2,280.85,0.05,533.62,191.95
100795,2025-08-21,CUST0050,Customer_50,North,P272,Jacket,Apparel,10,281.7,0,2817.0,809.24
100796,2025-04-09,CUST0014,Customer_14,South,P928,Wireless Mouse,Electronics,10,323.28,0.1,2909.52,493.47
100797,2025-09-18,CUST0033,Customer_33,South,P361,Whiteboard,Stationery,8,328.28,0.05,2494.93,928.43
100798,2025-06-09,CUST0075,Customer_75,Central,P858,Socks Pack,Apparel,11,341.43,0,3755.73,1142.06
100799,2025-06-08,CUST0078,Customer_78,South,P597,Sticky Notes,Stationery,6,436.86,0.1,2359.04,533.11
100800,2025-10-14,CUST0007,Customer_7,North,P915,Cap,Apparel,4,439.62,0.15,1494.71,128.15
100801,2025-12-22,CUST0060,Customer_60,East,P139,Marker Pack,Stationery,10,433.67,0.1,3903.03,1192.99
100802,2025-01-22,CUST0064,Customer_64,South,P826,Office Chair,Furniture,11,106.58,0,1172.38,390.83
100803,2025-06-19,CUST0049,Customer_49,North,P566,Filing Cabinet,Furniture,3,373.13,0,1119.39,402.19
100804,2025-03-14,CUST0038,Customer_38,North,P620,Hoodie,Apparel,11,266.87,0.2,2348.46,469.76
100805,2025-04-23,CUST0034,Customer_34,East,P497,Bookshelf,Furniture,9,116.72,0,1050.48,467.07
100806,2025-12-13,CUST0018,Customer_18,East,P884,T-Shirt,Apparel,6,421.76,0,2530.56,850.14
100807,2025-09-27,CUST0080,Customer_80,South,P884,T-Shirt,Apparel,2,71.84,0,143.68,36.1
100808,2025-06-12,CUST0077,Customer_77,Central,P620,Hoodie,Apparel,1,345.28,0.1,310.75,104.52
100809,2025-05-07,CUST0007,Customer_7,North,P865,Pen Set,Stationery,9,436.03,0.05,3728.06,1364.44
100810,2025-11-11,CUST0009,Customer_9,East,P471,Desk Lamp,Furniture,7,340.08,0.15,2023.48,267.14
100811,2025-06-14,CUST0048,Customer_48,Central,P272,Jacket,Apparel,8,126.6,0.05,962.16,243.55
100812,2025-04-14,CUST0058,Customer_58,East,P566,Filing Cabinet,Furniture,4,143.25,0.05,544.35,147.35
100813,2025-02-13,CUST0038,Customer_38,Central,P858,Socks Pack,Apparel,6,109.74,0,658.44,219.71
100814,2025-08-10,CUST0053,Customer_53,South,P361,Whiteboard,Stationery,6,128.67,0,772.02,312.75
100815,2025-02-12,CUST0038,Customer_38,Central,P932,Bluetooth Speaker,Electronics,4,51.5,0,206.0,74.15
100816,2025-06-18,CUST0033,Customer_33,Central,P597,Sticky Notes,Stationery,4,-319.89,0,1279.56,256.42
100817,2025-06-03,CUST0037,Customer_37,West,P361,Whiteboard,Stationery,7,371.26,0.2,2079.06,223.95
100818,2025-03-18,CUST0051,Customer_51,Central,P519,Standing Desk,Furniture,12,339.12,0.05,3865.97,1390.0
100819,2025-08-25,CUST0044,Customer_44,West,P932,Bluetooth Speaker,Electronics,4,197.53,0.15,671.6,154.53
100820,2025-07-11,CUST0018,Customer_18,East,P497,Bookshelf,Furniture,12,12.28,0.2,117.89,12.57
100821,2025-12-18,CUST0052,Customer_52,South,P597,Sticky Notes,Stationery,10,18.27,0.2,146.16,44.2
100822,2025-06-19,CUST0073,Customer_73,South,P272,Jacket,Apparel,4,427.32,0,1709.28,540.78
100823,2025-08-20,CUST0039,Customer_39,Central,P283,USB-C Hub,Electronics,2,306.3,0,612.6,270.76
100824,2025-02-05,CUST0050,Customer_50,North,P865,Pen Set,Stationery,4,136.67,0.1,492.01,181.77
100825,2025-06-17,CUST0053,Customer_53,North,P620,Hoodie,Apparel,2,65.08,0.05,123.65,36.5
100826,2025-04-16,CUST0017,Customer_17,Central,P497,Bookshelf,Furniture,7,369.51,0.15,2198.58,468.95
100827,2025-04-14,CUST0065,Customer_65,West,P915,Cap,Apparel,4,11.29,0,45.16,15.29
100828,2025-06-18,CUST0073,Customer_73,West,P272,Jacket,Apparel,8,262.65,0.15,1786.02,582.5
100829,2025-06-02,CUST0051,Customer_51,West,P566,Filing Cabinet,Furniture,4,87.37,0.1,314.53,58.25
100830,2025-12-24,CUST0073,Customer_73,South,P381,Laptop Stand,Electronics,12,425.99,0,5111.88,1168.65
100831,2025-05-30,CUST0009,Customer_9,East,P566,Filing Cabinet,Furniture,7,446.64,0.1,2813.83,999.51
100832,2025-06-16,CUST0053,Customer_53,North,P620,Hoodie,Apparel,5,99.66,0,498.3,166.66
100833,2025-08-25,CUST0049,Customer_49,South,P361,Whiteboard,Stationery,4,183.33,0,733.32,284.05
100834,2025-09-06,CUST0060,Customer_60,South,P928,Wireless Mouse,Electronics,9,298.4,0.15,2282.76,167.84
100835,2025-03-24,CUST0022,Customer_22,West,P361,Webcam,Electronics,2,86.34,0,172.68,54.62
100836,2025-01-06,CUST0035,Customer_35,Central,P566,Filing Cabinet,Furniture,6,86.65,0.15,441.92,151.5
100837,2025-11-22,CUST0067,Customer_67,North,P381,Laptop Stand,Electronics,12,144.28,0,1731.36,520.18
100838,2025-05-08,CUST0048,Customer_48,East,P519,Standing Desk,Furniture,2,15.09,0,30.18,6.12
100839,2025-02-02,CUST0029,Customer_29,East,P283,USB-C Hub,Electronics,12,81.83,0.05,932.86,266.97
100840,2025-11-16,CUST0027,Customer_27,south,P272,Jacket,Apparel,2,110.72,0,221.44,79.91
100841,2025-01-07,CUST0050,Customer_50,Central,P566,Filing Cabinet,Furniture,4,37.18,0.2,118.98,26.83
100842,2025-04-22,CUST0053,Customer_53,Central,P139,Marker Pack,Stationery,8,442.53,0,3540.24,962.48
100843,2025-11-04,CUST0042,Customer_42,East,P620,Hoodie,Apparel,6,85.5,0.2,410.4,14.88
100844,2025-02-04,CUST0043,Customer_43,South,P361,Webcam,Electronics,10,206.42,0.1,1857.78,391.89
100845,2025-01-07,CUST0030,Customer_30,South,P361,Webcam,Electronics,2,144.51,0.15,245.67,55.75
100846,2025-07-11,CUST0064,Customer_64,Central,P865,Pen Set,Stationery,3,174.08,0.15,443.9,151.72
100847,2025-06-18,CUST0018,Customer_18,West,P597,Sticky Notes,Stationery,11,355.84,0,3914.24,1251.7
100848,2025-01-13,CUST0030,Customer_30,South,P597,Sticky Notes,Stationery,4,98.97,0,395.88,88.42
100849,2025-04-24,CUST0078,Customer_78,West,P858,Socks Pack,Apparel,6,89.13,0.15,454.56,159.62
100850,2025-11-21,CUST0019,Customer_19,South,P519,Standing Desk,Furniture,2,84.76,0.1,152.57,24.11
100851,2025-08-28,CUST0040,Customer_40,East,P519,Standing Desk,Furniture,4,195.42,0.1,703.51,224.93
100852,2025-04-14,CUST0035,Customer_35,West,P884,T-Shirt,Apparel,6,184.02,0,1104.12,366.92
100853,2025-03-21,CUST0062,Customer_62,East,P381,Laptop Stand,Electronics,7,385.49,0.2,2158.74,63.1
100854,2025-03-31,CUST0033,Customer_33,West,P272,Jacket,Apparel,5,208.49,0.05,990.33,270.48
100855,2025-08-29,CUST0026,Customer_26,East,P519,Standing Desk,Furniture,1,13.67,0.1,12.3,2.29
100856,2025-07-22,CUST0048,Customer_48,North,P272,Jacket,Apparel,5,291.34,0.1,1311.03,483.9
100857,2025-10-17,CUST0021,Customer_21,Central,P566,Filing Cabinet,Furniture,5,348.9,0.2,1395.6,121.14
100858,2025-07-08,CUST0008,Customer_8,East,P272,Jacket,Apparel,12,117.08,0.05,1334.71,549.86
100859,2025-12-24,CUST0019,Customer_19,Central,P139,Marker Pack,Stationery,8,425.37,0,3402.96,1315.0
100860,2025-03-24,CUST0002,Customer_2,Central,P928,Wireless Mouse,Electronics,11,322.53,0.05,3370.44,1066.42
100861,2025-04-07,CUST0055,Customer_55,West,P566,Filing Cabinet,Furniture,5,313.79,0.1,1412.06,169.58
100862,2025-02-15,CUST0014,Customer_14,east,P865,Pen Set,Stationery,5,338.94,0.15,1440.49,339.79
100863,2025-09-09,CUST0001,Customer_1,West,P928,Wireless Mouse,Electronics,12,192.69,0.05,2196.67,546.56
100864,2025-12-27,CUST0018,Customer_18,South,P566,Filing Cabinet,Furniture,3,230.16,0,690.48,232.92
100865,2025-04-04,CUST0025,Customer_25,South,P361,Whiteboard,Stationery,8,285.06,0.1,2052.43,735.91
100866,2025-03-05,CUST0036,Customer_36,north,P932,Bluetooth Speaker,Electronics,1,266.86,0.05,253.52,74.38
100867,2025-01-04,CUST0075,Customer_75,Central,P928,Wireless Mouse,Electronics,4,238.87,0,955.48,340.23
100868,2025-09-06,CUST0061,Customer_61,East,P139,Marker Pack,Stationery,7,156.76,0.15,932.72,85.0
100869,2025-12-07,CUST0052,Customer_52,north,P858,Socks Pack,Apparel,1,439.08,0.2,351.26,73.51
100870,2025-07-25,CUST0018,Customer_18,South,P361,Webcam,Electronics,2,392.1,0,784.2,166.43
100871,2025-12-04,CUST0061,Customer_61,East,P620,Hoodie,Apparel,1,443.89,0.2,355.11,75.22
100872,2025-06-16,CUST0057,Customer_57,East,P471,Desk Lamp,Furniture,8,184.87,0.1,1331.06,224.07
100873,2025-09-01,CUST0013,Customer_13,Central,P915,Cap,Apparel,10,94.22,0,942.2,219.09
100874,2025-01-17,CUST0017,Customer_17,West,P884,T-Shirt,Apparel,5,375.9,0.1,1691.55,193.96
100875,2025-03-01,CUST0062,Customer_62,North,P519,Standing Desk,Furniture,4,83.33,0.15,283.32,41.67
100876,2025-03-24,CUST0042,Customer_42,North,P915,Cap,Apparel,4,325.88,0.15,1107.99,235.84
100877,2025-11-21,CUST0063,Customer_63,North,P932,Bluetooth Speaker,Electronics,4,419.85,0.2,1343.52,31.97
100878,2025-07-15,CUST0072,Customer_72,North,P620,Hoodie,Apparel,4,122.52,0,490.08,209.79
100879,2025-04-07,CUST0015,Customer_15,East,P865,Pen Set,Stationery,6,429.7,0.1,2320.38,427.39
100880,2025-07-18,CUST0055,Customer_55,Central,P597,Sticky Notes,Stationery,11,420.79,0,4628.69,1481.47
100881,2025-01-05,CUST0069,Customer_69,West,P915,Cap,Apparel,3,368.74,0,1106.22,266.26
100882,2025-05-26,CUST0019,Customer_19,Central,P361,Webcam,Electronics,6,144.53,0.15,737.1,233.38
100883,2025-09-11,CUST0038,Customer_38,South,P884,T-Shirt,Apparel,6,75.49,0.15,385.0,112.03
100884,2025-04-02,CUST0063,Customer_63,Central,P915,Cap,Apparel,11,411.27,0,4523.97,914.9
100885,2025-08-31,CUST0045,Customer_45,South,P272,Jacket,Apparel,2,241.31,0,482.62,183.11
100886,2025-02-19,CUST0017,Customer_17,South,P139,Marker Pack,Stationery,1,383.62,0.15,326.08,85.93
100887,2025-09-05,CUST0038,Customer_38,North,P519,Standing Desk,Furniture,4,363.53,0,1454.12,387.04
100888,2025-02-22,CUST0019,Customer_19,West,P272,Jacket,Apparel,11,380.01,0,4180.11,1780.68
100889,2025-09-21,CUST0044,Customer_44,South,P620,Hoodie,Apparel,11,327.37,0,3601.07,1589.88
100890,2025-11-02,CUST0023,Customer_23,West,P884,T-Shirt,Apparel,8,390.28,0.15,2653.9,638.42
100891,2025-02-12,CUST0016,Customer_16,West,P858,Socks Pack,Apparel,4,18.18,0.1,65.45,7.5
100892,2025-10-31,CUST0024,Customer_24,North,P272,Jacket,Apparel,11,318.61,0,3504.71,1076.45
100893,2025-10-03,CUST0024,Customer_24,Central,P884,T-Shirt,Apparel,7,253.78,0.1,1598.81,273.8
100894,2025-10-27,CUST0069,Customer_69,south,P283,USB-C Hub,Electronics,11,404.74,0,4452.14,1044.02
100895,2025-06-10,CUST0016,Customer_16,East,P283,USB-C Hub,Electronics,10,99.15,0,991.5,424.41
100896,2025-03-05,CUST0065,Customer_65,East,P597,Sticky Notes,Stationery,9,83.85,0.15,641.45,226.38
100897,2025-05-31,CUST0069,Customer_69,East,P620,Hoodie,Apparel,10,224.78,0,2247.8,717.8
100898,2025-12-19,CUST0013,Customer_13,South,P283,USB-C Hub,Electronics,1,91.13,0,91.13,21.5
100899,2025-04-21,CUST0076,Customer_76,East,P597,Sticky Notes,Stationery,3,330.26,0.05,941.24,377.89
100900,2025-03-25,CUST0052,Customer_52,South,P884,T-Shirt,Apparel,5,307.02,0.15,1304.83,405.55
100901,2025-11-21,CUST0025,Customer_25,West,P139,Marker Pack,Stationery,11,294.31,0.1,2913.67,643.48
100902,2025-08-11,CUST0049,Customer_49,Central,P361,Webcam,Electronics,4,42.27,0,169.08,53.62
100903,2025-02-15,CUST0047,Customer_47,North,P597,Sticky Notes,Stationery,3,392.03,0,1176.09,448.78
100904,2025-07-13,CUST0014,Customer_14,West,P283,USB-C Hub,Electronics,9,329.92,0,2969.28,899.08
100905,2025-10-20,CUST0037,Customer_37,West,P139,Marker Pack,Stationery,2,404.28,0,808.56,299.57
100906,2025-12-14,CUST0069,Customer_69,South,P272,Jacket,Apparel,10,64.39,0,643.9,179.22
100907,2025-10-18,CUST0035,Customer_35,West,P932,Bluetooth Speaker,Electronics,12,351.67,0.15,3587.03,623.82
100908,2025-08-28,CUST0065,Customer_65,South,P597,Sticky Notes,Stationery,7,238.1,0.15,1416.69,132.75
100909,2025-06-06,CUST0053,Customer_53,North,P033,Notebook Pack,Stationery,11,43.13,0.15,403.27,113.86
100910,2025-05-27,CUST0071,Customer_71,West,P884,T-Shirt,Apparel,7,307.25,0.15,1828.14,571.87
100911,2025-09-30,CUST0016,Customer_16,West,P884,T-Shirt,Apparel,10,92.06,0.2,736.48,58.48
100912,2025-05-06,CUST0068,Customer_68,Central,P361,Webcam,Electronics,8,434.37,0.15,2953.72,234.4
100913,2025-07-07,CUST0018,Customer_18,North,P033,Notebook Pack,Stationery,7,227.01,0,1589.07,566.79
100914,2025-10-04,CUST0016,Customer_16,Central,P597,Sticky Notes,Stationery,8,137.75,0,1102.0,495.28
100915,2025-11-26,CUST0066,Customer_66,Central,P381,Laptop Stand,Electronics,10,382.97,0,3829.7,1382.77
100916,2025-02-24,CUST0001,Customer_1,South,P865,Pen Set,Stationery,7,164.7,0,1152.9,394.64
100917,2025-03-20,CUST0053,Customer_53,West,P381,Laptop Stand,Electronics,1,76.79,0.15,65.27,18.23
100918,2025-08-08,CUST0024,Customer_24,East,P033,Notebook Pack,Stationery,8,-298.08,0.05,2265.41,857.38
100919,2025-12-30,CUST0026,Customer_26,East,P283,USB-C Hub,Electronics,5,25.79,0.05,122.5,38.0
100920,2025-04-12,CUST0062,Customer_62,South,P033,Notebook Pack,Stationery,7,224.17,0.05,1490.73,313.91
100921,2025-07-24,CUST0065,Customer_65,South,P620,Hoodie,Apparel,2,431.29,0.2,690.06,211.08
100922,2025-12-17,CUST0031,Customer_31,West,P932,Bluetooth Speaker,Electronics,7,439.59,0.15,2615.56,916.96
100923,2025-08-08,CUST0032,Customer_32,East,P471,Desk Lamp,Furniture,3,118.26,0.2,283.82,78.49
100924,2025-08-08,CUST0026,Customer_26,Central,P884,T-Shirt,Apparel,12,330.86,0.1,3573.29,1209.77
100925,2025-03-03,CUST0017,Customer_17,Central,P884,T-Shirt,Apparel,5,445.76,0,2228.8,765.42
100926,2025-07-14,CUST0053,Customer_53,West,P865,Pen Set,Stationery,4,156.59,0.05,595.04,240.94
100927,2025-05-18,CUST0047,Customer_47,South,P597,Sticky Notes,Stationery,12,192.79,0,2313.48,523.36
100928,2025-06-14,CUST0028,Customer_28,East,P361,Whiteboard,Stationery,5,409.55,0,2047.75,700.89
100929,2025-06-05,CUST0015,Customer_15,East,P928,Wireless Mouse,Electronics,11,251.88,0.2,2216.54,602.41
100930,2025-10-29,CUST0068,Customer_68,North,P865,Pen Set,Stationery,11,129.97,0.1,1286.7,363.12
100931,2025-03-03,CUST0006,Customer_6,Central,P519,Standing Desk,Furniture,12,205.03,0,2460.36,1061.1
100932,2025-08-31,CUST0026,Customer_26,Central,P826,Office Chair,Furniture,3,92.73,0.1,250.37,47.88
100933,2025-08-18,CUST0016,Customer_16,South,P884,T-Shirt,Apparel,8,193.2,0.1,1391.04,235.36
100934,2025-03-08,CUST0038,Customer_38,West,P361,Webcam,Electronics,1,359.12,0.15,305.25,90.66
100935,2025-09-20,CUST0010,Customer_10,Central,P566,Filing Cabinet,Furniture,9,177.79,0.2,1280.09,243.92
100936,2025-03-23,CUST0074,Customer_74,Central,P471,Desk Lamp,Furniture,12,11.92,0.2,114.43,17.42
100937,2025-06-05,CUST0029,Customer_29,South,P597,Sticky Notes,Stationery,9,60.64,0,545.76,239.37
100938,2025-05-23,CUST0018,Customer_18,north,P033,Notebook Pack,Stationery,11,441.17,0.2,3882.3,958.48
100939,2025-11-06,CUST0048,Customer_48,West,P033,Notebook Pack,Stationery,12,398.72,0,4784.64,1289.37
100940,2025-01-30,CUST0002,Customer_2,North,P865,Pen Set,Stationery,12,434.63,0,5215.56,2013.22
100941,2025-10-26,CUST0014,Customer_14,West,P915,Cap,Apparel,11,288.36,0.1,2854.76,946.7
100942,2025-10-25,CUST0051,Customer_51,West,P566,Filing Cabinet,Furniture,4,330.58,0.05,1256.2,407.06
100943,2025-04-05,CUST0023,Customer_23,North,P471,Desk Lamp,Furniture,8,424.96,0,3399.68,979.48
100944,2025-07-21,CUST0078,Customer_78,West,P826,Office Chair,Furniture,3,39.85,0,119.55,40.2
100945,2025-01-07,CUST0078,Customer_78,North,P381,Laptop Stand,Electronics,7,17.16,0.2,96.1,29.63
100946,2025-05-18,CUST0019,Customer_19,North,P928,Wireless Mouse,Electronics,2,247.73,0.2,396.37,81.95
100947,2025-10-16,CUST0057,Customer_57,East,P497,Bookshelf,Furniture,6,219.68,0,1318.08,574.72
100948,2025-01-23,CUST0014,Customer_14,South,P033,Notebook Pack,Stationery,9,399.81,0.05,3418.38,1311.73
100949,2025-03-17,CUST0046,Customer_46,North,P865,Pen Set,Stationery,11,178.06,0.15,1664.86,184.71
100950,2025-04-25,CUST0014,Customer_14,North,P597,Sticky Notes,Stationery,2,280.14,0,560.28,201.63
100951,2025-04-02,CUST0055,Customer_55,East,P139,Marker Pack,Stationery,3,308.31,0,924.93,209.7
100952,2025-02-23,CUST0035,Customer_35,North,P915,Cap,Apparel,5,366.34,0.15,1556.94,183.77
100953,2025-12-02,CUST0019,Customer_19,West,P865,Pen Set,Stationery,7,205.44,0.2,1150.46,77.1
100954,2025-08-07,CUST0036,Customer_36,East,P826,Office Chair,Furniture,6,447.69,0,2686.14,693.34
100955,2025-12-22,CUST0053,Customer_53,West,P865,Pen Set,Stationery,11,415.35,0.05,4340.41,1349.34
100956,2025-10-02,CUST0030,Customer_30,South,P884,T-Shirt,Apparel,10,324.0,0.1,2916.0,665.92
100957,2025-01-02,CUST0027,Customer_27,North,P932,Bluetooth Speaker,Electronics,9,217.48,0,1957.32,430.17
100958,2025-03-13,CUST0038,Customer_38,South,P620,Hoodie,Apparel,9,437.54,0.05,3740.97,1336.42
100959,2025-12-23,CUST0019,Customer_19,North,P884,T-Shirt,Apparel,12,434.49,0,5213.88,2275.75
100960,2025-11-01,CUST0021,Customer_21,Central,P283,USB-C Hub,Electronics,6,70.44,0,422.64,182.05
100961,2025-04-04,CUST0061,Customer_61,East,P471,Desk Lamp,Furniture,12,427.35,0.05,4871.79,1523.69
100962,2025-01-07,CUST0037,Customer_37,South,P283,USB-C Hub,Electronics,1,397.47,0,397.47,118.83
100963,2025-08-05,CUST0059,Customer_59,South,P139,Marker Pack,Stationery,9,143.27,0,1289.43,443.67
100964,2025-07-13,CUST0017,Customer_17,Central,P566,Filing Cabinet,Furniture,10,32.75,0.05,311.12,115.96
100965,2025-12-21,CUST0060,Customer_60,North,P915,Cap,Apparel,11,291.72,0.2,2567.14,497.01
100966,2025-04-10,CUST0035,Customer_35,North,P928,Wireless Mouse,Electronics,2,168.31,0.2,269.3,12.91
100967,2025-02-24,CUST0009,Customer_9,South,P471,Desk Lamp,Furniture,1,342.38,0,342.38,138.0
100968,2025-05-18,CUST0011,Customer_11,east,P361,Webcam,Electronics,8,28.19,0,225.52,96.23
100969,2025-05-25,CUST0051,Customer_51,North,P497,Bookshelf,Furniture,7,328.75,0,2301.25,631.32
100970,2025-09-15,CUST0013,Customer_13,North,P826,Office Chair,Furniture,10,359.86,0.05,3418.67,911.92
100971,2025-08-26,CUST0011,Customer_11,South,P283,USB-C Hub,Electronics,4,364.9,0.15,1240.66,386.48
100972,2025-11-08,CUST0067,Customer_67,West,P361,Whiteboard,Stationery,3,157.85,0,473.55,139.29
100973,2025-12-16,CUST0050,Customer_50,West,P519,Standing Desk,Furniture,10,276.24,0,2762.4,851.58
100974,2025-06-08,CUST0071,Customer_71,South,P381,Laptop Stand,Electronics,2,209.03,0,418.06,90.5
100975,2025-06-30,CUST0012,Customer_12,East,P283,USB-C Hub,Electronics,12,349.2,0,4190.4,852.6
100976,2025-03-13,CUST0016,Customer_16,Central,P884,T-Shirt,Apparel,6,387.68,0.05,2209.78,692.57
100977,2025-07-07,CUST0066,Customer_66,North,P597,Sticky Notes,Stationery,2,309.53,0.1,557.15,147.01
100978,2025-05-06,CUST0072,Customer_72,North,P283,USB-C Hub,Electronics,2,136.47,0,272.94,83.92
100979,2025-12-09,CUST0012,Customer_12,North,P361,Whiteboard,Stationery,8,291.98,0.2,1868.67,312.5
100980,2025-07-23,CUST0056,Customer_56,West,P566,Filing Cabinet,Furniture,6,36.5,0,219.0,44.0
100981,2025-02-28,CUST0036,Customer_36,South,P884,T-Shirt,Apparel,9,76.84,0.05,656.98,251.46
100982,2025-11-04,CUST0049,Customer_49,North,P932,Bluetooth Speaker,Electronics,7,440.52,0,3083.64,1345.95
100983,2025-05-19,CUST0033,Customer_33,West,P826,Office Chair,Furniture,3,38.61,0.05,110.04,43.97
100984,2025-12-09,CUST0034,Customer_34,East,P826,Office Chair,Furniture,2,403.57,0.05,766.78,253.84
100985,2025-08-03,CUST0062,Customer_62,Central,P858,Socks Pack,Apparel,12,-354.46,0.15,3615.49,811.59
100986,2025-11-02,CUST0026,Customer_26,east,P361,Webcam,Electronics,10,71.92,0.15,611.32,38.41
100987,2025-03-17,CUST0064,Customer_64,West,P033,Notebook Pack,Stationery,11,187.62,0.1,1857.44,349.67
100988,2025-11-21,CUST0058,Customer_58,Central,P928,Wireless Mouse,Electronics,4,337.6,0,1350.4,465.83
100989,2025-04-21,CUST0045,Customer_45,east,P519,Standing Desk,Furniture,11,262.96,0,2892.56,1033.9
100990,2025-09-15,CUST0016,Customer_16,West,P272,Jacket,Apparel,7,189.39,0,1325.73,322.09
100991,2025-02-28,CUST0023,Customer_23,West,P272,Jacket,Apparel,6,86.19,0.1,465.43,159.97
100992,2025-12-19,CUST0056,Customer_56,North,P139,Marker Pack,Stationery,2,447.95,0.2,716.72,36.46
100993,2025-07-30,CUST0014,Customer_14,North,P858,Socks Pack,Apparel,9,52.07,0.05,445.2,128.48
100994,2025-04-19,CUST0029,Customer_29,North,P858,Socks Pack,Apparel,7,58.61,0.2,328.22,54.41
100995,2025-08-26,CUST0053,Customer_53,East,P884,T-Shirt,Apparel,6,353.73,0.1,1910.14,592.35
100996,2025-08-01,CUST0031,Customer_31,Central,P381,Laptop Stand,Electronics,1,14.86,0,14.86,3.75
100997,2025-06-21,CUST0022,Customer_22,West,P620,Hoodie,Apparel,9,438.28,0,3944.52,1167.31
100998,2025-10-23,CUST0055,Customer_55,West,P566,Filing Cabinet,Furniture,12,84.78,0,1017.36,326.25
100999,2025-03-06,CUST0065,Customer_65,Central,P361,Webcam,Electronics,7,380.62,0.15,2264.69,188.73
101000,2025-02-17,CUST0012,Customer_12,Central,P381,Laptop Stand,Electronics,1,285.97,0.1,257.37,89.14
101001,2025-02-10,CUST0074,Customer_74,East,P884,T-Shirt,Apparel,12,332.5,0.05,3790.5,963.12
101002,2025-04-24,CUST0039,Customer_39,East,P471,Desk Lamp,Furniture,4,329.03,0.2,1052.9,70.4
101003,2025-03-15,CUST0003,Customer_3,East,P928,Wireless Mouse,Electronics,8,417.82,0,3342.56,1414.67
101004,2025-02-09,CUST0064,Customer_64,North,P865,Pen Set,Stationery,7,52.5,0.2,294.0,89.86
101005,2025-04-18,CUST0054,Customer_54,east,P915,Cap,Apparel,11,409.47,0.2,3603.34,944.64
101006,2025-10-18,CUST0078,Customer_78,Central,P928,Wireless Mouse,Electronics,6,447.23,0.05,2549.21,405.92
101007,2025-05-11,CUST0016,Customer_16,South,P471,Desk Lamp,Furniture,1,244.89,0.1,220.4,54.38
101008,2025-04-22,CUST0004,Customer_4,East,P865,Pen Set,Stationery,4,44.88,0.15,152.59,11.67
101009,2025-02-17,CUST0045,Customer_45,West,P361,Whiteboard,Stationery,12,365.58,0.05,4167.61,1192.53
101010,2025-04-12,CUST0036,Customer_36,South,P884,T-Shirt,Apparel,10,358.57,0.1,3227.13,975.68
101011,2025-08-17,CUST0055,Customer_55,Central,P597,Sticky Notes,Stationery,10,55.54,0.05,527.63,162.55
101012,2025-02-02,CUST0058,Customer_58,Central,P826,Office Chair,Furniture,9,119.85,0.05,1024.72,352.32
101013,2025-04-03,CUST0042,Customer_42,East,P620,Hoodie,Apparel,6,116.43,0,698.58,199.63
101014,2025-01-05,CUST0041,Customer_41,South,P932,Bluetooth Speaker,Electronics,4,213.7,0.2,683.84,144.98
101015,2025-11-05,CUST0028,Customer_28,North,P826,Office Chair,Furniture,9,130.9,0.1,1060.29,133.63
101016,2025-12-16,CUST0056,Customer_56,North,P597,Sticky Notes,Stationery,4,95.13,0.2,304.42,48.15
101017,2025-03-05,CUST0058,Customer_58,east,P471,Desk Lamp,Furniture,6,269.3,0,1615.8,494.27
101018,2025-10-22,CUST0001,Customer_1,Central,P915,Cap,Apparel,3,380.01,0.05,1083.03,445.47
101019,2025-11-27,CUST0003,Customer_3,East,P381,Laptop Stand,Electronics,2,374.79,0.05,712.1,164.3
101020,2025-02-10,CUST0072,Customer_72,West,P361,Whiteboard,Stationery,10,28.81,0,288.1,79.48
101021,2025-03-04,CUST0048,Customer_48,East,P928,Wireless Mouse,Electronics,4,29.14,0,116.56,48.41
101022,2025-04-26,CUST0022,Customer_22,Central,P283,USB-C Hub,Electronics,12,406.81,0,4881.72,1200.72
101023,2025-01-27,CUST0034,Customer_34,Central,P928,Wireless Mouse,Electronics,1,426.64,0,426.64,163.86
101024,2025-12-24,CUST0022,Customer_22,Central,P471,Desk Lamp,Furniture,8,61.0,0,488.0,114.45
101025,2025-07-31,CUST0058,Customer_58,East,P361,Webcam,Electronics,9,114.31,0.05,977.35,241.44
101026,2025-04-26,CUST0012,Customer_12,South,P597,Sticky Notes,Stationery,12,44.6,0.1,481.68,75.52
101027,2025-04-16,CUST0010,Customer_10,West,P381,Laptop Stand,Electronics,1,101.91,0.15,86.62,25.06
101028,2025-04-17,CUST0076,Customer_76,North,P597,Sticky Notes,Stationery,12,208.68,0,2504.16,596.11
101029,2025-07-06,CUST0050,Customer_50,East,P858,Socks Pack,Apparel,9,97.74,0.05,835.68,310.53
101030,2025-10-23,CUST0014,Customer_14,West,P566,Filing Cabinet,Furniture,2,337.3,0,674.6,300.77
101031,2025-12-05,CUST0068,Customer_68,West,P915,Cap,Apparel,5,60.3,0.1,271.35,99.19
101032,2025-08-09,CUST0066,Customer_66,West,P033,Notebook Pack,Stationery,8,128.48,0,1027.84,449.9
101033,2025-05-31,CUST0025,Customer_25,West,P620,Hoodie,Apparel,10,129.96,0.1,1169.64,294.48
101034,2025-05-08,CUST0015,Customer_15,North,P826,Office Chair,Furniture,1,403.62,0.1,363.26,114.41
101035,2025-11-14,CUST0052,Customer_52,East,P272,Jacket,Apparel,2,105.19,0.2,168.3,6.33
101036,2025-04-15,CUST0045,Customer_45,Central,P139,Marker Pack,Stationery,5,332.38,0,1661.9,670.96
101037,2025-12-19,CUST0031,Customer_31,West,P497,Bookshelf,Furniture,11,38.7,0,425.7,156.22
101038,2025-08-31,CUST0055,Customer_55,North,P033,Notebook Pack,Stationery,3,438.67,0,1316.01,536.04
101039,2025-10-26,CUST0001,Customer_1,East,P620,Hoodie,Apparel,8,56.35,0.2,360.64,110.74
101040,2025-03-27,CUST0019,Customer_19,East,P928,Wireless Mouse,Electronics,5,363.32,0,1816.6,611.91
101041,2025-09-07,CUST0033,Customer_33,Central,P361,Whiteboard,Stationery,1,373.87,0,373.87,101.86
101042,2025-11-02,CUST0062,Customer_62,West,P932,Bluetooth Speaker,Electronics,11,237.53,0.15,2220.91,770.31
101043,2025-03-14,CUST0046,Customer_46,East,P884,T-Shirt,Apparel,4,263.29,0.15,895.19,59.69
101044,2025-07-13,CUST0014,Customer_14,East,P139,Marker Pack,Stationery,8,444.4,0.1,3199.68,1088.82
101045,2025-08-02,CUST0036,Customer_36,Central,P865,Pen Set,Stationery,1,264.15,0.15,224.53,56.58
101046,2025-10-18,CUST0045,Customer_45,South,P033,Notebook Pack,Stationery,1,228.53,0.15,194.25,60.15
101047,2025-10-13,CUST0021,Customer_21,North,P361,Whiteboard,Stationery,5,36.56,0,182.8,81.55
101048,2025-03-05,CUST0007,Customer_7,North,P915,Cap,Apparel,1,198.2,0.15,168.47,18.13
101049,2025-05-26,CUST0065,Customer_65,Central,P826,Office Chair,Furniture,12,127.64,0.15,1301.93,384.18
101050,2025-01-17,CUST0061,Customer_61,North,P865,Pen Set,Stationery,11,289.57,0.05,3026.01,956.29
101051,2025-11-02,CUST0040,Customer_40,South,P471,Desk Lamp,Furniture,7,308.08,0,2156.56,536.78
101052,2025-03-11,CUST0054,Customer_54,West,P497,Bookshelf,Furniture,5,45.83,0.1,206.23,27.09
101053,2025-08-12,CUST0013,Customer_13,East,P471,Desk Lamp,Furniture,8,314.81,0.1,2266.63,292.85
101054,2025-08-04,CUST0053,Customer_53,South,P884,T-Shirt,Apparel,9,19.68,0.2,141.7,25.65
101055,2025-05-05,CUST0075,Customer_75,North,P865,Pen Set,Stationery,10,248.13,0.1,2233.17,323.93
101056,2025-07-26,CUST0001,Customer_1,North,P858,Socks Pack,Apparel,8,378.93,0,3031.44,1322.7
101057,2025-05-29,CUST0073,Customer_73,North,P915,Cap,Apparel,1,61.68,0.1,55.51,11.19
101058,2025-10-15,CUST0064,Customer_64,East,P519,Standing Desk,Furniture,11,290.73,0,3198.03,1198.55
101059,2025-09-06,CUST0080,Customer_80,Central,P826,Office Chair,Furniture,2,8.02,0.1,14.44,2.09
101060,2025-08-31,CUST0004,Customer_4,South,P272,Jacket,Apparel,1,417.31,0,417.31,145.58
101061,2025-10-07,CUST0034,Customer_34,South,P858,Socks Pack,Apparel,2,199.1,0.15,338.47,117.3
101062,2025-03-29,CUST0066,Customer_66,Central,P566,Filing Cabinet,Furniture,8,136.2,0.15,926.16,299.63
101063,2025-07-20,CUST0050,Customer_50,West,P381,Laptop Stand,Electronics,7,367.56,0,2572.92,1139.82
101064,2025-10-25,CUST0039,Customer_39,West,P361,Webcam,Electronics,8,26.84,0,214.72,44.94
101065,2025-01-05,CUST0021,Customer_21,Central,P139,Marker Pack,Stationery,9,101.16,0.15,773.87,153.62
101066,2025-06-30,CUST0073,Customer_73,East,P361,Whiteboard,Stationery,12,387.53,0,4650.36,1769.07
101067,2025-11-27,CUST0062,Customer_62,Central,P272,Jacket,Apparel,10,299.27,0.1,2693.43,517.36
101068,2025-03-08,CUST0042,Customer_42,South,P139,Marker Pack,Stationery,10,374.81,0,3748.1,1644.55
101069,2025-09-13,CUST0061,Customer_61,South,P865,Pen Set,Stationery,12,359.66,0,4315.92,971.3
101070,2025-08-04,CUST0009,Customer_9,West,P361,Webcam,Electronics,5,58.6,0.2,234.4,18.32
101071,2025-01-16,CUST0023,Customer_23,Central,P033,Notebook Pack,Stationery,12,206.68,0,2480.16,502.93
101072,2025-09-09,CUST0057,Customer_57,South,P865,Pen Set,Stationery,4,336.03,0.05,1276.91,264.17
101073,2025-12-09,CUST0013,Customer_13,Central,P826,Office Chair,Furniture,3,402.83,0,1208.49,309.86
101074,2025-04-05,CUST0068,Customer_68,East,P620,Hoodie,Apparel,4,260.1,0.05,988.38,285.89
101075,2025-03-12,CUST0009,Customer_9,South,P272,Jacket,Apparel,11,174.24,0,1916.64,589.77
101076,2025-03-02,CUST0064,Customer_64,East,P826,Office Chair,Furniture,10,246.92,0,2469.2,972.85
101077,2025-12-27,CUST0046,Customer_46,Central,P283,USB-C Hub,Electronics,5,41.05,0.1,184.72,59.45
101078,2025-07-24,CUST0080,Customer_80,East,P361,Webcam,Electronics,12,402.18,0.1,4343.54,1120.9
101079,2025-08-04,CUST0034,Customer_34,East,P497,Bookshelf,Furniture,1,69.57,0.1,62.61,10.14
101080,2025-02-01,CUST0031,Customer_31,North,P884,T-Shirt,Apparel,10,407.71,0.15,3465.53,372.03
101081,2025-08-02,CUST0077,Customer_77,North,P361,Webcam,Electronics,8,426.4,0,3411.2,918.18
101082,2025-11-29,CUST0045,Customer_45,North,P272,Jacket,Apparel,5,353.44,0,1767.2,785.77
101083,2025-04-11,CUST0069,Customer_69,South,P884,T-Shirt,Apparel,9,221.12,0.05,1890.58,415.09
101084,2025-03-12,CUST0015,Customer_15,East,P884,T-Shirt,Apparel,10,442.28,0,4422.8,1601.29
101085,2025-04-29,CUST0012,Customer_12,Central,P283,USB-C Hub,Electronics,7,338.38,0.2,1894.93,122.47
101086,2025-05-08,CUST0008,Customer_8,East,P928,Wireless Mouse,Electronics,3,201.84,0,605.52,265.87
101087,2025-05-30,CUST0017,Customer_17,Central,P272,Jacket,Apparel,11,62.09,0,682.99,294.3
101088,2025-07-02,CUST0029,Customer_29,South,P915,Cap,Apparel,6,352.85,0,2117.1,492.77
101089,2025-12-24,CUST0070,Customer_70,West,P928,Wireless Mouse,Electronics,6,405.99,0.15,2070.55,151.9
101090,2025-03-12,CUST0067,Customer_67,South,P497,Bookshelf,Furniture,12,252.41,0,3028.92,1081.03
101091,2025-08-14,CUST0059,Customer_59,West,P928,Wireless Mouse,Electronics,8,377.66,0,3021.28,1149.62
101092,2025-01-31,CUST0036,Customer_36,South,P272,Jacket,Apparel,1,389.35,0.05,369.88,112.52
101093,2025-08-09,CUST0069,Customer_69,Central,P932,Bluetooth Speaker,Electronics,1,247.36,0,247.36,53.35
101094,2025-05-15,CUST0076,Customer_76,West,P826,Office Chair,Furniture,6,328.8,0.1,1775.52,476.39
101095,2025-01-30,CUST0014,Customer_14,Central,P915,Cap,Apparel,9,212.87,0.1,1724.25,326.07
101096,2025-08-28,CUST0031,Customer_31,South,P826,Office Chair,Furniture,5,361.42,0,1807.1,774.55
101097,2025-10-20,CUST0051,Customer_51,central,P361,Webcam,Electronics,5,167.87,0.15,713.45,199.24
101098,2025-12-05,CUST0042,Customer_42,North,P865,Pen Set,Stationery,8,212.52,0.05,1615.15,676.29
101099,2025-10-12,CUST0028,Customer_28,Central,P884,T-Shirt,Apparel,10,422.96,0,4229.6,954.79
101100,2025-04-03,CUST0034,Customer_34,Central,P597,Sticky Notes,Stationery,8,64.23,0.15,436.76,131.73
101101,2025-12-02,CUST0005,Customer_5,South,P471,Desk Lamp,Furniture,8,264.31,0,2114.48,658.97
101102,2025-05-13,CUST0033,Customer_33,North,P932,Bluetooth Speaker,Electronics,9,325.5,0.1,2636.55,853.44
101103,2025-09-19,CUST0010,Customer_10,West,P519,Standing Desk,Furniture,6,260.1,0.2,1248.48,69.18
101104,2025-05-25,CUST0019,Customer_19,East,P932,Bluetooth Speaker,Electronics,10,356.37,0,3563.7,734.93
101105,2025-11-15,CUST0004,Customer_4,North,P497,Bookshelf,Furniture,1,136.57,0,136.57,30.32
101106,2025-06-10,CUST0066,Customer_66,South,P865,Pen Set,Stationery,7,375.18,0,2626.26,750.41
101107,2025-02-10,CUST0010,Customer_10,West,P471,Desk Lamp,Furniture,9,449.03,0.15,3435.08,658.49
101108,2025-09-28,CUST0007,Customer_7,Central,P858,Socks Pack,Apparel,9,202.93,0,1826.37,732.82
101109,2025-05-05,CUST0047,Customer_47,West,P566,Filing Cabinet,Furniture,6,338.7,0,2032.2,562.37
101110,2025-07-05,CUST0011,Customer_11,Central,P139,Marker Pack,Stationery,9,41.79,0,376.11,107.82
101111,2025-04-28,CUST0073,Customer_73,South,P471,Desk Lamp,Furniture,4,351.19,0.05,1334.52,325.16
101112,2025-06-24,CUST0041,Customer_41,South,P928,Wireless Mouse,Electronics,7,194.09,0,1358.63,415.74
101113,2025-01-08,CUST0022,Customer_22,North,P381,Laptop Stand,Electronics,5,346.36,0.15,1472.03,116.84
101114,2025-08-09,CUST0004,Customer_4,West,P826,Office Chair,Furniture,3,235.58,0.1,636.07,85.06
101115,2025-10-13,CUST0031,Customer_31,Central,P033,Notebook Pack,Stationery,6,404.66,0,2427.96,733.56
101116,2025-02-07,CUST0046,Customer_46,West,P272,Jacket,Apparel,11,206.79,0.2,1819.75,320.91
101117,2025-10-29,CUST0066,Customer_66,West,P283,USB-C Hub,Electronics,1,270.35,0,270.35,76.11
101118,2025-09-18,CUST0076,Customer_76,Central,P033,Notebook Pack,Stationery,4,139.43,0,557.72,244.24
101119,2025-08-07,CUST0037,Customer_37,South,P361,Whiteboard,Stationery,6,342.73,0,2056.38,903.81
101120,2025-11-12,CUST0041,Customer_41,West,P932,Bluetooth Speaker,Electronics,5,81.19,0,405.95,154.89
101121,2025-05-13,CUST0078,Customer_78,Central,P283,USB-C Hub,Electronics,11,131.15,0,1442.65,574.59
101122,2025-01-21,CUST0070,Customer_70,East,P826,Office Chair,Furniture,8,375.97,0,3007.76,1075.62
101123,2025-08-16,CUST0067,Customer_67,North,P566,Filing Cabinet,Furniture,5,413.75,0.15,1758.44,255.33
101124,2025-05-15,CUST0012,Customer_12,South,P497,Bookshelf,Furniture,12,303.57,0,3642.84,907.39
101125,2025-09-17,CUST0043,Customer_43,East,P361,Whiteboard,Stationery,11,333.1,0.15,3114.49,387.44
101126,2025-02-21,CUST0067,Customer_67,North,P865,Pen Set,Stationery,9,300.22,0.15,2296.68,786.52
101127,2025-04-23,CUST0026,Customer_26,East,P361,Whiteboard,Stationery,3,222.15,0,666.45,177.68
101128,2025-02-15,CUST0067,Customer_67,South,P826,Office Chair,Furniture,7,37.73,0.1,237.7,52.08
101129,2025-11-11,CUST0049,Customer_49,South,P497,Bookshelf,Furniture,8,242.46,0,1939.68,447.15
101130,2025-09-08,CUST0051,Customer_51,East,P139,Marker Pack,Stationery,8,138.57,0,1108.56,467.71
101131,2025-05-07,CUST0055,Customer_55,West,P283,USB-C Hub,Electronics,8,430.69,0.15,2928.69,935.86
101132,2025-09-05,CUST0063,Customer_63,West,P620,Hoodie,Apparel,1,136.59,0.1,122.93,40.46
101133,2025-05-14,CUST0041,Customer_41,East,P272,Jacket,Apparel,8,195.94,0,1567.52,347.84
101134,2025-11-22,CUST0006,Customer_6,North,P361,Whiteboard,Stationery,7,105.82,0,740.74,234.07
101135,2025-06-18,CUST0017,Customer_17,East,P928,Wireless Mouse,Electronics,7,47.89,0.15,284.95,72.64
101136,2025-12-02,CUST0007,Customer_7,West,P497,Bookshelf,Furniture,9,95.71,0,861.39,207.13
101137,2025-03-24,CUST0048,Customer_48,North,P361,Whiteboard,Stationery,4,252.4,0,1009.6,217.06
101138,2025-09-27,CUST0014,Customer_14,South,P272,Jacket,Apparel,1,77.37,0,77.37,34.35
101139,2025-07-13,CUST0052,Customer_52,West,P497,Bookshelf,Furniture,2,41.82,0.1,75.28,14.18
101140,2025-10-05,CUST0078,Customer_78,Central,P826,Office Chair,Furniture,12,267.98,0.05,3054.97,1130.11
101141,2025-08-06,CUST0066,Customer_66,Central,P932,Bluetooth Speaker,Electronics,5,210.84,0,1054.2,404.74
101142,2025-02-17,CUST0029,Customer_29,South,P858,Socks Pack,Apparel,5,221.64,0.15,941.97,184.74
101143,2025-07-21,CUST0048,Customer_48,South,P381,Laptop Stand,Electronics,4,263.42,0,1053.68,369.49
101144,2025-02-25,CUST0040,Customer_40,South,P865,Pen Set,Stationery,11,439.31,0,4832.41,1496.98
101145,2025-05-08,CUST0011,Customer_11,Central,P566,Filing Cabinet,Furniture,10,378.43,0.1,3405.87,640.46
101146,2025-09-10,CUST0033,Customer_33,Central,P915,Cap,Apparel,12,157.34,0,1888.08,832.4
101147,2025-05-18,CUST0027,Customer_27,West,P858,Socks Pack,Apparel,8,146.35,0.15,995.18,282.24
101148,2025-02-11,CUST0014,Customer_14,North,P884,T-Shirt,Apparel,7,64.26,0,449.82,184.19
101149,2025-02-28,CUST0005,Customer_5,Central,P272,Jacket,Apparel,3,-284.76,0.1,768.85,194.95
101150,2025-03-02,CUST0056,Customer_56,South,P597,Sticky Notes,Stationery,9,150.49,0,1354.41,418.58
101151,2025-04-15,CUST0079,Customer_79,East,P139,Marker Pack,Stationery,10,119.05,0.05,1130.97,413.51
101152,2025-03-11,CUST0022,Customer_22,North,P884,T-Shirt,Apparel,6,192.01,0,1152.06,382.92
101153,2025-12-22,CUST0013,Customer_13,North,P915,Cap,Apparel,2,35.01,0.05,66.52,17.6
101154,2025-04-26,CUST0045,Customer_45,East,P283,USB-C Hub,Electronics,5,133.61,0.2,534.44,95.84
101155,2025-05-11,CUST0072,Customer_72,South,P826,Office Chair,Furniture,10,75.37,0.15,640.64,185.32
101156,2025-09-25,CUST0076,Customer_76,Central,P915,Cap,Apparel,10,349.21,0.1,3142.89,694.25
101157,2025-03-28,CUST0001,Customer_1,South,P519,Standing Desk,Furniture,2,-418.86,0.1,753.95,262.52
101158,2025-02-09,CUST0007,Customer_7,Central,P471,Desk Lamp,Furniture,8,196.03,0.05,1489.83,499.06
101159,2025-07-21,CUST0049,Customer_49,North,P272,Jacket,Apparel,6,145.8,0.1,787.32,236.86
101160,2025-03-27,CUST0036,Customer_36,North,P566,Filing Cabinet,Furniture,9,203.21,0.15,1554.56,187.94
101161,2025-06-28,CUST0023,Customer_23,South,P932,Bluetooth Speaker,Electronics,8,348.67,0,2789.36,747.21
101162,2025-04-08,CUST0049,Customer_49,Central,P865,Pen Set,Stationery,12,447.98,0,5375.76,1824.96
101163,2025-06-18,CUST0013,Customer_13,East,P597,Sticky Notes,Stationery,9,415.33,0.1,3364.17,1053.14
101164,2025-12-23,CUST0033,Customer_33,West,P033,Notebook Pack,Stationery,10,371.91,0.2,2975.28,262.17
101165,2025-09-09,CUST0023,Customer_23,South,P858,Socks Pack,Apparel,2,24.88,0,49.76,14.77
101166,2025-03-09,CUST0011,Customer_11,North,P884,T-Shirt,Apparel,1,203.97,0.15,173.37,58.01
101167,2025-04-10,CUST0079,Customer_79,South,P932,Bluetooth Speaker,Electronics,11,382.92,0,4212.12,950.11
101168,2025-07-07,CUST0067,Customer_67,South,P381,Laptop Stand,Electronics,7,378.27,0.15,2250.71,753.67
101169,2025-05-17,CUST0011,Customer_11,West,P566,Filing Cabinet,Furniture,1,129.78,0,129.78,36.06
101170,2025-01-02,CUST0040,Customer_40,North,P139,Marker Pack,Stationery,6,60.03,0.05,342.17,92.91
101171,2025-03-01,CUST0012,Customer_12,South,P826,Office Chair,Furniture,3,148.34,0.15,378.27,26.06
101172,2025-07-11,CUST0059,Customer_59,South,P283,USB-C Hub,Electronics,5,378.09,0.15,1606.88,121.62
101173,2025-06-08,CUST0007,Customer_7,South,P915,Cap,Apparel,3,131.3,0.1,354.51,106.79
101174,2025-04-13,CUST0023,Customer_23,Central,P597,Sticky Notes,Stationery,12,202.3,0,2427.6,795.11
101175,2025-09-25,CUST0058,Customer_58,West,P826,Office Chair,Furniture,10,178.47,0.1,1606.23,370.9
101176,2025-05-28,CUST0027,Customer_27,Central,P139,Marker Pack,Stationery,9,374.8,0.2,2698.56,616.49
101177,2025-08-28,CUST0034,Customer_34,West,P928,Wireless Mouse,Electronics,9,298.98,0,2690.82,891.19
101178,2025-07-13,CUST0076,Customer_76,North,P932,Bluetooth Speaker,Electronics,12,54.24,0,650.88,151.44
101179,2025-06-22,CUST0013,Customer_13,North,P497,Bookshelf,Furniture,5,79.93,0.1,359.69,121.28
101180,2025-10-31,CUST0074,Customer_74,Central,P272,Jacket,Apparel,8,376.67,0,3013.36,811.07
101181,2025-06-03,CUST0006,Customer_6,Central,P471,Desk Lamp,Furniture,2,194.08,0.2,310.53,70.9
101182,2025-09-20,CUST0022,Customer_22,Central,P139,Marker Pack,Stationery,12,424.74,0,5096.88,1081.18
101183,2025-06-20,CUST0007,Customer_7,west,P932,Bluetooth Speaker,Electronics,3,362.26,0.05,1032.44,327.12
101184,2025-03-30,CUST0039,Customer_39,South,P033,Notebook Pack,Stationery,3,112.39,0,337.17,114.93
101185,2025-07-11,CUST0001,Customer_1,South,P620,Hoodie,Apparel,6,52.16,0.1,281.66,55.8
101186,2025-08-26,CUST0032,Customer_32,East,P381,Laptop Stand,Electronics,3,148.71,0,446.13,156.16
101187,2025-08-06,CUST0077,Customer_77,Central,P858,Socks Pack,Apparel,2,161.32,0.15,274.24,37.06
101188,2025-04-02,CUST0031,Customer_31,West,P597,Sticky Notes,Stationery,6,229.64,0,1377.84,409.71
101189,2025-03-12,CUST0064,Customer_64,South,P826,Office Chair,Furniture,4,141.46,0,565.84,206.59
101190,2025-07-18,CUST0062,Customer_62,North,P932,Bluetooth Speaker,Electronics,7,87.35,0.05,580.88,140.28
101191,2025-12-18,CUST0013,Customer_13,west,P884,T-Shirt,Apparel,3,149.01,0.1,402.33,99.81
101192,2025-12-10,CUST0052,Customer_52,Central,P884,T-Shirt,Apparel,5,195.84,0.15,832.32,138.53
101193,2025-09-15,CUST0048,Customer_48,West,P915,Cap,Apparel,9,437.52,0,3937.68,998.7
101194,2025-12-12,CUST0011,Customer_11,South,P826,Office Chair,Furniture,6,427.1,0.15,2178.21,390.7
101195,2025-08-21,CUST0056,Customer_56,East,P381,Laptop Stand,Electronics,5,25.61,0.2,102.44,16.34
101196,2025-07-09,CUST0033,Customer_33,East,P915,Cap,Apparel,11,138.9,0.2,1222.32,372.99
101197,2025-01-09,CUST0058,Customer_58,North,P597,Sticky Notes,Stationery,11,23.74,0,261.14,94.19
101198,2025-03-31,CUST0011,Customer_11,East,P283,USB-C Hub,Electronics,12,71.93,0.05,820.0,252.23
101199,2025-11-13,CUST0032,Customer_32,North,P884,T-Shirt,Apparel,2,152.35,0,304.7,125.94
101200,2025-02-10,CUST0044,Customer_44,North,P361,Whiteboard,Stationery,7,17.89,0.15,106.45,29.53
101201,2025-03-01,CUST0025,Customer_25,North,P597,Sticky Notes,Stationery,10,235.21,0.2,1881.68,121.3
101202,2025-08-12,CUST0036,Customer_36,South,P497,Bookshelf,Furniture,9,304.78,0.1,2468.72,686.67
101203,2025-07-28,CUST0027,Customer_27,East,P381,Laptop Stand,Electronics,11,65.36,0,718.96,240.41
101204,2025-12-30,CUST0042,Customer_42,West,P826,Office Chair,Furniture,10,135.22,0.15,1149.37,199.68
101205,2025-06-18,CUST0070,Customer_70,West,P272,Jacket,Apparel,9,13.55,0,121.95,45.13
101206,2025-09-13,CUST0027,Customer_27,North,P566,Filing Cabinet,Furniture,5,186.1,0.15,790.92,80.88
101207,2025-06-26,CUST0011,Customer_11,West,P471,Desk Lamp,Furniture,6,142.38,0.2,683.42,146.22
101208,2025-03-27,CUST0080,Customer_80,East,P139,Marker Pack,Stationery,7,191.6,0.2,1072.96,327.45
101209,2025-05-01,CUST0049,Customer_49,South,P566,Filing Cabinet,Furniture,10,427.38,0,4273.8,1819.59
101210,2025-05-29,CUST0023,Customer_23,Central,P566,Filing Cabinet,Furniture,9,188.56,0.2,1357.63,331.87
101211,2025-11-19,CUST0014,Customer_14,West,P139,Marker Pack,Stationery,9,243.37,0,2190.33,515.24
101212,2025-08-19,CUST0021,Customer_21,West,P566,Filing Cabinet,Furniture,5,9.48,0.2,37.92,7.89
101213,2025-02-20,CUST0050,Customer_50,South,P272,Jacket,Apparel,7,91.48,0,640.36,189.09
101214,2025-02-11,CUST0077,Customer_77,West,P884,T-Shirt,Apparel,6,277.54,0,1665.24,512.35
101215,2025-01-12,CUST0077,Customer_77,West,P858,Socks Pack,Apparel,9,389.64,0.2,2805.41,76.09
101216,2025-03-31,CUST0061,Customer_61,West,P497,Bookshelf,Furniture,3,137.5,0,412.5,164.28
101217,2025-08-16,CUST0031,Customer_31,East,P566,Filing Cabinet,Furniture,9,291.49,0.2,2098.73,259.72
101218,2025-05-06,CUST0060,Customer_60,Central,P928,Wireless Mouse,Electronics,12,22.29,0.15,227.36,53.07
101219,2025-02-06,CUST0054,Customer_54,Central,P139,Marker Pack,Stationery,2,324.38,0.1,583.88,122.11
101220,2025-01-31,CUST0038,Customer_38,West,P884,T-Shirt,Apparel,6,184.55,0.1,996.57,213.36
101221,2025-03-16,CUST0034,Customer_34,South,P283,USB-C Hub,Electronics,6,190.5,0,1143.0,473.79
101222,2025-02-19,CUST0043,Customer_43,East,P381,Laptop Stand,Electronics,12,225.28,0,2703.36,704.91
101223,2025-08-19,CUST0034,Customer_34,North,P139,Marker Pack,Stationery,1,344.5,0,344.5,110.09
101224,2025-07-05,CUST0038,Customer_38,East,P865,Pen Set,Stationery,10,288.18,0.05,2737.71,638.98
101225,2025-03-07,CUST0019,Customer_19,Central,P361,Whiteboard,Stationery,5,289.45,0,1447.25,343.39
101226,2025-05-13,CUST0047,Customer_47,Central,P272,Jacket,Apparel,10,405.8,0,4058.0,1172.91
101227,2025-07-11,CUST0049,Customer_49,North,P620,Hoodie,Apparel,9,221.07,0.05,1890.15,349.61
101228,2025-04-26,CUST0040,Customer_40,North,P519,Standing Desk,Furniture,3,131.02,0.2,314.45,26.66
101229,2025-08-24,CUST0073,Customer_73,West,P361,Webcam,Electronics,4,335.69,0,1342.76,381.26
101230,2025-09-17,CUST0009,Customer_9,North,P139,Marker Pack,Stationery,9,382.2,0.1,3095.82,453.52
101231,2025-05-06,CUST0033,Customer_33,Central,P519,Standing Desk,Furniture,4,312.82,0.05,1188.72,445.01
101232,2025-04-08,CUST0009,Customer_9,Central,P471,Desk Lamp,Furniture,5,34.9,0,174.5,67.88
101233,2025-01-27,CUST0041,Customer_41,North,P283,USB-C Hub,Electronics,8,59.45,0,475.6,157.42
101234,2025-09-07,CUST0039,Customer_39,West,P361,Webcam,Electronics,7,388.62,0,2720.34,734.5
101235,2025-11-22,CUST0079,Customer_79,South,P884,T-Shirt,Apparel,5,341.52,0.1,1536.84,482.08
101236,2025-05-26,CUST0039,Customer_39,East,P139,Marker Pack,Stationery,4,158.78,0.15,539.85,101.42
101237,2025-04-04,CUST0063,Customer_63,West,P932,Bluetooth Speaker,Electronics,9,215.96,0,1943.64,787.76
101238,2025-08-15,CUST0044,Customer_44,East,P519,Standing Desk,Furniture,2,345.18,0,690.36,257.64
101239,2025-02-22,CUST0039,Customer_39,West,P471,Desk Lamp,Furniture,11,76.33,0,839.63,337.55
101240,2025-11-09,CUST0021,Customer_21,East,P139,Marker Pack,Stationery,8,296.84,0.2,1899.78,346.17
101241,2025-06-05,CUST0048,Customer_48,West,P497,Bookshelf,Furniture,6,329.21,0.2,1580.21,125.82
101242,2025-08-02,CUST0001,Customer_1,West,P884,T-Shirt,Apparel,7,164.3,0.2,920.08,247.29
101243,2025-12-27,CUST0026,Customer_26,West,P497,Bookshelf,Furniture,5,375.99,0,1879.95,694.71
101244,2025-04-13,CUST0028,Customer_28,West,P915,Cap,Apparel,2,40.9,0,81.8,30.15
101245,2025-01-24,CUST0050,Customer_50,North,P620,Hoodie,Apparel,5,444.22,0.1,1998.99,569.15
101246,2025-10-03,CUST0048,Customer_48,West,P915,Cap,Apparel,2,216.55,0.15,368.13,121.91
101247,2025-10-29,CUST0039,Customer_39,East,P471,Desk Lamp,Furniture,2,201.71,0,403.42,123.78
101248,2025-12-20,CUST0003,Customer_3,East,P826,Office Chair,Furniture,12,322.44,0,3869.28,815.26
101249,2025-04-20,CUST0024,Customer_24,East,P361,Whiteboard,Stationery,4,211.68,0,846.72,338.9
101250,2025-01-12,CUST0018,Customer_18,Central,P381,Laptop Stand,Electronics,7,183.17,0.05,1218.08,257.05
101251,2025-07-11,CUST0003,Customer_3,West,P884,T-Shirt,Apparel,9,393.9,0,3545.1,895.02
101252,2025-02-04,CUST0010,Customer_10,North,P361,Webcam,Electronics,2,243.04,0.2,388.86,59.12
101253,2025-11-29,CUST0025,Customer_25,East,P381,Laptop Stand,Electronics,5,213.85,0.15,908.86,280.09
101254,2025-06-23,CUST0059,Customer_59,west,P884,T-Shirt,Apparel,7,262.03,0,1834.21,539.4
101255,2025-08-07,CUST0020,Customer_20,South,P865,Pen Set,Stationery,10,306.15,0,3061.5,970.22
101256,2025-07-01,CUST0074,Customer_74,Central,P519,Standing Desk,Furniture,3,99.12,0,297.36,126.31
101257,2025-03-07,CUST0070,Customer_70,South,P033,Notebook Pack,Stationery,6,392.79,0,2356.74,672.75
101258,2025-05-19,CUST0030,Customer_30,West,P497,Bookshelf,Furniture,1,68.69,0.05,65.26,25.37
101259,2025-04-17,CUST0049,Customer_49,Central,P381,Laptop Stand,Electronics,8,184.44,0,1475.52,379.58
101260,2025-03-31,CUST0065,Customer_65,East,P283,USB-C Hub,Electronics,4,61.2,0.05,232.56,52.59
101261,2025-04-08,CUST0027,Customer_27,west,P361,Webcam,Electronics,6,219.27,0.1,1184.06,423.63
101262,2025-08-04,CUST0052,Customer_52,East,P932,Bluetooth Speaker,Electronics,6,426.01,0.2,2044.85,597.29
101263,2025-11-30,CUST0050,Customer_50,South,P884,T-Shirt,Apparel,5,-330.5,0,1652.5,724.88
101264,2025-09-23,CUST0020,Customer_20,East,P566,Filing Cabinet,Furniture,1,35.04,0.2,28.03,6.92
101265,2025-03-22,CUST0054,Customer_54,South,P519,Standing Desk,Furniture,9,434.66,0.15,3325.15,381.98
101266,2025-03-25,CUST0004,Customer_4,East,P620,Hoodie,Apparel,5,186.42,0,932.1,207.63
101267,2025-01-14,CUST0043,Customer_43,North,P381,Laptop Stand,Electronics,1,332.85,0,332.85,73.76
101268,2025-09-26,CUST0022,Customer_22,North,P826,Office Chair,Furniture,1,162.11,0,162.11,69.22
101269,2025-08-01,CUST0069,Customer_69,West,P620,Hoodie,Apparel,10,365.77,0,3657.7,1361.18
101270,2025-06-15,CUST0070,Customer_70,Central,P139,Marker Pack,Stationery,11,324.61,0.05,3392.17,988.37
101271,2025-03-08,CUST0019,Customer_19,Central,P826,Office Chair,Furniture,12,49.9,0.05,568.86,197.26
101272,2025-04-05,CUST0039,Customer_39,East,P361,Whiteboard,Stationery,11,269.13,0.1,2664.39,608.99
101273,2025-08-05,CUST0048,Customer_48,West,P471,Desk Lamp,Furniture,12,421.1,0,5053.2,1329.07
101274,2025-04-04,CUST0002,Customer_2,West,P826,Office Chair,Furniture,4,79.55,0,318.2,142.26
101275,2025-11-18,CUST0074,Customer_74,North,P272,Jacket,Apparel,4,208.31,0,833.24,261.25
101276,2025-09-21,CUST0044,Customer_44,Central,P865,Pen Set,Stationery,5,158.71,0.2,634.84,101.7
101277,2025-06-25,CUST0067,Customer_67,South,P033,Notebook Pack,Stationery,6,196.52,0,1179.12,246.21
101278,2025-02-26,CUST0016,Customer_16,North,P865,Pen Set,Stationery,6,143.71,0.05,819.15,225.64
101279,2025-04-04,CUST0051,Customer_51,East,P519,Standing Desk,Furniture,11,106.06,0,1166.66,467.05
101280,2025-10-16,CUST0068,Customer_68,Central,P361,Webcam,Electronics,6,246.44,0.15,1256.84,93.46
101281,2025-12-15,CUST0022,Customer_22,South,P519,Standing Desk,Furniture,9,424.45,0.1,3438.04,932.07
101282,2025-07-25,CUST0038,Customer_38,east,P858,Socks Pack,Apparel,7,403.04,0.05,2680.22,901.46
101283,2025-10-12,CUST0040,Customer_40,South,P471,Desk Lamp,Furniture,10,432.0,0,4320.0,1128.42
101284,2025-05-05,CUST0051,Customer_51,North,P566,Filing Cabinet,Furniture,7,269.41,0,1885.87,455.28
101285,2025-03-13,CUST0052,Customer_52,East,P361,Webcam,Electronics,11,75.12,0.05,785.0,301.11
101286,2025-03-02,CUST0067,Customer_67,West,P139,Marker Pack,Stationery,2,349.07,0.1,628.33,162.13
101287,2025-11-09,CUST0059,Customer_59,North,P826,Office Chair,Furniture,12,158.89,0,1906.68,405.41
101288,2025-02-27,CUST0060,Customer_60,West,P858,Socks Pack,Apparel,3,395.3,0.15,1008.02,99.17
101289,2025-02-22,CUST0012,Customer_12,West,P865,Pen Set,Stationery,11,226.58,0.15,2118.52,147.52
101290,2025-05-24,CUST0036,Customer_36,East,P139,Marker Pack,Stationery,6,193.48,0.2,928.7,217.3
101291,2025-09-06,CUST0032,Customer_32,West,P620,Hoodie,Apparel,10,199.73,0,1997.3,846.87
101292,2025-07-12,CUST0078,Customer_78,North,P884,T-Shirt,Apparel,10,55.65,0.2,445.2,28.72
101293,2025-05-03,CUST0047,Customer_47,West,P272,Jacket,Apparel,12,336.98,0,4043.76,1165.52
101294,2025-09-25,CUST0005,Customer_5,North,P272,Jacket,Apparel,11,409.37,0,4503.07,1388.15
101295,2025-05-30,CUST0053,Customer_53,South,P381,Laptop Stand,Electronics,5,166.5,0.15,707.62,178.14
101296,2025-06-16,CUST0059,Customer_59,East,P865,Pen Set,Stationery,4,254.85,0.2,815.52,115.38
101297,2025-03-30,CUST0064,Customer_64,South,P932,Bluetooth Speaker,Electronics,6,280.45,0.15,1430.29,166.1
101298,2025-02-16,CUST0052,Customer_52,East,P139,Marker Pack,Stationery,8,290.65,0.2,1860.16,358.84
101299,2025-06-22,CUST0057,Customer_57,East,P865,Pen Set,Stationery,3,150.66,0,451.98,181.95
101300,2025-10-14,CUST0038,Customer_38,Central,P566,Filing Cabinet,Furniture,10,315.47,0,3154.7,1345.98
101301,2025-05-15,CUST0019,Customer_19,East,P139,Marker Pack,Stationery,6,183.37,0.05,1045.21,411.59
101302,2025-06-15,CUST0029,Customer_29,North,P884,T-Shirt,Apparel,4,250.21,0.15,850.71,51.87
101303,2025-04-23,CUST0032,Customer_32,South,P566,Filing Cabinet,Furniture,11,366.69,0,4033.59,1802.59
101304,2025-09-05,CUST0057,Customer_57,Central,P858,Socks Pack,Apparel,9,449.28,0,4043.52,1402.77
101305,2025-07-18,CUST0034,Customer_34,East,P597,Sticky Notes,Stationery,7,171.64,0,1201.48,444.5
101306,2025-06-14,CUST0032,Customer_32,Central,P826,Office Chair,Furniture,9,321.09,0.1,2600.83,784.96
101307,2025-12-26,CUST0071,Customer_71,West,P566,Filing Cabinet,Furniture,5,261.82,0,1309.1,438.47
101308,2025-03-29,CUST0003,Customer_3,South,P858,Socks Pack,Apparel,11,33.44,0,367.84,121.7
101309,2025-05-22,CUST0073,Customer_73,South,P033,Notebook Pack,Stationery,12,272.2,0.05,3103.08,731.5
101310,2025-08-20,CUST0040,Customer_40,South,P597,Sticky Notes,Stationery,4,259.88,0.1,935.57,117.92
101311,2025-10-28,CUST0041,Customer_41,North,P361,Webcam,Electronics,1,322.75,0,322.75,97.84
101312,2025-03-24,CUST0025,Customer_25,West,P471,Desk Lamp,Furniture,3,377.4,0,1132.2,325.68
101313,2025-02-18,CUST0052,Customer_52,South,P272,Jacket,Apparel,7,315.82,0,2210.74,526.56
101314,2025-12-29,CUST0056,Customer_56,East,P361,Whiteboard,Stationery,2,89.58,0.05,170.2,62.68
101315,2025-06-23,CUST0058,Customer_58,Central,P361,Webcam,Electronics,5,17.02,0.1,76.59,28.49
101316,2025-03-28,CUST0001,Customer_1,Central,P928,Wireless Mouse,Electronics,6,178.06,0,1068.36,267.08
101317,2025-03-30,CUST0025,Customer_25,South,P620,Hoodie,Apparel,9,104.52,0,940.68,400.5
101318,2025-08-14,CUST0023,Customer_23,North,P566,Filing Cabinet,Furniture,1,282.96,0.1,254.66,36.2
101319,2025-05-30,CUST0014,Customer_14,Central,P865,Pen Set,Stationery,10,237.17,0,2371.7,772.2
101320,2025-06-22,CUST0059,Customer_59,East,P272,Jacket,Apparel,2,303.57,0,607.14,221.86
101321,2025-09-09,CUST0025,Customer_25,Central,P884,T-Shirt,Apparel,6,33.91,0.05,193.29,40.14
101322,2025-12-06,CUST0042,Customer_42,South,P858,Socks Pack,Apparel,11,96.81,0,1064.91,443.14
101323,2025-07-26,CUST0056,Customer_56,West,P884,T-Shirt,Apparel,8,18.53,0,148.24,54.79
101324,2025-05-28,CUST0008,Customer_8,Central,P283,USB-C Hub,Electronics,2,143.75,0.1,258.75,46.87
101325,2025-01-25,CUST0069,Customer_69,North,P928,Wireless Mouse,Electronics,5,178.13,0,890.65,186.1
101326,2025-08-11,CUST0066,Customer_66,North,P471,Desk Lamp,Furniture,6,309.06,0,1854.36,412.29
101327,2025-04-24,CUST0041,Customer_41,North,P283,USB-C Hub,Electronics,8,99.38,0.15,675.78,116.66
101328,2025-12-19,CUST0015,Customer_15,South,P033,Notebook Pack,Stationery,4,299.54,0.2,958.53,200.47
101329,2025-07-10,CUST0052,Customer_52,West,P283,USB-C Hub,Electronics,3,272.65,0.1,736.15,149.57
101330,2025-11-17,CUST0040,Customer_40,West,P497,Bookshelf,Furniture,7,313.1,0.05,2082.12,425.44
101331,2025-09-07,CUST0033,Customer_33,South,P381,Laptop Stand,Electronics,1,315.63,0.05,299.85,116.08
101332,2025-03-23,CUST0063,Customer_63,West,P283,USB-C Hub,Electronics,9,152.7,0.15,1168.15,324.16
101333,2025-10-19,CUST0034,Customer_34,Central,P928,Wireless Mouse,Electronics,7,371.71,0,2601.97,552.78
101334,2025-09-23,CUST0005,Customer_5,South,P272,Jacket,Apparel,2,57.24,0,114.48,27.67
101335,2025-02-04,CUST0031,Customer_31,North,P858,Socks Pack,Apparel,6,201.64,0,1209.84,410.73
101336,2025-04-07,CUST0027,Customer_27,East,P033,Notebook Pack,Stationery,10,14.28,0,142.8,52.07
101337,2025-04-13,CUST0008,Customer_8,South,P272,Jacket,Apparel,3,426.5,0.1,1151.55,427.47
101338,2025-08-13,CUST0004,Customer_4,South,P884,T-Shirt,Apparel,4,273.93,0,1095.72,340.54
101339,2025-02-27,CUST0009,Customer_9,East,P858,Socks Pack,Apparel,9,15.72,0.15,120.26,36.44
101340,2025-02-23,CUST0030,Customer_30,Central,P381,Laptop Stand,Electronics,1,256.72,0.2,205.38,39.31
101341,2025-11-18,CUST0005,Customer_5,West,P928,Wireless Mouse,Electronics,11,372.21,0.05,3889.59,678.41
101342,2025-08-19,CUST0031,Customer_31,South,P858,Socks Pack,Apparel,5,160.55,0.15,682.34,149.52
101343,2025-04-25,CUST0019,Customer_19,North,P865,Pen Set,Stationery,7,449.62,0,3147.34,1126.69
101344,2025-01-22,CUST0059,Customer_59,East,P858,Socks Pack,Apparel,4,444.47,0,1777.88,426.63
101345,2025-08-02,CUST0059,Customer_59,West,P272,Jacket,Apparel,7,212.87,0,1490.09,549.09
101346,2025-05-06,CUST0028,Customer_28,Central,P471,Desk Lamp,Furniture,4,427.02,0.15,1451.87,230.88
101347,2025-07-29,CUST0048,Customer_48,West,P865,Pen Set,Stationery,7,70.47,0,493.29,155.04
101348,2025-11-16,CUST0053,Customer_53,Central,P283,USB-C Hub,Electronics,4,157.26,0,629.04,179.33
101349,2025-01-13,CUST0027,Customer_27,South,P858,Socks Pack,Apparel,11,84.17,0.15,786.99,120.22
101350,2025-04-12,CUST0020,Customer_20,West,P915,Cap,Apparel,8,116.6,0.15,792.88,249.39
101351,2025-11-10,CUST0068,Customer_68,North,P928,Wireless Mouse,Electronics,2,45.9,0,91.8,20.19
101352,2025-07-02,CUST0026,Customer_26,East,P519,Standing Desk,Furniture,5,379.58,0,1897.9,558.35
101353,2025-09-01,CUST0044,Customer_44,South,P497,Bookshelf,Furniture,5,52.86,0.1,237.87,81.95
101354,2025-11-13,CUST0053,Customer_53,South,P471,Desk Lamp,Furniture,9,285.88,0.15,2186.98,139.38
101355,2025-03-17,CUST0057,Customer_57,South,P928,Wireless Mouse,Electronics,3,397.06,0.05,1131.62,363.5
101356,2025-07-05,CUST0057,Customer_57,East,P566,Filing Cabinet,Furniture,1,436.87,0.15,371.34,69.16
101357,2025-02-05,CUST0023,Customer_23,South,P471,Desk Lamp,Furniture,5,307.4,0,1537.0,649.01
101358,2025-12-31,CUST0011,Customer_11,South,P139,Marker Pack,Stationery,8,15.05,0.1,108.36,29.57
101359,2025-09-20,CUST0036,Customer_36,East,P381,Laptop Stand,Electronics,6,408.37,0,2450.22,704.8
101360,2025-06-22,CUST0006,Customer_6,central,P361,Whiteboard,Stationery,11,43.47,0.1,430.35,163.61
101361,2025-06-04,CUST0049,Customer_49,West,P566,Filing Cabinet,Furniture,7,179.67,0.15,1069.04,166.05
101362,2025-08-06,CUST0053,Customer_53,East,P865,Pen Set,Stationery,6,325.85,0.1,1759.59,590.0
101363,2025-12-10,CUST0011,Customer_11,North,P139,Marker Pack,Stationery,2,18.17,0,36.34,9.03
101364,2025-02-03,CUST0020,Customer_20,East,P826,Office Chair,Furniture,2,12.26,0,24.52,6.52
101365,2025-03-21,CUST0075,Customer_75,South,P915,Cap,Apparel,11,54.78,0,602.58,262.7
101366,2025-02-11,CUST0024,Customer_24,North,P928,Wireless Mouse,Electronics,1,199.37,0.15,169.46,48.19
101367,2025-11-17,CUST0068,Customer_68,South,P566,Filing Cabinet,Furniture,4,321.04,0.05,1219.95,319.29
101368,2025-10-31,CUST0008,Customer_8,East,P620,Hoodie,Apparel,9,10.79,0,97.11,20.05
101369,2025-04-07,CUST0016,Customer_16,South,P283,USB-C Hub,Electronics,3,383.09,0.2,919.42,2.31
101370,2025-06-01,CUST0077,Customer_77,East,P858,Socks Pack,Apparel,11,134.15,0.05,1401.87,497.68
101371,2025-12-02,CUST0033,Customer_33,North,P865,Pen Set,Stationery,2,35.24,0.05,66.96,22.13
101372,2025-02-10,CUST0058,Customer_58,Central,P928,Wireless Mouse,Electronics,6,267.96,0,1607.76,442.91
101373,2025-05-15,CUST0041,Customer_41,West,P915,Cap,Apparel,12,366.45,0,4397.4,1429.49
101374,2025-04-08,CUST0030,Customer_30,East,P826,Office Chair,Furniture,12,163.98,0.05,1869.37,354.21
101375,2025-07-26,CUST0060,Customer_60,North,P272,Jacket,Apparel,3,70.8,0.2,169.92,32.63
101376,2025-07-15,CUST0020,Customer_20,South,P915,Cap,Apparel,1,200.0,0.2,160.0,16.91
101377,2025-04-22,CUST0013,Customer_13,West,P381,Laptop Stand,Electronics,8,74.26,0,594.08,237.97
101378,2025-10-09,CUST0036,Customer_36,South,P519,Standing Desk,Furniture,8,276.22,0.05,2099.27,644.77
101379,2025-06-30,CUST0014,Customer_14,Central,P932,Bluetooth Speaker,Electronics,12,218.7,0,2624.4,1088.16
101380,2025-08-02,CUST0063,Customer_63,Central,P932,Bluetooth Speaker,Electronics,11,78.1,0.15,730.23,191.01
101381,2025-03-08,CUST0068,Customer_68,East,P597,Sticky Notes,Stationery,12,173.02,0.15,1764.8,174.35
101382,2025-01-10,CUST0058,Customer_58,East,P361,Whiteboard,Stationery,4,100.58,0,402.32,111.82
101383,2025-09-01,CUST0036,Customer_36,Central,P139,Marker Pack,Stationery,6,316.66,0,1899.96,396.39
101384,2025-10-31,CUST0079,Customer_79,North,P519,Standing Desk,Furniture,8,256.98,0,2055.84,764.02
101385,2025-06-14,CUST0011,Customer_11,West,P272,Jacket,Apparel,10,405.99,0.15,3450.91,947.97
101386,2025-05-22,CUST0019,Customer_19,East,P033,Notebook Pack,Stationery,8,116.99,0.15,795.53,280.06
101387,2025-03-16,CUST0035,Customer_35,South,P361,Whiteboard,Stationery,6,275.31,0.1,1486.67,495.53
101388,2025-03-03,CUST0038,Customer_38,West,P283,USB-C Hub,Electronics,9,361.09,0,3249.81,1260.74
101389,2025-01-06,CUST0039,Customer_39,West,P865,Pen Set,Stationery,3,138.88,0,416.64,119.61
101390,2025-03-17,CUST0058,Customer_58,East,P858,Socks Pack,Apparel,3,270.48,0.2,649.15,139.14
101391,2025-11-07,CUST0059,Customer_59,East,P865,Pen Set,Stationery,10,64.81,0,648.1,271.57
101392,2025-06-11,CUST0049,Customer_49,North,P381,Laptop Stand,Electronics,11,151.16,0,1662.76,612.47
101393,2025-10-19,CUST0006,Customer_6,North,P283,USB-C Hub,Electronics,8,36.23,0,289.84,120.29
101394,2025-05-01,CUST0012,Customer_12,West,P597,Sticky Notes,Stationery,6,43.87,0,263.22,69.04
101395,2025-08-02,CUST0051,Customer_51,East,P471,Desk Lamp,Furniture,2,367.95,0.05,699.1,265.09
101396,2025-12-16,CUST0072,Customer_72,North,P928,Wireless Mouse,Electronics,11,380.56,0,4186.16,1382.8
101397,2025-03-20,CUST0018,Customer_18,Central,P597,Sticky Notes,Stationery,7,342.14,0.15,2035.73,481.5
101398,2025-12-09,CUST0054,Customer_54,west,P928,Wireless Mouse,Electronics,4,268.63,0,1074.52,421.88
101399,2025-10-25,CUST0048,Customer_48,Central,P566,Filing Cabinet,Furniture,4,75.3,0,301.2,66.63
101400,2025-09-19,CUST0050,Customer_50,East,P519,Standing Desk,Furniture,10,121.27,0,1212.7,446.56
101401,2025-08-20,CUST0004,Customer_4,South,P858,Socks Pack,Apparel,11,304.96,0.2,2683.65,498.41
101402,2025-02-24,CUST0027,Customer_27,South,P471,Desk Lamp,Furniture,12,338.29,0.2,3247.58,314.86
101403,2025-07-04,CUST0060,Customer_60,Central,P283,USB-C Hub,Electronics,10,401.47,0.2,3211.76,750.42
101404,2025-04-03,CUST0043,Customer_43,West,P566,Filing Cabinet,Furniture,12,179.75,0,2157.0,723.74
101405,2025-09-09,CUST0062,Customer_62,Central,P865,Pen Set,Stationery,2,280.44,0,560.88,132.83
101406,2025-05-21,CUST0001,Customer_1,East,P361,Whiteboard,Stationery,7,330.11,0,2310.77,983.68
101407,2025-08-05,CUST0048,Customer_48,North,P932,Bluetooth Speaker,Electronics,7,296.9,0,2078.3,534.93
101408,2025-04-15,CUST0016,Customer_16,West,P381,Laptop Stand,Electronics,3,14.34,0,43.02,11.56
101409,2025-10-13,CUST0035,Customer_35,South,P033,Notebook Pack,Stationery,12,256.95,0,3083.4,823.7
101410,2025-07-13,CUST0004,Customer_4,North,P381,Laptop Stand,Electronics,7,375.06,0.05,2494.15,935.29
101411,2025-02-02,CUST0036,Customer_36,South,P361,Whiteboard,Stationery,4,362.46,0,1449.84,409.13
101412,2025-01-01,CUST0006,Customer_6,North,P858,Socks Pack,Apparel,12,223.93,0,2687.16,728.51
101413,2025-07-08,CUST0059,Customer_59,Central,P858,Socks Pack,Apparel,3,172.98,0,518.94,139.31
101414,2025-06-27,CUST0053,Customer_53,South,P471,Desk Lamp,Furniture,7,172.47,0,1207.29,311.69
101415,2025-09-11,CUST0070,Customer_70,East,P915,Cap,Apparel,7,46.21,0,323.47,74.01
101416,2025-08-19,CUST0070,Customer_70,South,P826,Office Chair,Furniture,6,231.81,0.2,1112.69,6.01
101417,2025-03-23,CUST0074,Customer_74,North,P519,Standing Desk,Furniture,12,183.19,0.2,1758.62,319.31
101418,2025-09-24,CUST0014,Customer_14,East,P932,Bluetooth Speaker,Electronics,9,301.77,0,2715.93,719.92
101419,2025-07-11,CUST0071,Customer_71,West,P858,Socks Pack,Apparel,11,370.16,0,4071.76,1244.92
101420,2025-04-26,CUST0059,Customer_59,North,P519,Standing Desk,Furniture,12,8.26,0.2,79.3,0.77
101421,2025-12-22,CUST0040,Customer_40,South,P566,Filing Cabinet,Furniture,5,372.75,0.1,1677.38,354.93
101422,2025-03-03,CUST0027,Customer_27,East,P826,Office Chair,Furniture,2,120.02,0,240.04,82.7
101423,2025-11-02,CUST0039,Customer_39,West,P361,Whiteboard,Stationery,6,100.13,0.05,570.74,147.3
101424,2025-12-14,CUST0063,Customer_63,West,P381,Laptop Stand,Electronics,6,163.36,0,980.16,269.39
101425,2025-08-05,CUST0076,Customer_76,North,P361,Whiteboard,Stationery,1,175.95,0.05,167.15,36.99
101426,2025-02-12,CUST0032,Customer_32,West,P381,Laptop Stand,Electronics,7,339.08,0,2373.56,709.93
101427,2025-12-27,CUST0058,Customer_58,North,P471,Desk Lamp,Furniture,7,49.97,0.15,297.32,93.71
101428,2025-09-15,CUST0024,Customer_24,North,P915,Cap,Apparel,12,257.75,0.2,2474.4,58.01
101429,2025-09-22,CUST0063,Customer_63,East,P566,Filing Cabinet,Furniture,5,385.27,0,1926.35,727.06
101430,2025-02-09,CUST0026,Customer_26,South,P272,Jacket,Apparel,4,10.52,0.2,33.66,2.68
101431,2025-04-04,CUST0029,Customer_29,North,P139,Marker Pack,Stationery,8,109.1,0.05,829.16,172.72
101432,2025-11-06,CUST0073,Customer_73,Central,P381,Laptop Stand,Electronics,8,170.07,0.15,1156.48,261.92
101433,2025-10-06,CUST0014,Customer_14,North,P272,Jacket,Apparel,1,131.27,0.1,118.14,22.9
101434,2025-12-07,CUST0046,Customer_46,South,P272,Jacket,Apparel,9,414.32,0,3728.88,1565.19
101435,2025-04-11,CUST0058,Customer_58,Central,P139,Marker Pack,Stationery,5,219.22,0.2,876.88,94.19
101436,2025-04-29,CUST0026,Customer_26,North,P497,Bookshelf,Furniture,3,338.02,0.05,963.36,402.79
101437,2025-09-26,CUST0035,Customer_35,South,P932,Bluetooth Speaker,Electronics,3,149.23,0,447.69,105.14
101438,2025-09-03,CUST0028,Customer_28,North,P283,USB-C Hub,Electronics,7,252.44,0.15,1502.02,290.95
101439,2025-09-19,CUST0019,Customer_19,South,P381,Laptop Stand,Electronics,9,445.52,0,4009.68,1236.83
101440,2025-11-17,CUST0047,Customer_47,East,P497,Bookshelf,Furniture,7,34.38,0.05,228.63,93.69
101441,2025-12-10,CUST0048,Customer_48,South,P272,Jacket,Apparel,10,377.68,0,3776.8,992.72
101442,2025-09-18,CUST0053,Customer_53,West,P519,Standing Desk,Furniture,10,238.4,0.05,2264.8,492.83
101443,2025-10-15,CUST0011,Customer_11,East,P826,Office Chair,Furniture,6,130.61,0,783.66,261.64
101444,2025-06-17,CUST0040,Customer_40,Central,P858,Socks Pack,Apparel,8,178.65,0.2,1143.36,57.34
101445,2025-11-06,CUST0077,Customer_77,Central,P566,Filing Cabinet,Furniture,6,48.22,0.05,274.85,45.19
101446,2025-05-09,CUST0035,Customer_35,East,P597,Sticky Notes,Stationery,10,234.97,0,2349.7,512.93
101447,2025-06-28,CUST0040,Customer_40,West,P497,Bookshelf,Furniture,9,306.84,0,2761.56,1060.5
101448,2025-11-10,CUST0018,Customer_18,East,P865,Pen Set,Stationery,11,311.2,0.15,2909.72,562.45
101449,2025-09-24,CUST0023,Customer_23,East,P932,Bluetooth Speaker,Electronics,11,117.19,0.1,1160.18,196.6
101450,2025-09-12,CUST0048,Customer_48,East,P566,Filing Cabinet,Furniture,8,324.93,0.1,2339.5,611.47
101451,2025-05-10,CUST0016,Customer_16,East,P858,Socks Pack,Apparel,7,9.44,0,66.08,16.32
101452,2025-10-09,CUST0075,Customer_75,West,P139,Marker Pack,Stationery,10,193.86,0,1938.6,847.66
101453,2025-02-25,CUST0061,Customer_61,North,P272,Jacket,Apparel,6,60.79,0,364.74,152.92
101454,2025-02-25,CUST0071,Customer_71,North,P865,Pen Set,Stationery,2,417.18,0.15,709.21,162.02
101455,2025-01-06,CUST0015,Customer_15,South,P139,Marker Pack,Stationery,12,130.51,0.05,1487.81,532.21
101456,2025-05-17,CUST0071,Customer_71,South,P865,Pen Set,Stationery,3,18.15,0.1,49.0,14.74
101457,2025-07-16,CUST0027,Customer_27,East,P283,USB-C Hub,Electronics,2,260.49,0.1,468.88,54.87
101458,2025-05-07,CUST0053,Customer_53,East,P519,Standing Desk,Furniture,8,277.45,0,2219.6,489.63
101459,2025-06-07,CUST0056,Customer_56,West,P272,Jacket,Apparel,4,110.62,0.2,353.98,101.55
101460,2025-07-16,CUST0079,Customer_79,West,P884,T-Shirt,Apparel,9,346.15,0,3115.35,715.12
101461,2025-06-25,CUST0042,Customer_42,South,P381,Laptop Stand,Electronics,9,280.11,0.2,2016.79,351.56
101462,2025-11-04,CUST0049,Customer_49,South,P566,Filing Cabinet,Furniture,4,104.32,0,417.28,145.52
101463,2025-07-14,CUST0077,Customer_77,North,P884,T-Shirt,Apparel,11,421.39,0,4635.29,1337.89
101464,2025-07-19,CUST0074,Customer_74,West,P597,Sticky Notes,Stationery,7,17.06,0.05,113.45,26.15
101465,2025-04-28,CUST0035,Customer_35,Central,P597,Sticky Notes,Stationery,8,77.88,0,623.04,147.4
101466,2025-01-19,CUST0049,Customer_49,Central,P033,Notebook Pack,Stationery,4,47.77,0,191.08,81.57
101467,2025-05-11,CUST0058,Customer_58,South,P497,Bookshelf,Furniture,3,387.46,0,1162.38,269.96
101468,2025-09-24,CUST0009,Customer_9,South,P826,Office Chair,Furniture,10,31.05,0.15,263.93,32.37
101469,2025-08-05,CUST0022,Customer_22,North,P826,Office Chair,Furniture,4,274.36,0,1097.44,475.36
101470,2025-10-01,CUST0016,Customer_16,South,P858,Socks Pack,Apparel,6,-327.66,0,1965.96,622.39
101471,2025-03-29,CUST0035,Customer_35,North,P361,Webcam,Electronics,9,403.52,0.05,3450.1,1330.15
101472,2025-05-04,CUST0078,Customer_78,North,P139,Marker Pack,Stationery,5,212.38,0.05,1008.81,378.27
101473,2025-11-07,CUST0006,Customer_6,West,P381,Laptop Stand,Electronics,3,8.25,0.05,23.51,6.62
101474,2025-10-05,CUST0052,Customer_52,West,P858,Socks Pack,Apparel,6,355.58,0.1,1920.13,363.57
101475,2025-07-28,CUST0022,Customer_22,East,P620,Hoodie,Apparel,1,99.45,0.1,89.51,10.08
101476,2025-07-15,CUST0049,Customer_49,South,P597,Sticky Notes,Stationery,1,147.03,0,147.03,38.58
101477,2025-03-17,CUST0058,Customer_58,West,P497,Bookshelf,Furniture,7,116.07,0,812.49,182.71
101478,2025-12-31,CUST0060,Customer_60,South,P865,Pen Set,Stationery,8,65.64,0,525.12,204.09
101479,2025-06-01,CUST0048,Customer_48,North,P932,Bluetooth Speaker,Electronics,8,409.95,0.15,2787.66,268.83
101480,2025-09-20,CUST0071,Customer_71,Central,P884,T-Shirt,Apparel,8,37.95,0,303.6,121.93
101481,2025-03-16,CUST0072,Customer_72,North,P033,Notebook Pack,Stationery,1,233.2,0.15,198.22,39.58
101482,2025-11-10,CUST0059,Customer_59,Central,P139,Marker Pack,Stationery,6,133.94,0,803.64,200.66
101483,2025-09-07,CUST0056,Customer_56,South,P361,Webcam,Electronics,12,339.03,0.1,3661.52,1355.48
101484,2025-12-05,CUST0057,Customer_57,West,P865,Pen Set,Stationery,3,344.85,0,1034.55,441.45
101485,2025-01-23,CUST0039,Customer_39,South,P283,USB-C Hub,Electronics,4,192.92,0,771.68,266.69
101486,2025-04-18,CUST0001,Customer_1,South,P283,USB-C Hub,Electronics,1,125.35,0.05,119.08,25.47
101487,2025-12-11,CUST0064,Customer_64,East,P928,Wireless Mouse,Electronics,11,211.15,0,2322.65,687.04
101488,2025-05-13,CUST0074,Customer_74,Central,P597,Sticky Notes,Stationery,9,76.77,0.15,587.29,62.98
101489,2025-11-01,CUST0032,Customer_32,East,P826,Office Chair,Furniture,7,221.66,0,1551.62,333.62
101490,2025-07-27,CUST0007,Customer_7,South,P597,Sticky Notes,Stationery,2,372.24,0.1,670.03,218.94
101491,2025-03-20,CUST0013,Customer_13,North,P361,Whiteboard,Stationery,12,184.73,0.1,1995.08,592.31
101492,2025-12-06,CUST0009,Customer_9,West,P033,Notebook Pack,Stationery,7,187.42,0.05,1246.34,474.25
101493,2025-07-09,CUST0016,Customer_16,West,P865,Pen Set,Stationery,8,396.56,0.05,3013.86,533.11
101494,2025-05-01,CUST0037,Customer_37,West,P471,Desk Lamp,Furniture,3,156.56,0.1,422.71,125.97
101495,2025-02-12,CUST0002,Customer_2,South,P471,Desk Lamp,Furniture,7,-225.75,0,1580.25,341.98
101496,2025-04-01,CUST0005,Customer_5,Central,P497,Bookshelf,Furniture,6,308.0,0.2,1478.4,138.61
101497,2025-06-08,CUST0043,Customer_43,South,P928,Wireless Mouse,Electronics,10,44.4,0,444.0,131.61
101498,2025-09-09,CUST0014,Customer_14,Central,P139,Marker Pack,Stationery,5,280.02,0.1,1260.09,464.94
101499,2025-11-07,CUST0034,Customer_34,North,P471,Desk Lamp,Furniture,2,227.42,0,454.84,126.33
101500,2025-03-25,CUST0061,Customer_61,West,P915,Cap,Apparel,9,143.43,0.15,1097.24,159.53
101501,2025-06-08,CUST0042,Customer_42,North,P519,Standing Desk,Furniture,8,73.73,0,589.84,260.0
101502,2025-02-25,CUST0058,Customer_58,East,P519,Standing Desk,Furniture,12,40.46,0.2,388.42,81.0
101503,2025-08-11,CUST0053,Customer_53,West,P361,Webcam,Electronics,12,267.75,0.15,2731.05,795.4
101504,2025-07-20,CUST0025,Customer_25,West,P033,Notebook Pack,Stationery,1,21.87,0.2,17.5,1.08
101505,2025-12-04,CUST0051,Customer_51,West,P361,Whiteboard,Stationery,3,368.58,0.15,939.88,64.49
101506,2025-10-18,CUST0024,Customer_24,East,P283,USB-C Hub,Electronics,5,191.78,0.05,910.95,173.67
101507,2025-05-03,CUST0066,Customer_66,North,P915,Cap,Apparel,4,326.59,0.05,1241.04,509.98
101508,2025-11-11,CUST0048,Customer_48,South,P033,Notebook Pack,Stationery,2,221.4,0.2,354.24,3.4
101509,2025-12-04,CUST0065,Customer_65,Central,P139,Marker Pack,Stationery,7,401.2,0.1,2527.56,552.93
101510,2025-01-21,CUST0059,Customer_59,Central,P139,Marker Pack,Stationery,8,27.68,0,221.44,98.66
101511,2025-08-31,CUST0054,Customer_54,South,P858,Socks Pack,Apparel,10,110.08,0,1100.8,265.62
101512,2025-11-30,CUST0005,Customer_5,North,P471,Desk Lamp,Furniture,5,182.51,0,912.55,289.57
101513,2025-05-03,CUST0051,Customer_51,Central,P381,Laptop Stand,Electronics,1,431.72,0.2,345.38,21.24
101514,2025-08-02,CUST0003,Customer_3,Central,P139,Marker Pack,Stationery,11,30.63,0.1,303.24,99.95
101515,2025-05-01,CUST0050,Customer_50,North,P865,Pen Set,Stationery,9,298.0,0,2682.0,747.55
101516,2025-09-03,CUST0003,Customer_3,East,P283,USB-C Hub,Electronics,12,331.11,0,3973.32,1134.92
101517,2025-04-15,CUST0021,Customer_21,North,P033,Notebook Pack,Stationery,5,144.8,0.1,651.6,128.23
101518,2025-03-04,CUST0001,Customer_1,East,P826,Office Chair,Furniture,5,434.59,0,2172.95,562.3
101519,2025-10-01,CUST0060,Customer_60,North,P381,Laptop Stand,Electronics,11,279.55,0.2,2460.04,704.75
101520,2025-04-07,CUST0070,Customer_70,North,P033,Notebook Pack,Stationery,10,363.53,0.2,2908.24,212.23
101521,2025-09-25,CUST0069,Customer_69,West,P566,Filing Cabinet,Furniture,11,163.31,0,1796.41,425.07
101522,2025-07-26,CUST0028,Customer_28,North,P519,Standing Desk,Furniture,10,289.77,0.2,2318.16,299.66
101523,2025-12-03,CUST0064,Customer_64,North,P272,Jacket,Apparel,6,-292.0,0,1752.0,394.21
101524,2025-07-01,CUST0003,Customer_3,West,P597,Sticky Notes,Stationery,7,339.38,0,2375.66,493.2
101525,2025-11-01,CUST0067,Customer_67,East,P361,Webcam,Electronics,3,217.26,0.1,586.6,65.81
101526,2025-11-23,CUST0041,Customer_41,North,P497,Bookshelf,Furniture,9,371.4,0,3342.6,1471.63
101527,2025-03-12,CUST0034,Customer_34,Central,P620,Hoodie,Apparel,5,158.25,0.05,751.69,122.39
101528,2025-06-03,CUST0053,Customer_53,South,P928,Wireless Mouse,Electronics,5,152.87,0.15,649.7,211.52
101529,2025-02-21,CUST0047,Customer_47,South,P928,Wireless Mouse,Electronics,5,347.46,0,1737.3,395.93
101530,2025-02-10,CUST0030,Customer_30,North,P932,Bluetooth Speaker,Electronics,5,379.93,0.1,1709.69,306.4
101531,2025-10-23,CUST0070,Customer_70,North,P139,Marker Pack,Stationery,11,139.52,0.05,1457.98,325.24
101532,2025-02-17,CUST0043,Customer_43,West,P033,Notebook Pack,Stationery,3,38.39,0.1,103.65,40.19
101533,2025-07-27,CUST0070,Customer_70,South,P932,Bluetooth Speaker,Electronics,3,269.16,0.1,726.73,101.94
101534,2025-11-29,CUST0073,Customer_73,Central,P928,Wireless Mouse,Electronics,8,104.54,0.15,710.87,224.41
101535,2025-12-15,CUST0067,Customer_67,South,P139,Marker Pack,Stationery,12,351.11,0,4213.32,1377.07
101536,2025-12-08,CUST0050,Customer_50,West,P471,Desk Lamp,Furniture,5,160.17,0.05,760.81,125.39
101537,2025-05-08,CUST0079,Customer_79,North,P381,Laptop Stand,Electronics,5,294.57,0.05,1399.21,588.61
101538,2025-05-10,CUST0017,Customer_17,North,P471,Desk Lamp,Furniture,2,435.49,0,870.98,363.1
101539,2025-01-24,CUST0010,Customer_10,South,P620,Hoodie,Apparel,4,130.23,0,520.92,159.59
101540,2025-01-08,CUST0053,Customer_53,North,P932,Bluetooth Speaker,Electronics,4,205.61,0,822.44,221.17
101541,2025-07-30,CUST0049,Customer_49,West,P361,Whiteboard,Stationery,11,97.08,0.15,907.7,281.41
101542,2025-12-06,CUST0032,Customer_32,West,P272,Jacket,Apparel,5,201.35,0,1006.75,452.27
101543,2025-01-31,CUST0059,Customer_59,East,P865,Pen Set,Stationery,7,56.8,0,397.6,164.93
101544,2025-08-31,CUST0068,Customer_68,South,P361,Webcam,Electronics,8,161.75,0.15,1099.9,315.63
101545,2025-09-02,CUST0050,Customer_50,South,P865,Pen Set,Stationery,8,105.49,0,843.92,376.15
101546,2025-10-10,CUST0066,Customer_66,North,P826,Office Chair,Furniture,5,326.79,0.1,1470.56,467.8
101547,2025-06-08,CUST0052,Customer_52,East,P928,Wireless Mouse,Electronics,10,431.06,0,4310.6,1679.81
101548,2025-12-09,CUST0072,Customer_72,Central,P566,Filing Cabinet,Furniture,9,9.49,0,85.41,31.44
101549,2025-09-04,CUST0025,Customer_25,East,P826,Office Chair,Furniture,12,143.4,0.2,1376.64,247.43
101550,2025-12-09,CUST0078,Customer_78,East,P033,Notebook Pack,Stationery,7,216.56,0,1515.92,344.77
101551,2025-08-30,CUST0031,Customer_31,North,P361,Whiteboard,Stationery,4,198.42,0.1,714.31,274.53
101552,2025-04-29,CUST0053,Customer_53,Central,P283,USB-C Hub,Electronics,8,190.26,0.15,1293.77,429.0
101553,2025-04-20,CUST0028,Customer_28,East,P033,Notebook Pack,Stationery,1,121.35,0.1,109.22,30.07
101554,2025-04-18,CUST0012,Customer_12,Central,P865,Pen Set,Stationery,10,60.5,0.2,484.0,113.39
101555,2025-05-04,CUST0006,Customer_6,North,P915,Cap,Apparel,9,81.83,0.2,589.18,56.0
101556,2025-04-21,CUST0053,Customer_53,east,P033,Notebook Pack,Stationery,2,230.64,0,461.28,100.93
101557,2025-07-02,CUST0058,Customer_58,East,P826,Office Chair,Furniture,12,51.1,0.15,521.22,96.32
101558,2025-04-30,CUST0006,Customer_6,West,P519,Standing Desk,Furniture,4,95.36,0,381.44,127.7
101559,2025-03-02,CUST0027,Customer_27,South,P597,Sticky Notes,Stationery,11,-198.87,0.15,1859.43,621.67
101560,2025-07-11,CUST0005,Customer_5,South,P566,Filing Cabinet,Furniture,2,45.49,0,90.98,36.12
101561,2025-12-25,CUST0022,Customer_22,Central,P139,Marker Pack,Stationery,12,253.31,0.15,2583.76,508.49
101562,2025-06-18,CUST0058,Customer_58,West,P471,Desk Lamp,Furniture,9,299.95,0,2699.55,571.21
101563,2025-08-16,CUST0036,Customer_36,North,P597,Sticky Notes,Stationery,10,102.65,0.15,872.52,103.08
101564,2025-10-02,CUST0060,Customer_60,South,P361,Webcam,Electronics,2,360.1,0,720.2,161.9
101565,2025-02-27,CUST0072,Customer_72,North,P272,Jacket,Apparel,11,264.65,0.15,2474.48,278.96
101566,2025-04-29,CUST0017,Customer_17,South,P826,Office Chair,Furniture,9,387.37,0.1,3137.7,449.37
101567,2025-09-26,CUST0069,Customer_69,North,P932,Bluetooth Speaker,Electronics,5,154.78,0,773.9,188.04
101568,2025-04-16,CUST0018,Customer_18,Central,P826,Office Chair,Furniture,9,73.34,0.05,627.06,252.24
101569,2025-08-24,CUST0022,Customer_22,North,P597,Sticky Notes,Stationery,1,22.63,0,22.63,5.77
101570,2025-02-12,CUST0042,Customer_42,North,P471,Desk Lamp,Furniture,2,44.52,0,89.04,29.37
101571,2025-11-28,CUST0048,Customer_48,North,P361,Webcam,Electronics,1,325.9,0,325.9,121.17
101572,2025-05-29,CUST0038,Customer_38,Central,P865,Pen Set,Stationery,2,249.23,0,498.46,149.49
101573,2025-09-25,CUST0010,Customer_10,West,P519,Standing Desk,Furniture,5,229.63,0.2,918.52,274.85
101574,2025-08-28,CUST0004,Customer_4,West,P361,Webcam,Electronics,1,9.24,0,9.24,2.11
101575,2025-07-05,CUST0067,Customer_67,West,P139,Marker Pack,Stationery,3,187.09,0.1,505.14,179.19
101576,2025-04-27,CUST0042,Customer_42,West,P033,Notebook Pack,Stationery,6,145.08,0,870.48,220.85
101577,2025-01-21,CUST0061,Customer_61,Central,P381,Laptop Stand,Electronics,4,114.25,0.1,411.3,62.15
101578,2025-01-09,CUST0080,Customer_80,North,P519,Standing Desk,Furniture,2,34.83,0.2,55.73,16.6
101579,2025-09-28,CUST0016,Customer_16,Central,P932,Bluetooth Speaker,Electronics,11,332.11,0.2,2922.57,325.34
101580,2025-05-08,CUST0067,Customer_67,West,P566,Filing Cabinet,Furniture,12,345.62,0.1,3732.7,779.99
101581,2025-02-03,CUST0019,Customer_19,East,P858,Socks Pack,Apparel,11,138.46,0,1523.06,486.72
101582,2025-05-05,CUST0054,Customer_54,North,P497,Bookshelf,Furniture,12,328.55,0.1,3548.34,955.2
101583,2025-02-12,CUST0060,Customer_60,East,P381,Laptop Stand,Electronics,5,425.89,0.15,1810.03,431.27
101584,2025-05-29,CUST0006,Customer_6,South,P566,Filing Cabinet,Furniture,4,326.74,0,1306.96,477.06
101585,2025-01-12,CUST0011,Customer_11,Central,P272,Jacket,Apparel,5,189.75,0,948.75,222.22
101586,2025-09-16,CUST0003,Customer_3,South,P826,Office Chair,Furniture,6,114.72,0.15,585.07,120.29
101587,2025-03-10,CUST0060,Customer_60,East,P932,Bluetooth Speaker,Electronics,1,136.05,0.15,115.64,38.86
101588,2025-04-17,CUST0046,Customer_46,South,P471,Desk Lamp,Furniture,5,267.51,0.15,1136.92,360.41
101589,2025-02-16,CUST0013,Customer_13,North,P858,Socks Pack,Apparel,8,326.79,0.2,2091.46,572.68
101590,2025-10-31,CUST0012,Customer_12,South,P566,Filing Cabinet,Furniture,4,67.54,0.15,229.64,59.24
101591,2025-01-18,CUST0010,Customer_10,North,P361,Webcam,Electronics,9,227.53,0,2047.77,413.95
101592,2025-07-28,CUST0071,Customer_71,North,P928,Wireless Mouse,Electronics,3,100.25,0,300.75,60.36
101593,2025-08-01,CUST0015,Customer_15,East,P471,Desk Lamp,Furniture,9,416.55,0,3748.95,1041.84
101594,2025-05-16,CUST0037,Customer_37,East,P381,Laptop Stand,Electronics,1,397.97,0.15,338.27,98.12
101595,2025-01-30,CUST0010,Customer_10,Central,P139,Marker Pack,Stationery,2,365.36,0.2,584.58,86.6
101596,2025-04-26,CUST0030,Customer_30,West,P858,Socks Pack,Apparel,8,159.58,0,1276.64,387.28
101597,2025-03-22,CUST0028,Customer_28,North,P826,Office Chair,Furniture,4,207.47,0,829.88,303.38
101598,2025-12-23,CUST0038,Customer_38,East,P471,Desk Lamp,Furniture,9,188.0,0.15,1438.2,489.47
101599,2025-06-22,CUST0031,Customer_31,Central,P272,Jacket,Apparel,7,200.43,0.2,1122.41,89.88
101600,2025-03-07,CUST0055,Customer_55,South,P928,Wireless Mouse,Electronics,4,394.67,0,1578.68,505.08
101601,2025-11-08,CUST0012,Customer_12,South,P381,Laptop Stand,Electronics,3,310.73,0,932.19,344.82
101602,2025-04-22,CUST0033,Customer_33,West,P597,Sticky Notes,Stationery,1,369.29,0.1,332.36,78.45
101603,2025-09-06,CUST0055,Customer_55,North,P471,Desk Lamp,Furniture,4,442.89,0.2,1417.25,326.07
101604,2025-10-11,CUST0001,Customer_1,Central,P620,Hoodie,Apparel,6,139.91,0.05,797.49,154.71
101605,2025-07-28,CUST0006,Customer_6,North,P519,Standing Desk,Furniture,11,173.44,0.15,1621.66,513.14
101606,2025-12-22,CUST0003,Customer_3,East,P361,Webcam,Electronics,6,446.99,0.1,2413.75,464.28
101607,2025-01-09,CUST0058,Customer_58,Central,P139,Marker Pack,Stationery,3,186.06,0.1,502.36,96.82
101608,2025-11-16,CUST0074,Customer_74,West,P915,Cap,Apparel,9,291.65,0.2,2099.88,262.28
101609,2025-03-16,CUST0069,Customer_69,East,P139,Marker Pack,Stationery,7,289.46,0.1,1823.6,583.45
101610,2025-09-14,CUST0040,Customer_40,South,P519,Standing Desk,Furniture,4,55.89,0.2,178.85,12.28
101611,2025-08-09,CUST0052,Customer_52,West,P381,Laptop Stand,Electronics,10,317.26,0.1,2855.34,735.27
101612,2025-08-02,CUST0004,Customer_4,South,P620,Hoodie,Apparel,12,103.43,0.1,1117.04,141.79
101613,2025-12-10,CUST0078,Customer_78,East,P865,Pen Set,Stationery,9,69.23,0.1,560.76,100.15
101614,2025-07-28,CUST0016,Customer_16,South,P471,Desk Lamp,Furniture,10,199.89,0,1998.9,625.03
101615,2025-10-06,CUST0019,Customer_19,East,P915,Cap,Apparel,2,354.35,0.05,673.26,181.97
101616,2025-04-21,CUST0002,Customer_2,South,P272,Jacket,Apparel,2,305.03,0.15,518.55,48.46
101617,2025-06-22,CUST0016,Customer_16,East,P865,Pen Set,Stationery,5,184.21,0,921.05,359.07
101618,2025-01-21,CUST0004,Customer_4,West,P566,Filing Cabinet,Furniture,4,8.43,0.15,28.66,2.93
101619,2025-07-19,CUST0009,Customer_9,South,P928,Wireless Mouse,Electronics,7,230.72,0,1615.04,693.98
101620,2025-01-14,CUST0007,Customer_7,East,P381,Laptop Stand,Electronics,9,32.75,0.15,250.54,67.85
101621,2025-06-14,CUST0007,Customer_7,Central,P272,Jacket,Apparel,3,389.4,0.1,1051.38,351.66
101622,2025-11-18,CUST0019,Customer_19,West,P932,Bluetooth Speaker,Electronics,4,289.78,0,1159.12,516.73
101623,2025-07-20,CUST0021,Customer_21,South,P381,Laptop Stand,Electronics,3,328.9,0.2,789.36,33.79
101624,2025-10-12,CUST0012,Customer_12,Central,P272,Jacket,Apparel,7,416.01,0,2912.07,898.79
101625,2025-01-12,CUST0051,Customer_51,South,P033,Notebook Pack,Stationery,4,95.71,0.05,363.7,130.92
101626,2025-03-29,CUST0026,Customer_26,South,P361,Whiteboard,Stationery,2,214.5,0,429.0,143.26
101627,2025-03-26,CUST0014,Customer_14,West,P361,Webcam,Electronics,3,8.21,0,24.63,9.74
101628,2025-12-09,CUST0041,Customer_41,South,P566,Filing Cabinet,Furniture,8,249.38,0,1995.04,710.24
101629,2025-12-08,CUST0070,Customer_70,Central,P597,Sticky Notes,Stationery,5,269.91,0.15,1147.12,80.56
101630,2025-07-22,CUST0038,Customer_38,South,P928,Wireless Mouse,Electronics,7,129.72,0,908.04,354.93
101631,2025-07-23,CUST0061,Customer_61,South,P283,USB-C Hub,Electronics,8,335.49,0.05,2549.72,625.83
101632,2025-03-24,CUST0012,Customer_12,East,P858,Socks Pack,Apparel,9,373.68,0,3363.12,985.17
101633,2025-03-29,CUST0074,Customer_74,West,P361,Whiteboard,Stationery,12,311.56,0.05,3551.78,1276.9
101634,2025-10-04,CUST0032,Customer_32,East,P361,Webcam,Electronics,3,248.23,0,744.69,259.07
101635,2025-01-12,CUST0064,Customer_64,North,P272,Jacket,Apparel,11,417.78,0,4595.58,1546.9
101636,2025-05-01,CUST0052,Customer_52,North,P826,Office Chair,Furniture,6,345.92,0.05,1971.74,549.69
101637,2025-04-25,CUST0045,Customer_45,east,P865,Pen Set,Stationery,2,446.53,0.15,759.1,72.91
101638,2025-08-18,CUST0014,Customer_14,South,P361,Whiteboard,Stationery,10,74.45,0,744.5,237.71
101639,2025-06-17,CUST0073,Customer_73,East,P272,Jacket,Apparel,10,430.06,0.1,3870.54,870.19
101640,2025-10-05,CUST0037,Customer_37,North,P283,USB-C Hub,Electronics,3,402.34,0,1207.02,286.4
101641,2025-04-28,CUST0070,Customer_70,South,P858,Socks Pack,Apparel,12,313.6,0.1,3386.88,405.42
101642,2025-11-09,CUST0066,Customer_66,West,P928,Wireless Mouse,Electronics,5,161.28,0.15,685.44,131.91
101643,2025-01-19,CUST0057,Customer_57,West,P932,Bluetooth Speaker,Electronics,3,111.99,0.1,302.37,83.85
101644,2025-12-03,CUST0024,Customer_24,Central,P361,Webcam,Electronics,8,129.51,0.2,828.86,238.81
101645,2025-08-25,CUST0064,Customer_64,West,P272,Jacket,Apparel,9,74.26,0.1,601.51,137.92
101646,2025-03-20,CUST0017,Customer_17,Central,P139,Marker Pack,Stationery,10,94.7,0.15,804.95,275.06
101647,2025-07-24,CUST0024,Customer_24,East,P497,Bookshelf,Furniture,1,315.41,0,315.41,89.61
101648,2025-11-14,CUST0043,Customer_43,Central,P858,Socks Pack,Apparel,1,21.54,0,21.54,8.79
101649,2025-07-11,CUST0035,Customer_35,South,P865,Pen Set,Stationery,9,181.78,0.1,1472.42,411.43
101650,2025-05-31,CUST0024,Customer_24,West,P519,Standing Desk,Furniture,11,243.45,0.1,2410.15,370.39
101651,2025-04-10,CUST0070,Customer_70,East,P932,Bluetooth Speaker,Electronics,7,80.67,0,564.69,157.48
101652,2025-09-05,CUST0023,Customer_23,Central,P361,Whiteboard,Stationery,3,436.13,0,1308.39,456.74
101653,2025-06-25,CUST0068,Customer_68,West,P033,Notebook Pack,Stationery,4,388.32,0.1,1397.95,502.4
101654,2025-11-27,CUST0063,Customer_63,West,P361,Whiteboard,Stationery,9,151.37,0.1,1226.1,367.68
101655,2025-05-14,CUST0029,Customer_29,Central,P283,USB-C Hub,Electronics,5,285.63,0,1428.15,329.28
101656,2025-02-27,CUST0062,Customer_62,Central,P620,Hoodie,Apparel,1,96.02,0.2,76.82,7.09
101657,2025-02-14,CUST0047,Customer_47,East,P566,Filing Cabinet,Furniture,5,46.99,0,234.95,79.08
101658,2025-04-21,CUST0023,Customer_23,Central,P139,Marker Pack,Stationery,4,369.35,0.05,1403.53,322.13
101659,2025-08-18,CUST0041,Customer_41,North,P928,Wireless Mouse,Electronics,10,125.46,0.2,1003.68,266.7
101660,2025-02-14,CUST0005,Customer_5,North,P865,Pen Set,Stationery,8,177.26,0.1,1276.27,160.25
101661,2025-10-15,CUST0008,Customer_8,Central,P566,Filing Cabinet,Furniture,1,128.08,0,128.08,50.11
101662,2025-06-28,CUST0052,Customer_52,West,P519,Standing Desk,Furniture,6,254.37,0.2,1220.98,85.53
101663,2025-10-26,CUST0065,Customer_65,South,P272,Jacket,Apparel,9,203.45,0,1831.05,429.11
101664,2025-06-22,CUST0036,Customer_36,Central,P139,Marker Pack,Stationery,7,434.32,0.2,2432.19,101.24
101665,2025-06-05,CUST0079,Customer_79,North,P928,Wireless Mouse,Electronics,12,197.22,0,2366.64,1049.96
101666,2025-06-07,CUST0048,Customer_48,South,P471,Desk Lamp,Furniture,11,396.26,0,4358.86,917.04
101667,2025-03-01,CUST0042,Customer_42,Central,P033,Notebook Pack,Stationery,4,10.46,0,41.84,13.8
101668,2025-10-12,CUST0024,Customer_24,West,P932,Bluetooth Speaker,Electronics,5,133.69,0.1,601.61,146.26
101669,2025-09-09,CUST0019,Customer_19,East,P620,Hoodie,Apparel,7,206.46,0.15,1228.44,148.56
101670,2025-01-04,CUST0017,Customer_17,North,P139,Marker Pack,Stationery,12,319.03,0,3828.36,1447.2
101671,2025-03-30,CUST0070,Customer_70,South,P283,USB-C Hub,Electronics,4,377.66,0,1510.64,604.19
101672,2025-11-17,CUST0040,Customer_40,West,P928,Wireless Mouse,Electronics,7,334.33,0,2340.31,749.14
101673,2025-10-11,CUST0060,Customer_60,North,P033,Notebook Pack,Stationery,9,80.96,0.05,692.21,217.86
101674,2025-04-03,CUST0045,Customer_45,East,P272,Jacket,Apparel,6,123.07,0,738.42,228.53
101675,2025-10-20,CUST0005,Customer_5,West,P865,Pen Set,Stationery,10,47.88,0.2,383.04,26.87
101676,2025-05-04,CUST0014,Customer_14,North,P884,T-Shirt,Apparel,9,392.11,0.15,2999.64,670.92
101677,2025-08-23,CUST0028,Customer_28,South,P566,Filing Cabinet,Furniture,12,329.91,0.1,3563.03,736.96
101678,2025-06-16,CUST0024,Customer_24,West,P519,Standing Desk,Furniture,10,430.2,0.1,3871.8,1275.44
101679,2025-08-07,CUST0042,Customer_42,South,P932,Bluetooth Speaker,Electronics,4,252.49,0,1009.96,394.78
101680,2025-05-06,CUST0074,Customer_74,West,P497,Bookshelf,Furniture,9,423.35,0,3810.15,1316.53
101681,2025-09-10,CUST0029,Customer_29,East,P566,Filing Cabinet,Furniture,5,117.23,0,586.15,180.09
101682,2025-09-13,CUST0079,Customer_79,west,P283,USB-C Hub,Electronics,8,274.79,0.2,1758.66,76.61
101683,2025-08-14,CUST0009,Customer_9,Central,P826,Office Chair,Furniture,6,116.95,0.1,631.53,163.41
101684,2025-04-20,CUST0063,Customer_63,South,P865,Pen Set,Stationery,10,428.45,0.1,3856.05,1239.26
101685,2025-02-20,CUST0018,Customer_18,South,P361,Whiteboard,Stationery,12,357.44,0.2,3431.42,1014.1
101686,2025-05-16,CUST0071,Customer_71,Central,P858,Socks Pack,Apparel,11,399.09,0.1,3950.99,983.95
101687,2025-12-21,CUST0048,Customer_48,North,P865,Pen Set,Stationery,4,289.74,0.05,1101.01,195.77
101688,2025-06-04,CUST0031,Customer_31,West,P884,T-Shirt,Apparel,10,385.99,0.1,3473.91,1041.46
101689,2025-03-25,CUST0027,Customer_27,Central,P928,Wireless Mouse,Electronics,3,292.17,0,876.51,223.68
101690,2025-02-17,CUST0039,Customer_39,North,P566,Filing Cabinet,Furniture,5,296.96,0.15,1262.08,255.62
101691,2025-01-03,CUST0074,Customer_74,Central,P272,Jacket,Apparel,2,101.0,0.1,181.8,45.46
101692,2025-01-25,CUST0020,Customer_20,West,P826,Office Chair,Furniture,4,77.57,0.2,248.22,24.29
101693,2025-03-13,CUST0007,Customer_7,West,P361,Webcam,Electronics,12,305.66,0,3667.92,1547.21
101694,2025-01-22,CUST0016,Customer_16,Central,P381,Laptop Stand,Electronics,3,327.57,0.15,835.3,112.37
101695,2025-04-12,CUST0080,Customer_80,South,P826,Office Chair,Furniture,5,260.77,0.05,1238.66,397.58
101696,2025-08-22,CUST0039,Customer_39,Central,P283,USB-C Hub,Electronics,5,85.85,0,429.25,162.64
101697,2025-03-13,CUST0044,Customer_44,East,P361,Webcam,Electronics,11,152.37,0,1676.07,691.33
101698,2025-10-30,CUST0025,Customer_25,North,P597,Sticky Notes,Stationery,12,176.18,0.2,1691.33,493.65
101699,2025-12-08,CUST0073,Customer_73,North,P865,Pen Set,Stationery,12,265.89,0.2,2552.54,784.03
101700,2025-03-14,CUST0036,Customer_36,East,P566,Filing Cabinet,Furniture,6,250.97,0.1,1355.24,389.0
101701,2025-01-14,CUST0034,Customer_34,West,P283,USB-C Hub,Electronics,1,70.25,0.05,66.74,11.77
101702,2025-09-03,CUST0030,Customer_30,North,P915,Cap,Apparel,1,81.53,0.1,73.38,27.28
101703,2025-01-12,CUST0053,Customer_53,North,P519,Standing Desk,Furniture,3,388.12,0.1,1047.92,218.29
101704,2025-03-23,CUST0001,Customer_1,East,P497,Bookshelf,Furniture,1,118.37,0,118.37,52.77
101705,2025-09-12,CUST0073,Customer_73,East,P915,Cap,Apparel,7,402.72,0,2819.04,829.57
101706,2025-06-28,CUST0048,Customer_48,North,P361,Whiteboard,Stationery,3,426.03,0,1278.09,421.91
101707,2025-08-25,CUST0056,Customer_56,Central,P928,Wireless Mouse,Electronics,1,253.28,0.2,202.62,55.81
101708,2025-07-31,CUST0071,Customer_71,West,P826,Office Chair,Furniture,8,184.2,0.2,1178.88,20.92
101709,2025-10-06,CUST0002,Customer_2,North,P932,Bluetooth Speaker,Electronics,8,55.47,0.1,399.38,151.93
101710,2025-08-26,CUST0011,Customer_11,West,P471,Desk Lamp,Furniture,1,188.6,0,188.6,73.25
101711,2025-01-25,CUST0037,Customer_37,South,P139,Marker Pack,Stationery,5,225.48,0,1127.4,281.56
101712,2025-01-09,CUST0073,Customer_73,West,P620,Hoodie,Apparel,6,243.01,0.1,1312.25,263.77
101713,2025-05-10,CUST0064,Customer_64,South,P283,USB-C Hub,Electronics,2,256.08,0,512.16,205.0
101714,2025-08-14,CUST0033,Customer_33,North,P272,Jacket,Apparel,7,371.85,0,2602.95,941.47
101715,2025-12-25,CUST0061,Customer_61,North,P928,Wireless Mouse,Electronics,1,441.08,0.05,419.03,130.7
101716,2025-10-29,CUST0004,Customer_4,North,P928,Wireless Mouse,Electronics,1,205.54,0.05,195.26,47.96
101717,2025-12-02,CUST0034,Customer_34,East,P471,Desk Lamp,Furniture,9,38.03,0.15,290.93,54.51
101718,2025-12-08,CUST0009,Customer_9,Central,P865,Pen Set,Stationery,1,120.94,0.1,108.85,27.16
101719,2025-09-12,CUST0051,Customer_51,North,P620,Hoodie,Apparel,11,36.78,0.05,384.35,102.12
101720,2025-10-12,CUST0038,Customer_38,East,P381,Laptop Stand,Electronics,7,430.31,0,3012.17,1192.61
101721,2025-10-20,CUST0035,Customer_35,Central,P519,Standing Desk,Furniture,3,344.89,0.05,982.94,366.53
101722,2025-10-26,CUST0073,Customer_73,East,P361,Webcam,Electronics,8,364.7,0,2917.6,793.96
101723,2025-12-05,CUST0018,Customer_18,Central,P283,USB-C Hub,Electronics,8,30.53,0.05,232.03,47.64
101724,2025-07-30,CUST0008,Customer_8,Central,P826,Office Chair,Furniture,11,363.04,0.15,3394.42,938.96
101725,2025-05-01,CUST0048,Customer_48,Central,P620,Hoodie,Apparel,2,44.91,0.05,85.33,14.32
101726,2025-05-29,CUST0066,Customer_66,South,P928,Wireless Mouse,Electronics,9,418.21,0,3763.89,1407.59
101727,2025-07-02,CUST0067,Customer_67,North,P471,Desk Lamp,Furniture,8,437.85,0,3502.8,1192.99
101728,2025-01-14,CUST0034,Customer_34,South,P381,Laptop Stand,Electronics,8,149.53,0.15,1016.8,330.85
101729,2025-02-13,CUST0039,Customer_39,West,P884,T-Shirt,Apparel,11,303.25,0,3335.75,1075.03
101730,2025-03-26,CUST0077,Customer_77,Central,P858,Socks Pack,Apparel,9,74.49,0.15,569.85,75.06
101731,2025-09-02,CUST0007,Customer_7,North,P033,Notebook Pack,Stationery,10,164.75,0.15,1400.38,445.69
101732,2025-07-01,CUST0055,Customer_55,Central,P381,Laptop Stand,Electronics,9,291.91,0,2627.19,862.04
101733,2025-07-13,CUST0046,Customer_46,West,P381,Laptop Stand,Electronics,10,360.66,0.2,2885.28,307.8
101734,2025-11-06,CUST0054,Customer_54,Central,P139,Marker Pack,Stationery,7,177.61,0,1243.27,335.57
101735,2025-09-19,CUST0040,Customer_40,West,P826,Office Chair,Furniture,8,13.13,0.1,94.54,27.89
101736,2025-07-02,CUST0075,Customer_75,Central,P566,Filing Cabinet,Furniture,5,247.84,0,1239.2,557.53
101737,2025-05-17,CUST0069,Customer_69,West,P858,Socks Pack,Apparel,12,229.8,0.1,2481.84,936.83
101738,2025-09-03,CUST0020,Customer_20,North,P858,Socks Pack,Apparel,10,38.12,0,381.2,112.15
101739,2025-02-27,CUST0076,Customer_76,South,P497,Bookshelf,Furniture,11,341.93,0.1,3385.11,714.55
101740,2025-07-28,CUST0014,Customer_14,South,P519,Standing Desk,Furniture,8,326.11,0,2608.88,951.11
101741,2025-10-12,CUST0066,Customer_66,South,P381,Laptop Stand,Electronics,6,352.65,0.15,1798.51,623.16
101742,2025-06-04,CUST0064,Customer_64,North,P497,Bookshelf,Furniture,2,280.4,0.05,532.76,179.75
101743,2025-05-21,CUST0004,Customer_4,North,P272,Jacket,Apparel,2,215.76,0.15,366.79,77.21
101744,2025-05-13,CUST0077,Customer_77,West,P361,Webcam,Electronics,9,430.74,0.15,3295.16,1160.23
101745,2025-02-19,CUST0035,Customer_35,South,P381,Laptop Stand,Electronics,5,190.86,0.2,763.44,1.13
101746,2025-07-21,CUST0049,Customer_49,South,P139,Marker Pack,Stationery,7,280.48,0.1,1767.02,384.12
101747,2025-12-23,CUST0080,Customer_80,North,P915,Cap,Apparel,9,176.47,0,1588.23,441.25
101748,2025-06-10,CUST0007,Customer_7,North,P928,Wireless Mouse,Electronics,10,67.57,0.1,608.13,121.71
101749,2025-07-04,CUST0032,Customer_32,North,P884,T-Shirt,Apparel,6,58.12,0.05,331.28,132.63
101750,2025-10-12,CUST0051,Customer_51,North,P566,Filing Cabinet,Furniture,6,117.86,0.15,601.09,97.66
101751,2025-07-10,CUST0077,Customer_77,Central,P381,Laptop Stand,Electronics,8,11.39,0,91.12,27.47
101752,2025-09-29,CUST0075,Customer_75,East,P865,Pen Set,Stationery,1,137.65,0.05,130.77,20.7
101753,2025-10-13,CUST0079,Customer_79,East,P272,Jacket,Apparel,8,189.42,0,1515.36,382.94
101754,2025-06-09,CUST0041,Customer_41,North,P915,Cap,Apparel,8,342.27,0,2738.16,864.22
101755,2025-06-07,CUST0041,Customer_41,South,P519,Standing Desk,Furniture,9,363.93,0,3275.37,1125.78
101756,2025-07-27,CUST0049,Customer_49,West,P519,Standing Desk,Furniture,7,156.74,0,1097.18,478.87
101757,2025-06-27,CUST0030,Customer_30,South,P928,Wireless Mouse,Electronics,12,419.91,0.05,4786.97,1813.67
101758,2025-04-03,CUST0058,Customer_58,East,P272,Jacket,Apparel,12,298.24,0,3578.88,1251.5
101759,2025-02-23,CUST0011,Customer_11,Central,P497,Bookshelf,Furniture,12,442.7,0,5312.4,1895.85
101760,2025-09-22,CUST0050,Customer_50,West,P928,Wireless Mouse,Electronics,9,14.64,0.05,125.17,33.31
101761,2025-10-14,CUST0017,Customer_17,North,P826,Office Chair,Furniture,3,263.41,0,790.23,267.87
101762,2025-03-11,CUST0053,Customer_53,North,P865,Pen Set,Stationery,11,366.9,0,4035.9,1667.56
101763,2025-09-28,CUST0033,Customer_33,West,P566,Filing Cabinet,Furniture,6,108.77,0,652.62,180.05
101764,2025-08-25,CUST0071,Customer_71,South,P865,Pen Set,Stationery,6,442.66,0.1,2390.36,813.5
101765,2025-04-30,CUST0065,Customer_65,West,P597,Sticky Notes,Stationery,6,360.24,0,2161.44,947.17
101766,2025-05-27,CUST0060,Customer_60,South,P865,Pen Set,Stationery,4,381.72,0,1526.88,644.57
101767,2025-08-18,CUST0037,Customer_37,West,P858,Socks Pack,Apparel,12,368.49,0,4421.88,1491.56
101768,2025-05-31,CUST0022,Customer_22,West,P620,Hoodie,Apparel,1,92.7,0.2,74.16,10.31
101769,2025-09-01,CUST0046,Customer_46,West,P361,Webcam,Electronics,1,362.13,0,362.13,108.03
101770,2025-05-11,CUST0043,Customer_43,East,P826,Office Chair,Furniture,7,277.13,0.2,1551.93,10.25
101771,2025-03-16,CUST0035,Customer_35,North,P497,Bookshelf,Furniture,4,397.44,0,1589.76,701.18
101772,2025-07-22,CUST0057,Customer_57,East,P858,Socks Pack,Apparel,5,235.27,0,1176.35,281.57
101773,2025-05-11,CUST0047,Customer_47,Central,P597,Sticky Notes,Stationery,7,31.64,0.1,199.33,65.87
101774,2025-09-01,CUST0078,Customer_78,East,P566,Filing Cabinet,Furniture,12,354.65,0,4255.8,1898.54
101775,2025-03-17,CUST0069,Customer_69,West,P858,Socks Pack,Apparel,9,300.19,0.2,2161.37,311.46
101776,2025-08-06,CUST0076,Customer_76,South,P471,Desk Lamp,Furniture,1,143.29,0,143.29,47.24
101777,2025-08-19,CUST0018,Customer_18,Central,P361,Whiteboard,Stationery,4,24.1,0,96.4,22.61
101778,2025-12-30,CUST0033,Customer_33,South,P497,Bookshelf,Furniture,3,407.81,0.2,978.74,135.57
101779,2025-05-01,CUST0031,Customer_31,North,P283,USB-C Hub,Electronics,2,443.52,0.15,753.98,144.21
101780,2025-10-18,CUST0027,Customer_27,South,P471,Desk Lamp,Furniture,9,416.48,0.15,3186.07,582.79
101781,2025-03-01,CUST0002,Customer_2,Central,P519,Standing Desk,Furniture,3,400.92,0,1202.76,522.29
101782,2025-02-28,CUST0006,Customer_6,West,P361,Webcam,Electronics,11,271.81,0.2,2391.93,330.31
101783,2025-10-08,CUST0011,Customer_11,South,P865,Pen Set,Stationery,6,177.6,0,1065.6,402.59
101784,2025-06-13,CUST0032,Customer_32,West,P361,Webcam,Electronics,9,341.76,0.2,2460.67,397.87
101785,2025-10-09,CUST0018,Customer_18,North,P497,Bookshelf,Furniture,5,188.63,0.1,848.84,255.51
101786,2025-01-09,CUST0059,Customer_59,East,P620,Hoodie,Apparel,1,171.57,0.2,137.26,30.93
101787,2025-08-13,CUST0010,Customer_10,West,P033,Notebook Pack,Stationery,12,28.37,0.05,323.42,53.41
101788,2025-01-07,CUST0051,Customer_51,South,P597,Sticky Notes,Stationery,2,-321.36,0.15,546.31,57.73
101789,2025-08-17,CUST0070,Customer_70,Central,P033,Notebook Pack,Stationery,7,279.44,0.1,1760.47,553.15
101790,2025-01-08,CUST0048,Customer_48,West,P566,Filing Cabinet,Furniture,7,250.32,0,1752.24,545.84
101791,2025-11-15,CUST0052,Customer_52,Central,P566,Filing Cabinet,Furniture,10,210.93,0,2109.3,670.78
101792,2025-11-22,CUST0073,Customer_73,Central,P381,Laptop Stand,Electronics,9,447.79,0.15,3425.59,563.37
101793,2025-10-30,CUST0055,Customer_55,West,P497,Bookshelf,Furniture,8,381.0,0.1,2743.2,720.49
101794,2025-03-06,CUST0003,Customer_3,West,P283,USB-C Hub,Electronics,7,397.48,0.2,2225.89,8.17
101795,2025-10-23,CUST0072,Customer_72,North,P566,Filing Cabinet,Furniture,1,141.8,0,141.8,44.2
101796,2025-10-20,CUST0048,Customer_48,North,P826,Office Chair,Furniture,8,167.65,0.1,1207.08,364.02
101797,2025-12-28,CUST0012,Customer_12,North,P566,Filing Cabinet,Furniture,5,178.21,0,891.05,226.31
101798,2025-11-27,CUST0071,Customer_71,South,P497,Bookshelf,Furniture,2,276.98,0.1,498.56,138.1
101799,2025-03-14,CUST0078,Customer_78,East,P915,Cap,Apparel,9,267.73,0.05,2289.09,931.66
101800,2025-03-09,CUST0014,Customer_14,West,P597,Sticky Notes,Stationery,6,222.86,0.2,1069.73,319.12
101801,2025-10-23,CUST0019,Customer_19,North,P497,Bookshelf,Furniture,8,375.08,0.15,2550.54,469.2
101802,2025-12-27,CUST0044,Customer_44,East,P915,Cap,Apparel,1,211.04,0,211.04,51.32
101803,2025-04-01,CUST0065,Customer_65,east,P471,Desk Lamp,Furniture,10,153.02,0.15,1300.67,120.32
101804,2025-09-24,CUST0067,Customer_67,South,P519,Standing Desk,Furniture,12,123.72,0.05,1410.41,504.64
101805,2025-10-05,CUST0048,Customer_48,North,P381,Laptop Stand,Electronics,2,34.04,0,68.08,14.59
101806,2025-01-01,CUST0079,Customer_79,South,P566,Filing Cabinet,Furniture,2,441.63,0.15,750.77,245.95
101807,2025-01-23,CUST0047,Customer_47,North,P566,Filing Cabinet,Furniture,1,370.8,0,370.8,148.36
101808,2025-10-31,CUST0041,Customer_41,North,P928,Wireless Mouse,Electronics,8,121.34,0.15,825.11,89.8
101809,2025-06-09,CUST0072,Customer_72,Central,P597,Sticky Notes,Stationery,4,366.34,0,1465.36,367.27
101810,2025-10-21,CUST0028,Customer_28,North,P915,Cap,Apparel,3,271.07,0,813.21,171.48
101811,2025-11-16,CUST0066,Customer_66,South,P566,Filing Cabinet,Furniture,4,363.71,0.2,1163.87,167.88
101812,2025-02-06,CUST0005,Customer_5,Central,P597,Sticky Notes,Stationery,1,75.95,0.2,60.76,8.33
101813,2025-02-05,CUST0060,Customer_60,South,P865,Pen Set,Stationery,12,167.09,0,2005.08,639.61
101814,2025-08-04,CUST0068,Customer_68,West,P381,Laptop Stand,Electronics,5,440.72,0.05,2093.42,860.0
101815,2025-04-23,CUST0033,Customer_33,East,P139,Marker Pack,Stationery,9,94.29,0,848.61,176.58
101816,2025-11-19,CUST0039,Customer_39,West,P620,Hoodie,Apparel,9,28.97,0,260.73,113.87
101817,2025-07-21,CUST0047,Customer_47,South,P858,Socks Pack,Apparel,6,163.78,0,982.68,206.14
101818,2025-01-05,CUST0077,Customer_77,West,P361,Webcam,Electronics,6,406.82,0,2440.92,1033.03
101819,2025-01-15,CUST0077,Customer_77,Central,P283,USB-C Hub,Electronics,2,428.36,0,856.72,286.42
101820,2025-12-18,CUST0003,Customer_3,North,P497,Bookshelf,Furniture,5,319.24,0.05,1516.39,366.34
101821,2025-11-21,CUST0004,Customer_4,East,P858,Socks Pack,Apparel,6,414.36,0,2486.16,610.62
101822,2025-04-01,CUST0001,Customer_1,Central,P283,USB-C Hub,Electronics,3,201.48,0,604.44,153.39
101823,2025-01-06,CUST0021,Customer_21,South,P884,T-Shirt,Apparel,2,149.22,0,298.44,118.29
101824,2025-12-02,CUST0076,Customer_76,East,P361,Whiteboard,Stationery,11,401.64,0,4418.04,1952.78
101825,2025-02-21,CUST0057,Customer_57,Central,P519,Standing Desk,Furniture,8,270.97,0,2167.76,471.08
101826,2025-04-29,CUST0009,Customer_9,East,P928,Wireless Mouse,Electronics,7,135.23,0.15,804.62,136.78
101827,2025-12-20,CUST0075,Customer_75,West,P928,Wireless Mouse,Electronics,5,161.91,0,809.55,186.54
101828,2025-05-26,CUST0009,Customer_9,East,P361,Webcam,Electronics,5,285.07,0,1425.35,300.96
101829,2025-03-31,CUST0070,Customer_70,South,P597,Sticky Notes,Stationery,4,409.91,0.15,1393.69,259.44
101830,2025-01-18,CUST0008,Customer_8,West,P272,Jacket,Apparel,10,423.73,0,4237.3,1224.45
101831,2025-10-08,CUST0008,Customer_8,South,P361,Webcam,Electronics,7,324.97,0.05,2161.05,760.48
101832,2025-12-22,CUST0017,Customer_17,East,P519,Standing Desk,Furniture,10,382.94,0,3829.4,1166.96
101833,2025-07-21,CUST0063,Customer_63,East,P272,Jacket,Apparel,3,155.71,0,467.13,184.75
101834,2025-04-19,CUST0049,Customer_49,West,P597,Sticky Notes,Stationery,3,405.29,0,1215.87,460.25
101835,2025-02-01,CUST0024,Customer_24,North,P519,Standing Desk,Furniture,4,144.01,0.2,460.83,130.29
101836,2025-01-21,CUST0054,Customer_54,Central,P932,Bluetooth Speaker,Electronics,4,10.48,0.2,33.54,0.43
101837,2025-05-05,CUST0002,Customer_2,South,P826,Office Chair,Furniture,2,-177.74,0.05,337.71,122.65
101838,2025-12-14,CUST0043,Customer_43,Central,P915,Cap,Apparel,10,253.97,0.1,2285.73,602.45
101839,2025-10-31,CUST0076,Customer_76,South,P915,Cap,Apparel,3,182.7,0,548.1,116.03
101840,2025-04-02,CUST0002,Customer_2,West,P566,Filing Cabinet,Furniture,6,164.35,0,986.1,424.58
101841,2025-12-22,CUST0077,Customer_77,South,P826,Office Chair,Furniture,8,58.62,0.2,375.17,76.88
101842,2025-01-04,CUST0024,Customer_24,Central,P566,Filing Cabinet,Furniture,12,431.19,0,5174.28,1491.44
101843,2025-06-30,CUST0068,Customer_68,East,P361,Webcam,Electronics,10,410.16,0.15,3486.36,1226.1
101844,2025-02-27,CUST0065,Customer_65,Central,P620,Hoodie,Apparel,9,172.17,0.1,1394.58,329.05
101845,2025-08-26,CUST0061,Customer_61,East,P826,Office Chair,Furniture,7,253.76,0,1776.32,484.57
101846,2025-12-25,CUST0078,Customer_78,Central,P826,Office Chair,Furniture,9,440.76,0.1,3570.16,453.61
101847,2025-03-30,CUST0066,Customer_66,Central,P597,Sticky Notes,Stationery,5,390.87,0.15,1661.2,539.42
101848,2025-09-02,CUST0021,Customer_21,South,P928,Wireless Mouse,Electronics,3,251.63,0.1,679.4,208.62
101849,2025-04-28,CUST0018,Customer_18,East,P826,Office Chair,Furniture,5,47.2,0,236.0,77.45
101850,2025-09-26,CUST0015,Customer_15,North,P381,Laptop Stand,Electronics,6,263.16,0.15,1342.12,396.21
101851,2025-01-07,CUST0017,Customer_17,South,P283,USB-C Hub,Electronics,1,130.43,0.15,110.87,16.44
101852,2025-08-13,CUST0064,Customer_64,South,P865,Pen Set,Stationery,12,395.11,0,4741.32,1691.55
101853,2025-03-08,CUST0065,Customer_65,south,P381,Laptop Stand,Electronics,6,399.76,0.05,2278.63,807.43
101854,2025-01-30,CUST0045,Customer_45,North,P566,Filing Cabinet,Furniture,8,211.14,0.05,1604.66,294.29
101855,2025-02-06,CUST0003,Customer_3,North,P471,Desk Lamp,Furniture,2,191.74,0.2,306.78,30.12
101856,2025-11-08,CUST0006,Customer_6,North,P471,Desk Lamp,Furniture,12,430.46,0,5165.52,2170.38
101857,2025-10-05,CUST0036,Customer_36,South,P361,Webcam,Electronics,7,181.21,0,1268.47,390.85
101858,2025-01-08,CUST0065,Customer_65,West,P932,Bluetooth Speaker,Electronics,7,254.27,0,1779.89,369.84
101859,2025-08-24,CUST0006,Customer_6,Central,P620,Hoodie,Apparel,12,182.15,0,2185.8,937.65
101860,2025-01-31,CUST0039,Customer_39,West,P597,Sticky Notes,Stationery,5,297.96,0.05,1415.31,236.39
101861,2025-11-06,CUST0025,Customer_25,West,P471,Desk Lamp,Furniture,7,159.96,0,1119.72,322.7
101862,2025-03-28,CUST0050,Customer_50,West,P566,Filing Cabinet,Furniture,2,47.1,0,94.2,36.37
101863,2025-06-25,CUST0072,Customer_72,Central,P597,Sticky Notes,Stationery,11,74.88,0.15,700.13,141.12
101864,2025-10-01,CUST0064,Customer_64,North,P361,Webcam,Electronics,7,73.2,0,512.4,137.79
101865,2025-07-14,CUST0034,Customer_34,East,P519,Standing Desk,Furniture,9,157.77,0,1419.93,323.97
101866,2025-04-06,CUST0047,Customer_47,South,P932,Bluetooth Speaker,Electronics,9,112.25,0,1010.25,388.76
101867,2025-12-20,CUST0031,Customer_31,West,P928,Wireless Mouse,Electronics,12,376.83,0.2,3617.57,374.8
101868,2025-05-17,CUST0048,Customer_48,West,P272,Jacket,Apparel,12,257.16,0,3085.92,1003.4
101869,2025-05-18,CUST0043,Customer_43,East,P497,Bookshelf,Furniture,4,200.97,0.1,723.49,186.46
101870,2025-11-01,CUST0065,Customer_65,South,P884,T-Shirt,Apparel,7,100.21,0,701.47,293.48
101871,2025-10-02,CUST0002,Customer_2,West,P139,Marker Pack,Stationery,5,232.56,0.2,930.24,191.37
101872,2025-07-10,CUST0074,Customer_74,south,P272,Jacket,Apparel,5,381.15,0,1905.75,803.83
101873,2025-05-22,CUST0018,Customer_18,West,P497,Bookshelf,Furniture,12,268.12,0,3217.44,1234.13
101874,2025-01-27,CUST0034,Customer_34,East,P519,Standing Desk,Furniture,3,423.9,0.2,1017.36,280.94
101875,2025-01-29,CUST0058,Customer_58,North,P620,Hoodie,Apparel,11,348.48,0,3833.28,1625.07
101876,2025-03-04,CUST0064,Customer_64,Central,P865,Pen Set,Stationery,3,419.91,0,1259.73,450.87
101877,2025-10-13,CUST0036,Customer_36,South,P865,Pen Set,Stationery,4,168.33,0.15,572.32,154.97
101878,2025-08-24,CUST0034,Customer_34,South,P361,Whiteboard,Stationery,1,57.69,0,57.69,16.69
101879,2025-12-13,CUST0004,Customer_4,West,P915,Cap,Apparel,12,370.6,0,4447.2,995.13
101880,2025-07-24,CUST0042,Customer_42,North,P620,Hoodie,Apparel,4,214.87,0,859.48,326.89
101881,2025-11-19,CUST0046,Customer_46,Central,P566,Filing Cabinet,Furniture,9,35.79,0,322.11,118.74
101882,2025-01-13,CUST0020,Customer_20,West,P620,Hoodie,Apparel,12,64.59,0,775.08,312.68
101883,2025-03-03,CUST0055,Customer_55,North,P361,Webcam,Electronics,5,108.21,0.1,486.94,95.72
101884,2025-07-23,CUST0068,Customer_68,West,P381,Laptop Stand,Electronics,3,409.53,0,1228.59,515.51
101885,2025-03-20,CUST0067,Customer_67,West,P620,Hoodie,Apparel,12,19.84,0.15,202.37,60.33
101886,2025-07-11,CUST0079,Customer_79,West,P865,Pen Set,Stationery,4,73.57,0,294.28,85.35
101887,2025-09-25,CUST0078,Customer_78,South,P826,Office Chair,Furniture,5,168.71,0.05,801.37,191.65
101888,2025-04-27,CUST0055,Customer_55,North,P884,T-Shirt,Apparel,9,162.7,0,1464.3,487.05
101889,2025-08-24,CUST0006,Customer_6,South,P566,Filing Cabinet,Furniture,10,228.04,0,2280.4,590.34
101890,2025-01-20,CUST0013,Customer_13,Central,P381,Laptop Stand,Electronics,2,76.94,0,153.88,55.62
101891,2025-12-14,CUST0072,Customer_72,East,P826,Office Chair,Furniture,8,302.47,0.2,1935.81,223.67
101892,2025-07-26,CUST0062,Customer_62,South,P497,Bookshelf,Furniture,8,341.16,0,2729.28,1129.14
101893,2025-03-14,CUST0021,Customer_21,Central,P928,Wireless Mouse,Electronics,10,137.08,0,1370.8,498.25
101894,2025-12-17,CUST0024,Customer_24,Central,P497,Bookshelf,Furniture,7,33.26,0,232.82,56.98
101895,2025-07-10,CUST0007,Customer_7,South,P620,Hoodie,Apparel,11,357.34,0.05,3734.2,722.77
101896,2025-09-30,CUST0008,Customer_8,south,P361,Whiteboard,Stationery,11,358.5,0,3943.5,1671.51
101897,2025-04-28,CUST0072,Customer_72,North,P033,Notebook Pack,Stationery,11,256.26,0,2818.86,1258.94
101898,2025-07-25,CUST0008,Customer_8,East,P361,Whiteboard,Stationery,4,260.34,0.15,885.16,189.13
101899,2025-05-22,CUST0061,Customer_61,North,P932,Bluetooth Speaker,Electronics,6,119.13,0,714.78,178.82
101900,2025-05-18,CUST0010,Customer_10,Central,P361,Webcam,Electronics,11,159.26,0.05,1664.27,581.79
101901,2025-07-12,CUST0076,Customer_76,South,P471,Desk Lamp,Furniture,6,207.28,0.05,1181.5,386.24
101902,2025-03-12,CUST0003,Customer_3,Central,P865,Pen Set,Stationery,7,439.57,0.15,2615.44,911.63
101903,2025-03-11,CUST0012,Customer_12,West,P497,Bookshelf,Furniture,2,423.83,0.1,762.89,245.04
101904,2025-08-25,CUST0069,Customer_69,North,P272,Jacket,Apparel,1,258.35,0.1,232.52,59.78
101905,2025-09-05,CUST0030,Customer_30,North,P361,Webcam,Electronics,3,66.28,0.15,169.01,40.29
101906,2025-10-23,CUST0068,Customer_68,South,P858,Socks Pack,Apparel,7,163.77,0.2,917.11,103.92
101907,2025-12-24,CUST0040,Customer_40,East,P826,Office Chair,Furniture,10,48.53,0.2,388.24,74.95
101908,2025-12-11,CUST0075,Customer_75,Central,P865,Pen Set,Stationery,4,63.11,0,252.44,103.59
101909,2025-06-28,CUST0063,Customer_63,East,P915,Cap,Apparel,5,256.86,0.05,1220.09,257.01
101910,2025-01-01,CUST0018,Customer_18,West,P858,Socks Pack,Apparel,8,182.87,0,1462.96,459.09
101911,2025-08-18,CUST0076,Customer_76,East,P915,Cap,Apparel,2,193.55,0,387.1,136.87
101912,2025-05-12,CUST0043,Customer_43,West,P928,Wireless Mouse,Electronics,7,115.96,0,811.72,223.42
101913,2025-07-17,CUST0035,Customer_35,Central,P858,Socks Pack,Apparel,3,433.6,0.05,1235.76,494.6
101914,2025-12-23,CUST0049,Customer_49,North,P497,Bookshelf,Furniture,4,29.9,0,119.6,36.07
101915,2025-03-24,CUST0068,Customer_68,North,P566,Filing Cabinet,Furniture,7,306.09,0.05,2035.5,696.51
101916,2025-09-26,CUST0080,Customer_80,West,P139,Marker Pack,Stationery,7,162.12,0,1134.84,393.24
101917,2025-05-15,CUST0038,Customer_38,East,P497,Bookshelf,Furniture,12,121.77,0,1461.24,368.34
101918,2025-11-05,CUST0076,Customer_76,Central,P471,Desk Lamp,Furniture,4,376.53,0.2,1204.9,279.21
101919,2025-05-19,CUST0053,Customer_53,Central,P033,Notebook Pack,Stationery,9,343.51,0.2,2473.27,264.81
101920,2025-10-31,CUST0043,Customer_43,Central,P620,Hoodie,Apparel,10,327.54,0.15,2784.09,216.85
101921,2025-09-25,CUST0075,Customer_75,Central,P033,Notebook Pack,Stationery,4,77.7,0,310.8,62.34
101922,2025-03-30,CUST0015,Customer_15,South,P884,T-Shirt,Apparel,8,152.46,0.2,975.74,146.79
101923,2025-07-31,CUST0048,Customer_48,south,P361,Whiteboard,Stationery,10,66.3,0.2,530.4,144.92
101924,2025-10-18,CUST0056,Customer_56,North,P361,Whiteboard,Stationery,2,73.58,0.1,132.44,43.28
101925,2025-07-02,CUST0014,Customer_14,West,P826,Office Chair,Furniture,4,332.36,0.05,1262.97,421.0
101926,2025-11-01,CUST0051,Customer_51,North,P497,Bookshelf,Furniture,10,157.12,0.15,1335.52,141.57
101927,2025-02-10,CUST0074,Customer_74,East,P826,Office Chair,Furniture,5,319.97,0.1,1439.87,440.63
101928,2025-04-24,CUST0011,Customer_11,East,P283,USB-C Hub,Electronics,9,251.42,0,2262.78,517.6
101929,2025-07-28,CUST0021,Customer_21,East,P826,Office Chair,Furniture,4,94.15,0.05,357.77,123.08
101930,2025-01-10,CUST0039,Customer_39,West,P566,Filing Cabinet,Furniture,12,264.11,0.1,2852.39,521.79
101931,2025-01-15,CUST0005,Customer_5,North,P865,Pen Set,Stationery,10,388.28,0.05,3688.66,821.93
101932,2025-02-15,CUST0063,Customer_63,East,P915,Cap,Apparel,2,213.89,0,427.78,86.25
101933,2025-03-21,CUST0030,Customer_30,East,P033,Notebook Pack,Stationery,3,79.6,0.1,214.92,47.19
101934,2025-08-18,CUST0044,Customer_44,south,P519,Standing Desk,Furniture,4,67.0,0,268.0,78.82
101935,2025-06-19,CUST0052,Customer_52,South,P283,USB-C Hub,Electronics,4,395.99,0,1583.96,704.08
101936,2025-02-04,CUST0016,Customer_16,West,P272,Jacket,Apparel,6,420.3,0,2521.8,858.96
101937,2025-11-09,CUST0045,Customer_45,South,P865,Pen Set,Stationery,12,33.05,0,396.6,114.84
101938,2025-03-30,CUST0030,Customer_30,South,P361,Whiteboard,Stationery,3,111.86,0,335.58,128.29
101939,2025-08-23,CUST0009,Customer_9,South,P928,Wireless Mouse,Electronics,8,325.22,0,2601.76,740.25
101940,2025-01-30,CUST0057,Customer_57,North,P915,Cap,Apparel,11,398.33,0.05,4162.55,953.39
101941,2025-11-22,CUST0064,Customer_64,South,P597,Sticky Notes,Stationery,7,54.79,0.2,306.82,16.07
101942,2025-07-04,CUST0070,Customer_70,South,P471,Desk Lamp,Furniture,8,76.11,0.15,517.55,111.25
101943,2025-02-02,CUST0024,Customer_24,East,P497,Bookshelf,Furniture,10,25.73,0.1,231.57,39.76
101944,2025-05-25,CUST0033,Customer_33,North,P519,Standing Desk,Furniture,8,118.1,0,944.8,318.55
101945,2025-02-13,CUST0012,Customer_12,East,P928,Wireless Mouse,Electronics,9,210.39,0.1,1704.16,642.86
101946,2025-11-11,CUST0007,Customer_7,North,P381,Laptop Stand,Electronics,1,389.43,0.05,369.96,127.41
101947,2025-11-03,CUST0020,Customer_20,East,P033,Notebook Pack,Stationery,10,437.46,0.1,3937.14,1255.71
101948,2025-02-26,CUST0064,Customer_64,East,P283,USB-C Hub,Electronics,3,70.81,0.05,201.81,34.77
101949,2025-04-04,CUST0021,Customer_21,West,P932,Bluetooth Speaker,Electronics,5,74.15,0,370.75,132.02
101950,2025-05-14,CUST0076,Customer_76,South,P620,Hoodie,Apparel,4,335.1,0,1340.4,371.17
101951,2025-06-04,CUST0057,Customer_57,Central,P932,Bluetooth Speaker,Electronics,9,379.55,0.05,3245.15,932.06
101952,2025-08-26,CUST0003,Customer_3,East,P826,Office Chair,Furniture,6,279.32,0.05,1592.12,349.44
101953,2025-06-10,CUST0025,Customer_25,South,P272,Jacket,Apparel,5,283.77,0,1418.85,497.57
101954,2025-06-12,CUST0054,Customer_54,South,P497,Bookshelf,Furniture,3,207.94,0.05,592.63,175.58
101955,2025-03-20,CUST0003,Customer_3,Central,P884,T-Shirt,Apparel,7,162.39,0,1136.73,471.24
101956,2025-10-21,CUST0021,Customer_21,West,P471,Desk Lamp,Furniture,5,59.73,0,298.65,65.4
101957,2025-06-12,CUST0041,Customer_41,South,P620,Hoodie,Apparel,7,116.01,0.15,690.26,97.41
101958,2025-11-15,CUST0038,Customer_38,Central,P826,Office Chair,Furniture,7,174.63,0,1222.41,347.4
101959,2025-10-10,CUST0044,Customer_44,North,P283,USB-C Hub,Electronics,4,327.94,0,1311.76,375.59
101960,2025-04-25,CUST0021,Customer_21,South,P928,Wireless Mouse,Electronics,3,383.92,0,1151.76,244.82
101961,2025-06-01,CUST0066,Customer_66,Central,P932,Bluetooth Speaker,Electronics,9,75.91,0.05,649.03,180.46
101962,2025-01-05,CUST0014,Customer_14,East,P361,Webcam,Electronics,6,123.87,0.1,668.9,249.26
101963,2025-12-11,CUST0001,Customer_1,West,P381,Laptop Stand,Electronics,3,259.95,0.1,701.86,94.44
101964,2025-05-06,CUST0041,Customer_41,East,P361,Whiteboard,Stationery,11,185.56,0.2,1632.93,306.54
101965,2025-08-11,CUST0017,Customer_17,West,P497,Bookshelf,Furniture,11,87.69,0.1,868.13,303.63
101966,2025-04-09,CUST0024,Customer_24,East,P932,Bluetooth Speaker,Electronics,12,36.27,0,435.24,178.11
101967,2025-02-27,CUST0037,Customer_37,North,P858,Socks Pack,Apparel,10,349.44,0.15,2970.24,291.92
101968,2025-03-20,CUST0053,Customer_53,South,P139,Marker Pack,Stationery,12,240.87,0.15,2456.87,750.87
101969,2025-01-30,CUST0029,Customer_29,North,P272,Jacket,Apparel,7,17.25,0.15,102.64,13.73
101970,2025-04-11,CUST0021,Customer_21,East,P865,Pen Set,Stationery,9,183.05,0.2,1317.96,372.17
101971,2025-04-02,CUST0035,Customer_35,Central,P471,Desk Lamp,Furniture,4,251.03,0,1004.12,217.06
101972,2025-11-12,CUST0022,Customer_22,West,P928,Wireless Mouse,Electronics,8,183.96,0.15,1250.93,282.49
101973,2025-04-27,CUST0023,Customer_23,South,P471,Desk Lamp,Furniture,10,402.69,0.15,3422.86,413.15
101974,2025-02-12,CUST0065,Customer_65,West,P033,Notebook Pack,Stationery,11,433.86,0.2,3817.97,298.23
101975,2025-05-07,CUST0056,Customer_56,Central,P033,Notebook Pack,Stationery,1,438.13,0,438.13,180.18
101976,2025-04-26,CUST0078,Customer_78,South,P826,Office Chair,Furniture,11,246.93,0.1,2444.61,454.23
101977,2025-11-04,CUST0009,Customer_9,North,P915,Cap,Apparel,12,422.55,0.15,4310.01,328.35
101978,2025-09-10,CUST0050,Customer_50,Central,P928,Wireless Mouse,Electronics,7,341.94,0.15,2034.54,496.52
101979,2025-10-03,CUST0067,Customer_67,Central,P932,Bluetooth Speaker,Electronics,4,348.48,0.1,1254.53,443.47
101980,2025-08-24,CUST0065,Customer_65,South,P932,Bluetooth Speaker,Electronics,10,193.2,0.2,1545.6,225.44
101981,2025-12-05,CUST0064,Customer_64,West,P826,Office Chair,Furniture,12,371.28,0,4455.36,1223.56
101982,2025-07-24,CUST0069,Customer_69,South,P620,Hoodie,Apparel,10,392.49,0.1,3532.41,559.85
101983,2025-11-12,CUST0065,Customer_65,North,P497,Bookshelf,Furniture,6,106.79,0,640.74,180.82
101984,2025-03-11,CUST0075,Customer_75,West,P381,Laptop Stand,Electronics,5,285.31,0,1426.55,369.18
101985,2025-06-05,CUST0009,Customer_9,Central,P858,Socks Pack,Apparel,10,183.19,0,1831.9,566.77
101986,2025-12-18,CUST0064,Customer_64,West,P139,Marker Pack,Stationery,6,311.03,0.2,1492.94,200.15
101987,2025-04-10,CUST0078,Customer_78,Central,P033,Notebook Pack,Stationery,7,212.22,0,1485.54,356.94
101988,2025-07-24,CUST0075,Customer_75,East,P381,Laptop Stand,Electronics,5,351.17,0.1,1580.27,602.28
101989,2025-03-27,CUST0066,Customer_66,North,P884,T-Shirt,Apparel,6,434.46,0,2606.76,628.43
101990,2025-08-23,CUST0006,Customer_6,Central,P272,Jacket,Apparel,5,252.37,0,1261.85,562.13
101991,2025-05-10,CUST0046,Customer_46,South,P283,USB-C Hub,Electronics,1,253.88,0.1,228.49,52.48
101992,2025-06-18,CUST0062,Customer_62,East,P139,Marker Pack,Stationery,9,112.74,0.1,913.19,168.2
101993,2025-02-24,CUST0071,Customer_71,North,P361,Whiteboard,Stationery,4,14.44,0.05,54.87,11.72
101994,2025-12-14,CUST0045,Customer_45,East,P272,Jacket,Apparel,2,269.74,0.2,431.58,29.86
101995,2025-07-03,CUST0050,Customer_50,West,P033,Notebook Pack,Stationery,9,123.39,0.1,999.46,335.49
101996,2025-05-31,CUST0056,Customer_56,North,P858,Socks Pack,Apparel,1,230.17,0.05,218.66,39.47
101997,2025-03-24,CUST0054,Customer_54,North,P928,Wireless Mouse,Electronics,2,286.91,0,573.82,196.86
101998,2025-06-01,CUST0039,Customer_39,East,P865,Pen Set,Stationery,10,271.13,0,2711.3,953.43
101999,2025-10-14,CUST0052,Customer_52,South,P865,Pen Set,Stationery,5,423.48,0.05,2011.53,771.92
102000,2025-11-09,CUST0077,Customer_77,South,P272,Jacket,Apparel,3,147.42,0.05,420.15,91.98
102001,2025-11-08,CUST0002,Customer_2,West,P865,Pen Set,Stationery,4,419.89,0.15,1427.63,226.78
102002,2025-06-07,CUST0062,Customer_62,Central,P915,Cap,Apparel,9,135.55,0.2,975.96,205.66
102003,2025-03-29,CUST0013,Customer_13,South,P471,Desk Lamp,Furniture,4,146.14,0.05,555.33,112.46
102004,2025-04-22,CUST0014,Customer_14,South,P471,Desk Lamp,Furniture,1,9.47,0,9.47,3.33
102005,2025-02-04,CUST0061,Customer_61,East,P519,Standing Desk,Furniture,11,436.7,0.05,4563.51,1732.87
102006,2025-05-07,CUST0080,Customer_80,South,P139,Marker Pack,Stationery,6,322.87,0,1937.22,603.37
102007,2025-03-29,CUST0045,Customer_45,East,P497,Bookshelf,Furniture,2,187.49,0.1,337.48,100.52
102008,2025-01-29,CUST0044,Customer_44,East,P361,Webcam,Electronics,11,28.85,0,317.35,95.26
102009,2025-08-30,CUST0030,Customer_30,Central,P865,Pen Set,Stationery,6,349.39,0,2096.34,713.61
102010,2025-06-01,CUST0015,Customer_15,Central,P884,T-Shirt,Apparel,6,264.62,0.15,1349.56,156.48
102011,2025-11-05,CUST0027,Customer_27,South,P932,Bluetooth Speaker,Electronics,4,223.84,0.1,805.82,306.59
102012,2025-02-12,CUST0009,Customer_9,West,P519,Standing Desk,Furniture,11,238.36,0.1,2359.76,275.04
102013,2025-09-17,CUST0069,Customer_69,West,P471,Desk Lamp,Furniture,2,163.86,0,327.72,108.15
102014,2025-10-12,CUST0056,Customer_56,East,P497,Bookshelf,Furniture,11,35.67,0,392.37,164.58
102015,2025-04-19,CUST0042,Customer_42,North,P566,Filing Cabinet,Furniture,9,30.1,0.1,243.81,56.58
102016,2025-04-07,CUST0038,Customer_38,West,P361,Whiteboard,Stationery,8,46.73,0.05,355.15,108.16
102017,2025-07-23,CUST0076,Customer_76,Central,P932,Bluetooth Speaker,Electronics,4,100.78,0.05,382.96,147.48
102018,2025-11-19,CUST0056,Customer_56,North,P597,Sticky Notes,Stationery,1,277.44,0.1,249.7,56.47
102019,2025-09-30,CUST0077,Customer_77,East,P361,Whiteboard,Stationery,4,263.23,0.1,947.63,130.06
102020,2025-10-04,CUST0077,Customer_77,West,P858,Socks Pack,Apparel,5,407.83,0,2039.15,585.97
102021,2025-09-22,CUST0039,Customer_39,East,P858,Socks Pack,Apparel,6,201.61,0.1,1088.69,147.93
102022,2025-06-18,CUST0074,Customer_74,Central,P139,Marker Pack,Stationery,3,425.89,0.15,1086.02,347.79
102023,2025-08-14,CUST0075,Customer_75,North,P858,Socks Pack,Apparel,10,299.87,0.15,2548.89,265.58
102024,2025-10-04,CUST0025,Customer_25,Central,P884,T-Shirt,Apparel,8,14.36,0,114.88,30.14
102025,2025-06-18,CUST0013,Customer_13,West,P865,Pen Set,Stationery,7,227.38,0.2,1273.33,334.3
102026,2025-04-04,CUST0028,Customer_28,Central,P283,USB-C Hub,Electronics,9,230.23,0.2,1657.66,292.99
102027,2025-05-06,CUST0079,Customer_79,North,P858,Socks Pack,Apparel,2,129.6,0,259.2,79.29
102028,2025-10-21,CUST0022,Customer_22,Central,P381,Laptop Stand,Electronics,8,263.07,0,2104.56,780.99
102029,2025-10-27,CUST0027,Customer_27,Central,P497,Bookshelf,Furniture,2,285.58,0.15,485.49,126.65
102030,2025-08-26,CUST0002,Customer_2,North,P865,Pen Set,Stationery,3,305.61,0,916.83,241.56
102031,2025-10-27,CUST0011,Customer_11,East,P283,USB-C Hub,Electronics,9,63.54,0.1,514.67,59.36
102032,2025-06-28,CUST0016,Customer_16,Central,P566,Filing Cabinet,Furniture,1,261.69,0.15,222.44,43.76
102033,2025-03-04,CUST0006,Customer_6,West,P597,Sticky Notes,Stationery,1,396.66,0,396.66,157.46
102034,2025-06-25,CUST0068,Customer_68,North,P620,Hoodie,Apparel,7,342.83,0,2399.81,530.95
102035,2025-11-03,CUST0052,Customer_52,North,P519,Standing Desk,Furniture,6,114.96,0.1,620.78,231.0
102036,2025-08-09,CUST0012,Customer_12,West,P597,Sticky Notes,Stationery,8,302.22,0,2417.76,694.71
102037,2025-09-07,CUST0073,Customer_73,East,P497,Bookshelf,Furniture,6,357.12,0,2142.72,909.98
102038,2025-11-11,CUST0006,Customer_6,South,P471,Desk Lamp,Furniture,4,216.42,0,865.68,290.67
102039,2025-11-29,CUST0049,Customer_49,North,P884,T-Shirt,Apparel,6,412.04,0,2472.24,1003.06
102040,2025-02-05,CUST0053,Customer_53,East,P928,Wireless Mouse,Electronics,2,283.57,0.15,482.07,104.66
102041,2025-10-02,CUST0039,Customer_39,Central,P915,Cap,Apparel,1,439.09,0,439.09,193.48
102042,2025-04-20,CUST0002,Customer_2,Central,P865,Pen Set,Stationery,8,193.51,0.05,1470.68,567.25
102043,2025-05-13,CUST0035,Customer_35,South,P884,T-Shirt,Apparel,9,341.7,0,3075.3,928.76
102044,2025-10-22,CUST0006,Customer_6,Central,P272,Jacket,Apparel,7,122.98,0.2,688.69,30.01
102045,2025-01-02,CUST0073,Customer_73,Central,P519,Standing Desk,Furniture,9,245.17,0.2,1765.22,398.15
102046,2025-06-13,CUST0045,Customer_45,West,P283,USB-C Hub,Electronics,6,245.64,0.05,1400.15,539.51
102047,2025-04-11,CUST0003,Customer_3,West,P858,Socks Pack,Apparel,9,443.42,0.2,3192.62,892.28
102048,2025-01-18,CUST0026,Customer_26,Central,P865,Pen Set,Stationery,10,230.71,0.1,2076.39,287.73
102049,2025-08-15,CUST0046,Customer_46,North,P519,Standing Desk,Furniture,4,186.88,0.2,598.02,98.14
102050,2025-01-05,CUST0078,Customer_78,West,P361,Webcam,Electronics,2,424.4,0,848.8,341.01
102051,2025-03-07,CUST0051,Customer_51,North,P497,Bookshelf,Furniture,5,356.09,0,1780.45,389.99
102052,2025-04-30,CUST0011,Customer_11,East,P932,Bluetooth Speaker,Electronics,8,212.13,0,1697.04,649.74
102053,2025-12-20,CUST0064,Customer_64,South,P033,Notebook Pack,Stationery,10,103.07,0,1030.7,368.16
102054,2025-01-31,CUST0080,Customer_80,South,P858,Socks Pack,Apparel,5,51.67,0.15,219.6,17.85
102055,2025-08-27,CUST0004,Customer_4,Central,P620,Hoodie,Apparel,12,180.28,0,2163.36,505.39
102056,2025-07-11,CUST0011,Customer_11,South,P915,Cap,Apparel,3,90.0,0,270.0,103.61
102057,2025-10-01,CUST0080,Customer_80,West,P928,Wireless Mouse,Electronics,4,143.02,0.1,514.87,138.5
102058,2025-03-18,CUST0070,Customer_70,South,P272,Jacket,Apparel,12,296.54,0,3558.48,770.19
102059,2025-06-21,CUST0031,Customer_31,West,P272,Jacket,Apparel,12,67.91,0.1,733.43,211.8
102060,2025-01-06,CUST0044,Customer_44,South,P272,Jacket,Apparel,10,146.34,0,1463.4,623.49
102061,2025-10-16,CUST0002,Customer_2,North,P381,Laptop Stand,Electronics,4,279.98,0,1119.92,450.91
102062,2025-02-17,CUST0014,Customer_14,North,P471,Desk Lamp,Furniture,7,258.34,0.15,1537.12,312.25
102063,2025-04-06,CUST0016,Customer_16,West,P932,Bluetooth Speaker,Electronics,6,392.6,0.15,2002.26,251.18
102064,2025-02-26,CUST0073,Customer_73,East,P471,Desk Lamp,Furniture,2,217.49,0,434.98,146.29
102065,2025-03-16,CUST0029,Customer_29,west,P597,Sticky Notes,Stationery,3,89.18,0,267.54,114.18
102066,2025-04-20,CUST0076,Customer_76,Central,P033,Notebook Pack,Stationery,3,429.82,0.15,1096.04,151.37
102067,2025-08-17,CUST0061,Customer_61,East,P566,Filing Cabinet,Furniture,10,17.99,0.15,152.91,45.75
102068,2025-03-08,CUST0061,Customer_61,Central,P884,T-Shirt,Apparel,11,213.8,0.2,1881.44,411.5
102069,2025-03-10,CUST0035,Customer_35,South,P597,Sticky Notes,Stationery,10,246.7,0,2467.0,874.39
102070,2025-02-26,CUST0041,Customer_41,East,P283,USB-C Hub,Electronics,7,246.9,0.05,1641.88,262.11
102071,2025-07-31,CUST0033,Customer_33,South,P858,Socks Pack,Apparel,7,357.69,0.1,2253.45,454.16
102072,2025-01-31,CUST0002,Customer_2,West,P597,Sticky Notes,Stationery,8,122.4,0.1,881.28,159.32
102073,2025-02-15,CUST0073,Customer_73,South,P361,Webcam,Electronics,1,224.89,0.1,202.4,31.13
102074,2025-01-26,CUST0052,Customer_52,South,P566,Filing Cabinet,Furniture,10,433.18,0.15,3682.03,1161.08
102075,2025-05-23,CUST0070,Customer_70,North,P139,Marker Pack,Stationery,7,127.53,0,892.71,289.2
102076,2025-07-30,CUST0041,Customer_41,North,P361,Whiteboard,Stationery,3,73.43,0.2,176.23,54.53
102077,2025-09-09,CUST0019,Customer_19,North,P932,Bluetooth Speaker,Electronics,6,8.66,0,51.96,13.49
102078,2025-09-23,CUST0049,Customer_49,Central,P497,Bookshelf,Furniture,12,-323.73,0.05,3690.52,1113.53
102079,2025-09-22,CUST0067,Customer_67,Central,P928,Wireless Mouse,Electronics,5,60.65,0.2,242.6,75.61
102080,2025-07-16,CUST0073,Customer_73,Central,P519,Standing Desk,Furniture,3,311.0,0,933.0,202.04
102081,2025-10-23,CUST0059,Customer_59,Central,P381,Laptop Stand,Electronics,1,247.47,0.15,210.35,53.4
102082,2025-10-08,CUST0055,Customer_55,Central,P915,Cap,Apparel,7,116.27,0,813.89,361.56
102083,2025-09-21,CUST0036,Customer_36,South,P519,Standing Desk,Furniture,7,60.48,0,423.36,113.99
102084,2025-02-19,CUST0067,Customer_67,East,P932,Bluetooth Speaker,Electronics,2,300.67,0.1,541.21,113.39
102085,2025-10-21,CUST0040,Customer_40,North,P826,Office Chair,Furniture,4,289.08,0.2,925.06,43.98
102086,2025-05-03,CUST0036,Customer_36,Central,P272,Jacket,Apparel,1,205.34,0.05,195.07,33.7
102087,2025-12-27,CUST0035,Customer_35,Central,P272,Jacket,Apparel,8,73.54,0,588.32,250.7
102088,2025-01-09,CUST0018,Customer_18,West,P361,Webcam,Electronics,3,414.93,0.15,1058.07,304.2
102089,2025-01-01,CUST0020,Customer_20,West,P620,Hoodie,Apparel,1,242.65,0.1,218.39,31.11
102090,2025-03-11,CUST0060,Customer_60,South,P497,Bookshelf,Furniture,11,437.16,0.05,4568.32,1548.93
102091,2025-01-05,CUST0038,Customer_38,South,P283,USB-C Hub,Electronics,10,49.86,0.2,398.88,54.84
102092,2025-10-09,CUST0015,Customer_15,East,P884,T-Shirt,Apparel,11,86.1,0.15,805.03,53.38
102093,2025-07-23,CUST0015,Customer_15,West,P928,Wireless Mouse,Electronics,8,273.91,0,2191.28,955.74
102094,2025-03-07,CUST0072,Customer_72,South,P471,Desk Lamp,Furniture,3,210.56,0,631.68,270.09
102095,2025-10-18,CUST0055,Customer_55,Central,P932,Bluetooth Speaker,Electronics,2,63.29,0.15,107.59,9.35
102096,2025-08-08,CUST0056,Customer_56,West,P865,Pen Set,Stationery,12,411.74,0.2,3952.7,915.85
102097,2025-06-06,CUST0023,Customer_23,West,P566,Filing Cabinet,Furniture,7,444.51,0.2,2489.26,284.7
102098,2025-11-15,CUST0012,Customer_12,South,P865,Pen Set,Stationery,1,169.75,0.15,144.29,19.37
102099,2025-03-18,CUST0034,Customer_34,West,P497,Bookshelf,Furniture,9,432.81,0,3895.29,1274.57
102100,2025-06-12,CUST0013,Customer_13,North,P566,Filing Cabinet,Furniture,11,429.1,0.05,4484.1,1353.42
102101,2025-12-27,CUST0050,Customer_50,Central,P361,Whiteboard,Stationery,3,386.32,0,1158.96,236.55
102102,2025-07-29,CUST0070,Customer_70,North,P858,Socks Pack,Apparel,5,357.23,0,1786.15,592.42
102103,2025-11-24,CUST0027,Customer_27,East,P033,Notebook Pack,Stationery,1,190.45,0,190.45,47.31
102104,2025-06-04,CUST0019,Customer_19,North,P519,Standing Desk,Furniture,6,389.93,0.2,1871.66,462.37
102105,2025-07-13,CUST0071,Customer_71,East,P826,Office Chair,Furniture,3,46.4,0.2,111.36,12.63
102106,2025-03-25,CUST0046,Customer_46,East,P139,Marker Pack,Stationery,3,15.6,0.05,44.46,11.0
102107,2025-02-15,CUST0016,Customer_16,Central,P361,Webcam,Electronics,8,350.16,0.1,2521.15,594.97
102108,2025-12-09,CUST0055,Customer_55,Central,P497,Bookshelf,Furniture,4,157.11,0.1,565.6,96.01
102109,2025-04-02,CUST0009,Customer_9,North,P139,Marker Pack,Stationery,7,245.28,0.05,1631.11,512.87
102110,2025-02-21,CUST0006,Customer_6,East,P826,Office Chair,Furniture,3,368.31,0,1104.93,411.31
102111,2025-05-07,CUST0004,Customer_4,west,P381,Laptop Stand,Electronics,1,145.44,0.15,123.62,9.05
102112,2025-09-12,CUST0019,Customer_19,North,P361,Webcam,Electronics,7,31.37,0,219.59,87.69
102113,2025-11-01,CUST0058,Customer_58,South,P928,Wireless Mouse,Electronics,2,364.95,0,729.9,157.23
102114,2025-03-01,CUST0031,Customer_31,Central,P381,Laptop Stand,Electronics,12,51.71,0.2,496.42,82.74
102115,2025-02-23,CUST0050,Customer_50,Central,P497,Bookshelf,Furniture,11,324.16,0.2,2852.61,8.36
102116,2025-05-26,CUST0060,Customer_60,West,P597,Sticky Notes,Stationery,1,285.88,0,285.88,113.92
102117,2025-03-26,CUST0016,Customer_16,West,P381,Laptop Stand,Electronics,3,-254.69,0.15,649.46,63.57
102118,2025-03-12,CUST0060,Customer_60,North,P283,USB-C Hub,Electronics,8,57.48,0.05,436.85,171.78
102119,2025-11-12,CUST0061,Customer_61,West,P519,Standing Desk,Furniture,4,307.17,0.2,982.94,126.53
102120,2025-03-03,CUST0069,Customer_69,West,P566,Filing Cabinet,Furniture,6,378.18,0,2269.08,767.28
102121,2025-01-04,CUST0024,Customer_24,East,P139,Marker Pack,Stationery,1,305.79,0.15,259.92,49.76
102122,2025-01-17,CUST0002,Customer_2,South,P497,Bookshelf,Furniture,11,391.71,0,4308.81,1078.92
102123,2025-04-06,CUST0021,Customer_21,West,P381,Laptop Stand,Electronics,10,24.82,0.05,235.79,61.9
102124,2025-05-13,CUST0051,Customer_51,North,P884,T-Shirt,Apparel,7,361.97,0.15,2153.72,327.72
102125,2025-05-06,CUST0074,Customer_74,West,P865,Pen Set,Stationery,2,150.26,0.15,255.44,81.48
102126,2025-07-18,CUST0010,Customer_10,Central,P381,Laptop Stand,Electronics,1,104.17,0,104.17,45.67
102127,2025-03-22,CUST0037,Customer_37,East,P826,Office Chair,Furniture,10,245.88,0,2458.8,751.23
102128,2025-02-03,CUST0029,Customer_29,North,P928,Wireless Mouse,Electronics,5,411.49,0.15,1748.83,398.58
102129,2025-04-28,CUST0006,Customer_6,East,P826,Office Chair,Furniture,6,410.92,0.05,2342.24,692.64
102130,2025-07-18,CUST0038,Customer_38,South,P620,Hoodie,Apparel,4,303.14,0.1,1091.3,162.93
102131,2025-01-02,CUST0042,Customer_42,South,P928,Wireless Mouse,Electronics,5,411.14,0.05,1952.91,688.87
102132,2025-10-27,CUST0055,Customer_55,North,P932,Bluetooth Speaker,Electronics,8,117.08,0,936.64,346.33
102133,2025-08-18,CUST0064,Customer_64,West,P033,Notebook Pack,Stationery,3,111.52,0,334.56,86.56
102134,2025-05-13,CUST0020,Customer_20,west,P884,T-Shirt,Apparel,11,366.95,0.05,3834.63,1452.34
102135,2025-05-30,CUST0056,Customer_56,East,P597,Sticky Notes,Stationery,7,349.74,0.05,2325.77,892.76
102136,2025-08-24,CUST0027,Customer_27,West,P361,Webcam,Electronics,8,62.15,0.05,472.34,98.76
102137,2025-04-28,CUST0062,Customer_62,central,P283,USB-C Hub,Electronics,2,223.11,0,446.22,91.62
102138,2025-08-15,CUST0038,Customer_38,South,P932,Bluetooth Speaker,Electronics,9,382.23,0.15,2924.06,637.26
102139,2025-03-30,CUST0043,Customer_43,South,P361,Whiteboard,Stationery,11,241.41,0,2655.51,601.8
102140,2025-01-24,CUST0058,Customer_58,West,P272,Jacket,Apparel,5,68.16,0.05,323.76,80.71
102141,2025-02-04,CUST0027,Customer_27,South,P865,Pen Set,Stationery,12,250.43,0.05,2854.9,844.53
102142,2025-09-28,CUST0056,Customer_56,East,P858,Socks Pack,Apparel,1,187.65,0.15,159.5,23.73
102143,2025-07-21,CUST0076,Customer_76,South,P519,Standing Desk,Furniture,1,314.71,0.2,251.77,49.53
102144,2025-01-14,CUST0068,Customer_68,East,P566,Filing Cabinet,Furniture,4,263.35,0.15,895.39,293.95
102145,2025-05-12,CUST0002,Customer_2,North,P865,Pen Set,Stationery,11,298.06,0,3278.66,1138.11
102146,2025-08-26,CUST0064,Customer_64,North,P597,Sticky Notes,Stationery,5,78.18,0.2,312.72,90.2
102147,2025-05-13,CUST0019,Customer_19,West,P566,Filing Cabinet,Furniture,4,388.26,0.15,1320.08,140.82
102148,2025-12-28,CUST0023,Customer_23,West,P519,Standing Desk,Furniture,8,53.65,0.2,343.36,99.25
102149,2025-09-08,CUST0055,Customer_55,South,P381,Laptop Stand,Electronics,2,194.94,0,389.88,99.47
102150,2025-02-28,CUST0037,Customer_37,South,P139,Marker Pack,Stationery,7,263.09,0,1841.63,813.82
102151,2025-10-24,CUST0002,Customer_2,Central,P471,Desk Lamp,Furniture,3,90.73,0,272.19,71.66
102152,2025-05-17,CUST0024,Customer_24,North,P915,Cap,Apparel,8,374.34,0,2994.72,1031.45
102153,2025-01-10,CUST0028,Customer_28,East,P381,Laptop Stand,Electronics,4,204.98,0.2,655.94,196.92
102154,2025-05-30,CUST0075,Customer_75,East,P519,Standing Desk,Furniture,3,190.66,0.05,543.38,202.55
102155,2025-02-27,CUST0057,Customer_57,central,P471,Desk Lamp,Furniture,5,353.87,0.05,1680.88,274.74
102156,2025-10-16,CUST0005,Customer_5,Central,P915,Cap,Apparel,5,34.9,0,174.5,51.66
102157,2025-02-25,CUST0078,Customer_78,West,P471,Desk Lamp,Furniture,4,64.23,0.15,218.38,66.93
102158,2025-03-23,CUST0074,Customer_74,Central,P381,Laptop Stand,Electronics,4,161.84,0,647.36,243.01
102159,2025-08-09,CUST0054,Customer_54,South,P272,Jacket,Apparel,11,154.36,0,1697.96,571.53
102160,2025-04-16,CUST0076,Customer_76,West,P915,Cap,Apparel,10,339.02,0.1,3051.18,869.9
102161,2025-10-07,CUST0056,Customer_56,North,P033,Notebook Pack,Stationery,7,338.7,0,2370.9,620.26
102162,2025-12-07,CUST0014,Customer_14,East,P471,Desk Lamp,Furniture,1,81.33,0.2,65.06,18.75
102163,2025-05-02,CUST0080,Customer_80,South,P932,Bluetooth Speaker,Electronics,5,247.66,0,1238.3,376.2
102164,2025-04-09,CUST0032,Customer_32,North,P519,Standing Desk,Furniture,1,431.17,0,431.17,155.49
102165,2025-11-30,CUST0043,Customer_43,East,P033,Notebook Pack,Stationery,2,281.24,0.15,478.11,136.93
102166,2025-12-16,CUST0005,Customer_5,East,P566,Filing Cabinet,Furniture,10,230.9,0.1,2078.1,341.42
102167,2025-04-10,CUST0032,Customer_32,Central,P519,Standing Desk,Furniture,5,-383.61,0.05,1822.15,326.49
102168,2025-10-03,CUST0004,Customer_4,South,P139,Marker Pack,Stationery,12,335.27,0.15,3419.75,975.14
102169,2025-05-19,CUST0012,Customer_12,West,P471,Desk Lamp,Furniture,1,204.39,0,204.39,53.58
102170,2025-11-04,CUST0079,Customer_79,North,P826,Office Chair,Furniture,2,71.05,0.05,134.99,42.57
102171,2025-07-10,CUST0036,Customer_36,East,P826,Office Chair,Furniture,1,177.7,0.1,159.93,27.77
102172,2025-08-18,CUST0044,Customer_44,South,P361,Webcam,Electronics,3,87.92,0.05,250.57,100.49
102173,2025-07-25,CUST0017,Customer_17,West,P915,Cap,Apparel,8,148.78,0.15,1011.7,103.24
102174,2025-03-14,CUST0004,Customer_4,Central,P884,T-Shirt,Apparel,8,365.42,0,2923.36,1296.18
102175,2025-09-30,CUST0035,Customer_35,North,P865,Pen Set,Stationery,5,35.0,0,175.0,47.9
102176,2025-06-19,CUST0046,Customer_46,North,P932,Bluetooth Speaker,Electronics,2,127.74,0.15,217.16,27.35
102177,2025-05-02,CUST0007,Customer_7,Central,P272,Jacket,Apparel,10,211.76,0,2117.6,814.78
102178,2025-05-09,CUST0017,Customer_17,East,P826,Office Chair,Furniture,9,249.0,0.15,1904.85,213.66
102179,2025-02-26,CUST0076,Customer_76,West,P826,Office Chair,Furniture,5,349.07,0.05,1658.08,483.18
102180,2025-10-22,CUST0026,Customer_26,North,P519,Standing Desk,Furniture,3,268.3,0.1,724.41,195.19
102181,2025-01-30,CUST0022,Customer_22,East,P361,Whiteboard,Stationery,12,247.96,0,2975.52,624.83
102182,2025-11-22,CUST0065,Customer_65,East,P139,Marker Pack,Stationery,9,92.91,0.15,710.76,137.66
102183,2025-09-02,CUST0018,Customer_18,South,P620,Hoodie,Apparel,1,334.93,0,334.93,117.4
102184,2025-07-05,CUST0040,Customer_40,South,P497,Bookshelf,Furniture,12,172.97,0.2,1660.51,215.03
102185,2025-06-29,CUST0002,Customer_2,West,P361,Webcam,Electronics,3,163.88,0.2,393.31,41.33
102186,2025-06-03,CUST0058,Customer_58,South,P471,Desk Lamp,Furniture,7,91.41,0.2,511.9,119.67
102187,2025-03-28,CUST0021,Customer_21,North,P497,Bookshelf,Furniture,2,135.06,0.1,243.11,82.73
102188,2025-12-02,CUST0054,Customer_54,North,P620,Hoodie,Apparel,12,203.98,0,2447.76,850.65
102189,2025-06-25,CUST0007,Customer_7,north,P361,Whiteboard,Stationery,4,89.82,0.05,341.32,68.63
102190,2025-02-08,CUST0007,Customer_7,Central,P361,Webcam,Electronics,4,116.56,0.2,372.99,93.15
102191,2025-08-26,CUST0012,Customer_12,West,P361,Webcam,Electronics,4,176.99,0,707.96,195.6
102192,2025-03-15,CUST0060,Customer_60,West,P884,T-Shirt,Apparel,6,184.79,0.05,1053.3,412.75
102193,2025-08-12,CUST0017,Customer_17,north,P915,Cap,Apparel,4,321.25,0.15,1092.25,83.72
102194,2025-08-26,CUST0023,Customer_23,South,P497,Bookshelf,Furniture,7,47.84,0.2,267.9,48.08
102195,2025-04-16,CUST0026,Customer_26,East,P884,T-Shirt,Apparel,1,292.17,0.2,233.74,27.96
102196,2025-06-03,CUST0018,Customer_18,South,P826,Office Chair,Furniture,7,162.24,0.2,908.54,202.23
102197,2025-12-04,CUST0050,Customer_50,South,P361,Whiteboard,Stationery,7,403.28,0.2,2258.37,683.41
102198,2025-04-03,CUST0080,Customer_80,East,P932,Bluetooth Speaker,Electronics,7,365.51,0.05,2430.64,813.76
102199,2025-01-11,CUST0012,Customer_12,South,P858,Socks Pack,Apparel,10,257.57,0,2575.7,966.03
102200,2025-10-14,CUST0029,Customer_29,South,P915,Cap,Apparel,5,349.0,0,1745.0,449.96
102201,2025-06-21,CUST0026,Customer_26,South,P858,Socks Pack,Apparel,5,206.3,0.2,825.2,0.66
102202,2025-10-02,CUST0048,Customer_48,West,P566,Filing Cabinet,Furniture,3,192.77,0.1,520.48,196.41
102203,2025-12-28,CUST0035,Customer_35,East,P928,Wireless Mouse,Electronics,1,271.26,0,271.26,88.1
102204,2025-05-18,CUST0023,Customer_23,central,P381,Laptop Stand,Electronics,12,131.11,0,1573.32,401.11
102205,2025-10-25,CUST0029,Customer_29,West,P858,Socks Pack,Apparel,2,123.74,0.05,235.11,95.91
102206,2025-02-18,CUST0038,Customer_38,South,P566,Filing Cabinet,Furniture,9,430.63,0.1,3488.1,1102.7
102207,2025-07-12,CUST0011,Customer_11,South,P915,Cap,Apparel,7,121.33,0.05,806.84,159.44
102208,2025-04-30,CUST0052,Customer_52,East,P932,Bluetooth Speaker,Electronics,11,139.25,0.15,1301.99,426.16
102209,2025-10-20,CUST0005,Customer_5,north,P283,USB-C Hub,Electronics,8,218.12,0.15,1483.22,450.67
102210,2025-06-21,CUST0006,Customer_6,West,P858,Socks Pack,Apparel,7,17.03,0,119.21,42.82
102211,2025-04-27,CUST0032,Customer_32,West,P915,Cap,Apparel,7,269.73,0,1888.11,749.92
102212,2025-04-19,CUST0003,Customer_3,South,P272,Jacket,Apparel,12,357.82,0,4293.84,1343.98
102213,2025-07-30,CUST0061,Customer_61,Central,P033,Notebook Pack,Stationery,10,15.14,0.1,136.26,35.88
102214,2025-06-18,CUST0077,Customer_77,East,P381,Laptop Stand,Electronics,8,340.13,0.1,2448.94,670.26
102215,2025-09-21,CUST0080,Customer_80,East,P272,Jacket,Apparel,1,335.92,0,335.92,84.08
102216,2025-11-23,CUST0039,Customer_39,Central,P519,Standing Desk,Furniture,2,314.96,0,629.92,242.15
102217,2025-02-09,CUST0070,Customer_70,North,P272,Jacket,Apparel,1,187.95,0,187.95,75.8
102218,2025-03-25,CUST0074,Customer_74,Central,P381,Laptop Stand,Electronics,4,425.03,0.1,1530.11,347.95
102219,2025-10-18,CUST0069,Customer_69,South,P566,Filing Cabinet,Furniture,2,256.34,0.05,487.05,115.05
102220,2025-02-16,CUST0059,Customer_59,South,P361,Webcam,Electronics,7,371.48,0,2600.36,773.12
102221,2025-01-16,CUST0027,Customer_27,Central,P826,Office Chair,Furniture,11,348.82,0,3837.02,1436.5
102222,2025-07-03,CUST0073,Customer_73,Central,P272,Jacket,Apparel,1,447.3,0.1,402.57,136.47
102223,2025-04-08,CUST0001,Customer_1,Central,P597,Sticky Notes,Stationery,10,242.48,0,2424.8,950.52
102224,2025-05-06,CUST0007,Customer_7,Central,P826,Office Chair,Furniture,8,-328.31,0,2626.48,909.89
102225,2025-11-21,CUST0049,Customer_49,North,P865,Pen Set,Stationery,11,58.34,0.15,545.48,107.86
102226,2025-05-10,CUST0075,Customer_75,North,P471,Desk Lamp,Furniture,2,153.23,0,306.46,65.93
102227,2025-11-03,CUST0020,Customer_20,Central,P915,Cap,Apparel,1,205.25,0,205.25,81.92
102228,2025-11-24,CUST0009,Customer_9,West,P620,Hoodie,Apparel,7,74.4,0,520.8,156.16
102229,2025-06-01,CUST0039,Customer_39,Central,P033,Notebook Pack,Stationery,11,383.99,0.05,4012.7,1534.01
102230,2025-10-17,CUST0024,Customer_24,Central,P915,Cap,Apparel,2,41.27,0.1,74.29,28.85
102231,2025-07-17,CUST0015,Customer_15,Central,P566,Filing Cabinet,Furniture,7,181.23,0,1268.61,394.07
102232,2025-11-16,CUST0016,Customer_16,West,P884,T-Shirt,Apparel,11,342.78,0,3770.58,759.52
102233,2025-05-16,CUST0036,Customer_36,South,P865,Pen Set,Stationery,6,362.96,0.05,2068.87,527.99
102234,2025-09-25,CUST0063,Customer_63,South,P928,Wireless Mouse,Electronics,3,12.84,0.15,32.74,8.71
102235,2025-07-11,CUST0028,Customer_28,West,P858,Socks Pack,Apparel,1,-266.82,0,266.82,56.24
102236,2025-10-10,CUST0035,Customer_35,west,P272,Jacket,Apparel,12,33.99,0.1,367.09,104.34
102237,2025-05-31,CUST0032,Customer_32,East,P915,Cap,Apparel,3,381.25,0.15,972.19,254.96
102238,2025-08-06,CUST0033,Customer_33,North,P361,Webcam,Electronics,8,357.08,0.2,2285.31,41.68
102239,2025-12-26,CUST0035,Customer_35,West,P826,Office Chair,Furniture,6,394.43,0.1,2129.92,561.01
102240,2025-12-31,CUST0052,Customer_52,West,P620,Hoodie,Apparel,4,432.64,0,1730.56,593.63
102241,2025-11-16,CUST0068,Customer_68,Central,P915,Cap,Apparel,10,40.57,0,405.7,123.59
102242,2025-12-08,CUST0023,Customer_23,South,P826,Office Chair,Furniture,5,90.21,0.1,405.94,114.23
102243,2025-03-07,CUST0002,Customer_2,Central,P272,Jacket,Apparel,7,40.12,0.05,266.8,45.73
102244,2025-06-26,CUST0049,Customer_49,South,P471,Desk Lamp,Furniture,12,274.62,0.15,2801.12,537.02
102245,2025-09-02,CUST0052,Customer_52,west,P272,Jacket,Apparel,8,278.02,0,2224.16,491.34
102246,2025-05-11,CUST0068,Customer_68,Central,P826,Office Chair,Furniture,9,426.81,0.2,3073.03,718.83
102247,2025-04-13,CUST0078,Customer_78,north,P471,Desk Lamp,Furniture,2,76.4,0,152.8,53.39
102248,2025-06-02,CUST0007,Customer_7,North,P272,Jacket,Apparel,3,379.31,0.15,967.24,128.87
102249,2025-11-30,CUST0030,Customer_30,north,P932,Bluetooth Speaker,Electronics,12,421.62,0,5059.44,2001.35
102250,2025-10-22,CUST0064,Customer_64,Central,P865,Pen Set,Stationery,11,380.88,0.05,3980.2,1537.2
102251,2025-06-17,CUST0050,Customer_50,North,P865,Pen Set,Stationery,12,355.37,0.15,3624.77,1134.94
102252,2025-11-29,CUST0020,Customer_20,Central,P361,Webcam,Electronics,3,111.22,0.2,266.93,64.05
102253,2025-08-08,CUST0078,Customer_78,Central,P361,Webcam,Electronics,5,254.95,0.1,1147.28,318.48
102254,2025-10-07,CUST0005,Customer_5,East,P361,Whiteboard,Stationery,9,66.22,0,595.98,255.5
102255,2025-08-18,CUST0079,Customer_79,West,P272,Jacket,Apparel,2,421.91,0.05,801.63,216.89
102256,2025-11-25,CUST0038,Customer_38,North,P932,Bluetooth Speaker,Electronics,4,359.57,0,1438.28,470.77
102257,2025-02-07,CUST0025,Customer_25,West,P858,Socks Pack,Apparel,6,383.89,0,2303.34,1029.17
102258,2025-03-28,CUST0010,Customer_10,South,P915,Cap,Apparel,1,107.78,0,107.78,28.09
102259,2025-06-20,CUST0080,Customer_80,North,P361,Webcam,Electronics,4,235.91,0,943.64,375.1
102260,2025-05-31,CUST0040,Customer_40,West,P361,Whiteboard,Stationery,5,251.08,0,1255.4,320.21
102261,2025-10-01,CUST0054,Customer_54,West,P519,Standing Desk,Furniture,6,444.01,0,2664.06,738.06
102262,2025-11-08,CUST0010,Customer_10,North,P884,T-Shirt,Apparel,12,254.35,0.2,2441.76,19.09
102263,2025-12-03,CUST0022,Customer_22,North,P033,Notebook Pack,Stationery,5,163.44,0,817.2,169.24
102264,2025-07-01,CUST0066,Customer_66,North,P932,Bluetooth Speaker,Electronics,6,248.72,0,1492.32,399.6
102265,2025-05-14,CUST0035,Customer_35,North,P915,Cap,Apparel,4,274.21,0,1096.84,240.8
102266,2025-01-02,CUST0007,Customer_7,East,P033,Notebook Pack,Stationery,10,116.66,0.2,933.28,57.99
102267,2025-10-04,CUST0036,Customer_36,South,P283,USB-C Hub,Electronics,10,416.02,0.15,3536.17,680.26
102268,2025-12-15,CUST0027,Customer_27,South,P272,Jacket,Apparel,3,347.09,0.15,885.08,121.99
102269,2025-10-06,CUST0071,Customer_71,West,P915,Cap,Apparel,11,437.67,0.15,4092.21,1418.98
102270,2025-07-20,CUST0042,Customer_42,West,P471,Desk Lamp,Furniture,12,157.37,0.05,1794.02,622.01
102271,2025-04-15,CUST0031,Customer_31,West,P361,Whiteboard,Stationery,3,96.44,0,289.32,86.44
102272,2025-09-15,CUST0065,Customer_65,Central,P381,Laptop Stand,Electronics,8,26.82,0.15,182.38,12.61
102273,2025-11-02,CUST0022,Customer_22,East,P928,Wireless Mouse,Electronics,10,317.09,0,3170.9,998.16
102274,2025-04-13,CUST0019,Customer_19,East,P272,Jacket,Apparel,2,50.54,0.1,90.97,28.41
102275,2025-07-24,CUST0031,Customer_31,West,P826,Office Chair,Furniture,2,270.55,0.05,514.04,212.06
102276,2025-03-23,CUST0019,Customer_19,West,P932,Bluetooth Speaker,Electronics,4,273.47,0.05,1039.19,252.11
102277,2025-12-31,CUST0036,Customer_36,Central,P361,Whiteboard,Stationery,12,316.61,0.2,3039.46,895.97
102278,2025-03-12,CUST0026,Customer_26,Central,P381,Laptop Stand,Electronics,2,135.86,0.15,230.96,76.53
102279,2025-10-23,CUST0035,Customer_35,South,P272,Jacket,Apparel,7,449.03,0,3143.21,728.61
102280,2025-10-23,CUST0049,Customer_49,North,P932,Bluetooth Speaker,Electronics,4,439.49,0,1757.96,461.89
102281,2025-03-08,CUST0048,Customer_48,North,P858,Socks Pack,Apparel,8,10.62,0.05,80.71,23.0
102282,2025-07-21,CUST0031,Customer_31,North,P381,Laptop Stand,Electronics,7,113.51,0.2,635.66,196.99
102283,2025-11-25,CUST0012,Customer_12,South,P915,Cap,Apparel,1,283.74,0.1,255.37,90.75
102284,2025-03-26,CUST0008,Customer_8,East,P826,Office Chair,Furniture,3,169.26,0,507.78,151.28
102285,2025-08-24,CUST0048,Customer_48,South,P858,Socks Pack,Apparel,6,110.22,0,661.32,202.62
102286,2025-11-16,CUST0069,Customer_69,West,P884,T-Shirt,Apparel,3,389.46,0.05,1109.96,365.46
102287,2025-05-12,CUST0035,Customer_35,East,P826,Office Chair,Furniture,6,134.34,0.1,725.44,88.14
102288,2025-04-26,CUST0066,Customer_66,Central,P928,Wireless Mouse,Electronics,9,15.2,0.1,123.12,43.75
102289,2025-06-29,CUST0068,Customer_68,South,P497,Bookshelf,Furniture,5,344.84,0.05,1637.99,267.1
102290,2025-12-18,CUST0048,Customer_48,West,P826,Office Chair,Furniture,8,280.51,0,2244.08,833.17
102291,2025-07-29,CUST0014,Customer_14,East,P620,Hoodie,Apparel,5,247.46,0,1237.3,418.32
102292,2025-08-04,CUST0052,Customer_52,East,P283,USB-C Hub,Electronics,4,164.17,0,656.68,235.42
102293,2025-04-12,CUST0001,Customer_1,West,P381,Laptop Stand,Electronics,4,308.29,0.15,1048.19,76.73
102294,2025-08-05,CUST0007,Customer_7,East,P139,Marker Pack,Stationery,8,260.86,0,2086.88,871.82
102295,2025-10-30,CUST0042,Customer_42,East,P361,Whiteboard,Stationery,10,125.28,0.15,1064.88,258.27
102296,2025-02-19,CUST0041,Customer_41,North,P858,Socks Pack,Apparel,1,149.14,0.05,141.68,55.06
102297,2025-11-23,CUST0074,Customer_74,Central,P272,Jacket,Apparel,12,422.03,0.2,4051.49,356.4
102298,2025-03-05,CUST0071,Customer_71,Central,P519,Standing Desk,Furniture,6,323.36,0.05,1843.15,648.09
102299,2025-01-04,CUST0048,Customer_48,West,P884,T-Shirt,Apparel,3,436.99,0.15,1114.32,165.81
102300,2025-05-16,CUST0032,Customer_32,West,P928,Wireless Mouse,Electronics,10,90.04,0,900.4,269.34
102301,2025-03-15,CUST0078,Customer_78,West,P620,Hoodie,Apparel,11,66.9,0.1,662.31,73.9
102302,2025-10-15,CUST0018,Customer_18,West,P865,Pen Set,Stationery,3,368.44,0.2,884.26,28.81
102303,2025-12-01,CUST0024,Customer_24,South,P865,Pen Set,Stationery,8,217.24,0,1737.92,511.84
102304,2025-06-23,CUST0019,Customer_19,East,P283,USB-C Hub,Electronics,4,-311.22,0,1244.88,381.17
102305,2025-08-05,CUST0079,Customer_79,East,P519,Standing Desk,Furniture,3,236.19,0,708.57,294.36
102306,2025-10-30,CUST0068,Customer_68,East,P471,Desk Lamp,Furniture,1,361.47,0.05,343.4,114.64
102307,2025-05-18,CUST0044,Customer_44,Central,P566,Filing Cabinet,Furniture,1,412.36,0.05,391.74,131.58
102308,2025-04-14,CUST0071,Customer_71,East,P826,Office Chair,Furniture,1,9.67,0.2,7.74,1.47
102309,2025-03-21,CUST0024,Customer_24,South,P620,Hoodie,Apparel,3,225.8,0.05,643.53,191.9
102310,2025-09-17,CUST0005,Customer_5,west,P272,Jacket,Apparel,5,330.71,0,1653.55,361.5
102311,2025-01-27,CUST0031,Customer_31,East,P884,T-Shirt,Apparel,6,279.55,0,1677.3,493.17
102312,2025-01-20,CUST0061,Customer_61,West,P033,Notebook Pack,Stationery,3,404.83,0,1214.49,540.9
102313,2025-09-17,CUST0022,Customer_22,West,P272,Jacket,Apparel,7,68.87,0.1,433.88,57.13
102314,2025-01-21,CUST0032,Customer_32,West,P620,Hoodie,Apparel,9,300.76,0,2706.84,788.85
102315,2025-07-30,CUST0010,Customer_10,Central,P139,Marker Pack,Stationery,8,126.13,0.1,908.14,230.65
102316,2025-04-22,CUST0076,Customer_76,North,P858,Socks Pack,Apparel,9,320.97,0.2,2310.98,1.98
102317,2025-09-17,CUST0055,Customer_55,North,P361,Webcam,Electronics,12,282.14,0,3385.68,834.68
102318,2025-12-05,CUST0027,Customer_27,South,P566,Filing Cabinet,Furniture,7,139.1,0,973.7,406.08
102319,2025-07-15,CUST0013,Customer_13,Central,P826,Office Chair,Furniture,3,325.62,0.1,879.17,170.0
102320,2025-02-23,CUST0043,Customer_43,North,P139,Marker Pack,Stationery,6,108.77,0,652.62,293.01
102321,2025-12-24,CUST0021,Customer_21,West,P519,Standing Desk,Furniture,10,437.7,0.15,3720.45,311.4
102322,2025-11-23,CUST0021,Customer_21,North,P361,Whiteboard,Stationery,12,211.8,0.1,2287.44,447.27
102323,2025-09-27,CUST0019,Customer_19,North,P519,Standing Desk,Furniture,8,240.43,0.1,1731.1,361.16
102324,2025-05-29,CUST0009,Customer_9,South,P858,Socks Pack,Apparel,1,177.91,0,177.91,36.14
102325,2025-11-25,CUST0048,Customer_48,East,P915,Cap,Apparel,8,338.44,0.1,2436.77,541.87
102326,2025-06-16,CUST0066,Customer_66,South,P272,Jacket,Apparel,10,127.05,0.2,1016.4,64.55
102327,2025-01-02,CUST0080,Customer_80,Central,P620,Hoodie,Apparel,4,182.58,0,730.32,319.39
102328,2025-08-02,CUST0011,Customer_11,East,P272,Jacket,Apparel,3,11.27,0.05,32.12,10.8
102329,2025-07-28,CUST0036,Customer_36,East,P361,Whiteboard,Stationery,11,417.64,0.05,4364.34,1467.25
102330,2025-03-30,CUST0033,Customer_33,West,P272,Jacket,Apparel,5,10.53,0,52.65,18.61
102331,2025-08-01,CUST0068,Customer_68,East,P497,Bookshelf,Furniture,11,33.41,0,367.51,127.28
102332,2025-03-31,CUST0033,Customer_33,east,P597,Sticky Notes,Stationery,2,348.27,0.1,626.89,137.29
102333,2025-04-14,CUST0026,Customer_26,East,P858,Socks Pack,Apparel,7,15.51,0.2,86.86,20.81
102334,2025-02-02,CUST0058,Customer_58,East,P283,USB-C Hub,Electronics,7,93.74,0.1,590.56,180.73
102335,2025-11-26,CUST0053,Customer_53,Central,P283,USB-C Hub,Electronics,1,360.41,0,360.41,96.29
102336,2025-01-16,CUST0078,Customer_78,West,P033,Notebook Pack,Stationery,4,126.95,0.1,457.02,176.19
102337,2025-09-01,CUST0077,Customer_77,South,P858,Socks Pack,Apparel,8,67.64,0,541.12,197.96
102338,2025-07-05,CUST0050,Customer_50,East,P139,Marker Pack,Stationery,1,140.08,0,140.08,46.79
102339,2025-12-20,CUST0063,Customer_63,South,P139,Marker Pack,Stationery,1,261.28,0.05,248.22,62.7
102340,2025-06-22,CUST0075,Customer_75,Central,P283,USB-C Hub,Electronics,11,442.31,0,4865.41,1984.37
102341,2025-01-23,CUST0030,Customer_30,Central,P932,Bluetooth Speaker,Electronics,9,273.41,0.2,1968.55,529.1
102342,2025-01-09,CUST0060,Customer_60,West,P497,Bookshelf,Furniture,3,26.06,0,78.18,24.17
102343,2025-09-30,CUST0056,Customer_56,North,P915,Cap,Apparel,10,169.46,0,1694.6,484.53
102344,2025-05-17,CUST0067,Customer_67,Central,P519,Standing Desk,Furniture,1,229.38,0.2,183.5,15.83
102345,2025-07-22,CUST0066,Customer_66,South,P033,Notebook Pack,Stationery,10,193.77,0,1937.7,558.69
102346,2025-01-16,CUST0047,Customer_47,East,P858,Socks Pack,Apparel,5,81.26,0.05,385.99,77.34
102347,2025-08-16,CUST0025,Customer_25,North,P381,Laptop Stand,Electronics,7,88.35,0.1,556.6,183.42
102348,2025-09-29,CUST0012,Customer_12,West,P858,Socks Pack,Apparel,9,74.11,0.2,533.59,142.29
102349,2025-10-16,CUST0040,Customer_40,South,P858,Socks Pack,Apparel,9,270.42,0,2433.78,527.18
102350,2025-03-15,CUST0029,Customer_29,South,P884,T-Shirt,Apparel,8,284.11,0.1,2045.59,780.18
102351,2025-12-14,CUST0074,Customer_74,East,P928,Wireless Mouse,Electronics,12,367.15,0.2,3524.64,23.69
102352,2025-10-05,CUST0058,Customer_58,East,P361,Webcam,Electronics,5,365.98,0.05,1738.4,466.2
102353,2025-08-04,CUST0064,Customer_64,Central,P597,Sticky Notes,Stationery,4,270.26,0,1081.04,219.23
102354,2025-08-20,CUST0027,Customer_27,Central,P858,Socks Pack,Apparel,2,163.91,0,327.82,121.26
102355,2025-07-09,CUST0066,Customer_66,Central,P620,Hoodie,Apparel,7,373.43,0,2614.01,845.94
102356,2025-09-26,CUST0003,Customer_3,Central,P826,Office Chair,Furniture,11,219.71,0,2416.81,996.37
102357,2025-02-28,CUST0078,Customer_78,South,P932,Bluetooth Speaker,Electronics,12,46.99,0.2,451.1,63.88
102358,2025-10-04,CUST0067,Customer_67,west,P884,T-Shirt,Apparel,9,347.02,0.2,2498.54,149.58
102359,2025-11-02,CUST0005,Customer_5,South,P928,Wireless Mouse,Electronics,8,267.07,0,2136.56,704.51
102360,2025-10-11,CUST0078,Customer_78,West,P519,Standing Desk,Furniture,5,408.14,0.1,1836.63,376.12
102361,2025-08-21,CUST0006,Customer_6,Central,P497,Bookshelf,Furniture,1,193.96,0,193.96,64.96
102362,2025-04-26,CUST0025,Customer_25,South,P597,Sticky Notes,Stationery,12,205.17,0.2,1969.63,315.85
102363,2025-12-03,CUST0028,Customer_28,East,P932,Bluetooth Speaker,Electronics,6,158.4,0,950.4,265.79
102364,2025-07-03,CUST0017,Customer_17,South,P361,Webcam,Electronics,8,281.1,0.15,1911.48,181.49
102365,2025-05-24,CUST0034,Customer_34,North,P932,Bluetooth Speaker,Electronics,6,441.98,0.1,2386.69,789.44
102366,2025-09-05,CUST0007,Customer_7,North,P283,USB-C Hub,Electronics,4,440.18,0.2,1408.58,298.14
102367,2025-08-16,CUST0015,Customer_15,West,P361,Whiteboard,Stationery,9,273.97,0.15,2095.87,716.62
102368,2025-08-17,CUST0069,Customer_69,East,P283,USB-C Hub,Electronics,4,290.35,0,1161.4,289.1
102369,2025-05-15,CUST0053,Customer_53,West,P858,Socks Pack,Apparel,5,18.93,0.2,75.72,0.24
102370,2025-06-02,CUST0003,Customer_3,South,P381,Laptop Stand,Electronics,4,422.43,0.1,1520.75,456.52
102371,2025-04-17,CUST0016,Customer_16,Central,P139,Marker Pack,Stationery,8,169.79,0.15,1154.57,96.1
102372,2025-12-06,CUST0057,Customer_57,South,P826,Office Chair,Furniture,9,181.93,0.1,1473.63,256.24
102373,2025-02-15,CUST0043,Customer_43,South,P597,Sticky Notes,Stationery,11,80.35,0.2,707.08,170.86
102374,2025-07-10,CUST0009,Customer_9,North,P597,Sticky Notes,Stationery,9,117.37,0.05,1003.51,212.03
102375,2025-06-03,CUST0038,Customer_38,East,P272,Jacket,Apparel,12,120.54,0,1446.48,387.96
102376,2025-10-06,CUST0037,Customer_37,North,P381,Laptop Stand,Electronics,5,335.4,0.1,1509.3,538.78
102377,2025-03-24,CUST0022,Customer_22,East,P361,Webcam,Electronics,11,49.57,0.1,490.74,115.62
102378,2025-06-03,CUST0036,Customer_36,Central,P272,Jacket,Apparel,12,401.1,0.15,4091.22,733.05
102379,2025-08-19,CUST0037,Customer_37,West,P283,USB-C Hub,Electronics,10,366.18,0.2,2929.44,800.68
102380,2025-05-04,CUST0026,Customer_26,North,P283,USB-C Hub,Electronics,7,433.09,0.15,2576.89,645.83
102381,2025-07-16,CUST0024,Customer_24,Central,P361,Webcam,Electronics,4,191.7,0.05,728.46,218.6
102382,2025-07-31,CUST0056,Customer_56,South,P928,Wireless Mouse,Electronics,3,448.84,0.15,1144.54,271.27
102383,2025-01-17,CUST0018,Customer_18,Central,P519,Standing Desk,Furniture,11,316.94,0,3486.34,1334.69
102384,2025-04-17,CUST0057,Customer_57,North,P858,Socks Pack,Apparel,4,401.87,0.05,1527.11,499.09
102385,2025-11-11,CUST0010,Customer_10,East,P865,Pen Set,Stationery,11,142.56,0.2,1254.53,233.81
102386,2025-04-19,CUST0032,Customer_32,West,P033,Notebook Pack,Stationery,8,142.39,0.05,1082.16,197.07
102387,2025-07-12,CUST0007,Customer_7,South,P361,Webcam,Electronics,7,116.88,0.2,654.53,178.31
102388,2025-07-02,CUST0049,Customer_49,West,P597,Sticky Notes,Stationery,10,343.01,0.15,2915.59,872.36
102389,2025-02-17,CUST0039,Customer_39,Central,P928,Wireless Mouse,Electronics,4,417.86,0.2,1337.15,33.74
102390,2025-06-21,CUST0044,Customer_44,Central,P283,USB-C Hub,Electronics,5,352.53,0.15,1498.25,416.06
102391,2025-10-01,CUST0069,Customer_69,South,P471,Desk Lamp,Furniture,1,140.91,0.2,112.73,26.73
102392,2025-05-22,CUST0049,Customer_49,South,P932,Bluetooth Speaker,Electronics,11,221.13,0.1,2189.19,346.95
102393,2025-12-23,CUST0076,Customer_76,North,P858,Socks Pack,Apparel,9,214.22,0.2,1542.38,329.29
102394,2025-05-29,CUST0002,Customer_2,North,P597,Sticky Notes,Stationery,4,202.84,0.15,689.66,155.09
102395,2025-09-28,CUST0048,Customer_48,South,P928,Wireless Mouse,Electronics,2,327.6,0.1,589.68,150.63
102396,2025-02-13,CUST0042,Customer_42,South,P928,Wireless Mouse,Electronics,5,109.15,0.05,518.46,145.32
102397,2025-01-08,CUST0063,Customer_63,Central,P361,Webcam,Electronics,8,51.01,0.1,367.27,74.33
102398,2025-06-19,CUST0059,Customer_59,West,P381,Laptop Stand,Electronics,11,250.18,0.2,2201.58,686.41
102399,2025-05-06,CUST0010,Customer_10,North,P597,Sticky Notes,Stationery,3,320.37,0,961.11,429.56
102400,2025-04-05,CUST0065,Customer_65,North,P915,Cap,Apparel,11,313.59,0,3449.49,767.55
102401,2025-03-12,CUST0022,Customer_22,West,P033,Notebook Pack,Stationery,2,135.86,0,271.72,120.42
102402,2025-02-08,CUST0033,Customer_33,West,P139,Marker Pack,Stationery,10,70.62,0,706.2,144.22
102403,2025-09-23,CUST0019,Customer_19,South,P519,Standing Desk,Furniture,3,130.82,0,392.46,79.35
102404,2025-04-05,CUST0023,Customer_23,Central,P932,Bluetooth Speaker,Electronics,7,69.81,0,488.67,208.22
102405,2025-02-28,CUST0027,Customer_27,South,P139,Marker Pack,Stationery,5,100.41,0.1,451.84,163.03
102406,2025-09-22,CUST0049,Customer_49,West,P283,USB-C Hub,Electronics,3,115.52,0.1,311.9,99.27
102407,2025-04-21,CUST0039,Customer_39,West,P471,Desk Lamp,Furniture,7,-139.89,0.2,783.38,171.86
102408,2025-05-16,CUST0075,Customer_75,Central,P272,Jacket,Apparel,4,126.29,0.15,429.39,144.67
102409,2025-08-21,CUST0061,Customer_61,South,P497,Bookshelf,Furniture,11,261.2,0.15,2442.22,412.96
102410,2025-07-02,CUST0052,Customer_52,West,P932,Bluetooth Speaker,Electronics,12,86.48,0.05,985.87,160.37
102411,2025-02-03,CUST0035,Customer_35,Central,P272,Jacket,Apparel,3,171.42,0,514.26,119.26
102412,2025-08-02,CUST0039,Customer_39,West,P932,Bluetooth Speaker,Electronics,8,353.98,0,2831.84,1119.16
102413,2025-03-23,CUST0037,Customer_37,East,P915,Cap,Apparel,7,199.96,0,1399.72,396.5
102414,2025-12-19,CUST0053,Customer_53,East,P471,Desk Lamp,Furniture,9,400.6,0.15,3064.59,856.43
102415,2025-07-18,CUST0064,Customer_64,West,P497,Bookshelf,Furniture,2,157.73,0,315.46,129.6
102416,2025-08-03,CUST0026,Customer_26,Central,P497,Bookshelf,Furniture,5,101.93,0.15,433.2,116.37
102417,2025-05-07,CUST0074,Customer_74,Central,P381,Laptop Stand,Electronics,2,181.84,0.1,327.31,113.91
102418,2025-11-12,CUST0078,Customer_78,Central,P381,Laptop Stand,Electronics,2,164.68,0,329.36,92.73
102419,2025-09-21,CUST0026,Customer_26,West,P884,T-Shirt,Apparel,1,116.22,0.05,110.41,23.06
102420,2025-12-20,CUST0022,Customer_22,Central,P928,Wireless Mouse,Electronics,5,245.05,0.05,1163.99,240.61
102421,2025-03-13,CUST0050,Customer_50,West,P139,Marker Pack,Stationery,4,60.08,0,240.32,49.32
102422,2025-06-02,CUST0057,Customer_57,Central,P620,Hoodie,Apparel,6,291.96,0.2,1401.41,374.81
102423,2025-07-18,CUST0038,Customer_38,West,P361,Whiteboard,Stationery,4,413.39,0,1653.56,496.96
102424,2025-10-29,CUST0039,Customer_39,North,P283,USB-C Hub,Electronics,7,370.73,0,2595.11,839.76
102425,2025-11-25,CUST0053,Customer_53,North,P915,Cap,Apparel,10,211.39,0.1,1902.51,523.19
102426,2025-04-25,CUST0028,Customer_28,North,P865,Pen Set,Stationery,10,57.03,0,570.3,120.34
102427,2025-10-20,CUST0004,Customer_4,Central,P381,Laptop Stand,Electronics,12,117.13,0.1,1265.0,396.33
102428,2025-04-10,CUST0029,Customer_29,West,P497,Bookshelf,Furniture,5,103.23,0.15,438.73,100.75
102429,2025-12-18,CUST0036,Customer_36,East,P932,Bluetooth Speaker,Electronics,1,372.88,0.1,335.59,56.2
102430,2025-02-06,CUST0056,Customer_56,North,P858,Socks Pack,Apparel,4,24.66,0,98.64,21.98
102431,2025-05-25,CUST0075,Customer_75,South,P928,Wireless Mouse,Electronics,1,383.0,0.15,325.55,28.82
102432,2025-09-29,CUST0072,Customer_72,North,P272,Jacket,Apparel,2,186.66,0.1,335.99,37.4
102433,2025-05-07,CUST0038,Customer_38,East,P826,Office Chair,Furniture,4,121.96,0.15,414.66,32.37
102434,2025-01-31,CUST0027,Customer_27,North,P865,Pen Set,Stationery,2,196.06,0.15,333.3,70.77
102435,2025-10-30,CUST0013,Customer_13,North,P471,Desk Lamp,Furniture,7,33.97,0,237.79,60.21
102436,2025-09-11,CUST0015,Customer_15,North,P519,Standing Desk,Furniture,12,51.21,0.15,522.34,136.82
102437,2025-08-26,CUST0001,Customer_1,North,P471,Desk Lamp,Furniture,9,362.93,0,3266.37,1233.6
102438,2025-11-20,CUST0039,Customer_39,Central,P865,Pen Set,Stationery,8,420.78,0,3366.24,864.61
102439,2025-09-19,CUST0048,Customer_48,South,P272,Jacket,Apparel,5,388.2,0,1941.0,579.78
102440,2025-01-20,CUST0064,Customer_64,Central,P139,Marker Pack,Stationery,2,298.67,0.05,567.47,220.7
102441,2025-11-25,CUST0020,Customer_20,North,P932,Bluetooth Speaker,Electronics,5,395.62,0,1978.1,539.04
102442,2025-01-27,CUST0053,Customer_53,East,P620,Hoodie,Apparel,7,37.36,0.1,235.37,74.98
102443,2025-03-31,CUST0064,Customer_64,North,P033,Notebook Pack,Stationery,1,69.41,0,69.41,26.32
102444,2025-10-05,CUST0077,Customer_77,Central,P139,Marker Pack,Stationery,9,412.39,0,3711.51,1274.98
102445,2025-11-03,CUST0029,Customer_29,East,P928,Wireless Mouse,Electronics,6,54.84,0.15,279.68,41.06
102446,2025-12-06,CUST0052,Customer_52,South,P497,Bookshelf,Furniture,6,352.01,0,2112.06,482.33
102447,2025-08-22,CUST0020,Customer_20,North,P272,Jacket,Apparel,3,344.11,0,1032.33,360.0
102448,2025-09-01,CUST0003,Customer_3,North,P928,Wireless Mouse,Electronics,5,-387.69,0.15,1647.68,135.21
102449,2025-07-13,CUST0066,Customer_66,North,P620,Hoodie,Apparel,5,-25.91,0.15,110.12,22.29
102450,2025-11-23,CUST0053,Customer_53,North,P858,Socks Pack,Apparel,10,34.08,0,340.8,69.16
102451,2025-01-04,CUST0061,Customer_61,South,P620,Hoodie,Apparel,4,229.66,0,918.64,385.44
102452,2025-03-17,CUST0024,Customer_24,East,P471,Desk Lamp,Furniture,3,133.49,0.1,360.42,112.36
102453,2025-07-03,CUST0078,Customer_78,Central,P033,Notebook Pack,Stationery,1,128.63,0,128.63,34.53
102454,2025-03-01,CUST0030,Customer_30,North,P033,Notebook Pack,Stationery,12,59.03,0,708.36,257.31
102455,2025-06-10,CUST0025,Customer_25,South,P361,Whiteboard,Stationery,3,-80.81,0.15,206.07,40.57
102456,2025-08-12,CUST0038,Customer_38,West,P932,Bluetooth Speaker,Electronics,8,253.98,0,2031.84,610.16
102457,2025-10-04,CUST0003,Customer_3,East,P928,Wireless Mouse,Electronics,5,53.23,0,266.15,59.22
102458,2025-06-20,CUST0017,Customer_17,East,P932,Bluetooth Speaker,Electronics,5,215.53,0.05,1023.77,215.57
102459,2025-10-09,CUST0005,Customer_5,South,P826,Office Chair,Furniture,11,233.39,0.1,2310.56,304.01
102460,2025-06-26,CUST0064,Customer_64,South,P283,USB-C Hub,Electronics,8,254.77,0.2,1630.53,450.74
102461,2025-11-14,CUST0057,Customer_57,East,P865,Pen Set,Stationery,12,185.9,0.1,2007.72,773.12
102462,2025-09-10,CUST0048,Customer_48,North,P033,Notebook Pack,Stationery,9,343.73,0,3093.57,946.7
102463,2025-08-09,CUST0073,Customer_73,Central,P932,Bluetooth Speaker,Electronics,6,403.09,0.1,2176.69,479.03
102464,2025-01-25,CUST0050,Customer_50,East,P361,Whiteboard,Stationery,8,114.34,0.05,868.98,192.97
102465,2025-07-24,CUST0041,Customer_41,Central,P566,Filing Cabinet,Furniture,7,49.21,0,344.47,118.99
102466,2025-10-10,CUST0008,Customer_8,West,P497,Bookshelf,Furniture,4,288.68,0.1,1039.25,323.22
102467,2025-03-24,CUST0079,Customer_79,South,P915,Cap,Apparel,5,141.17,0.2,564.68,28.7
102468,2025-01-05,CUST0069,Customer_69,East,P865,Pen Set,Stationery,4,336.82,0,1347.28,547.63
102469,2025-05-21,CUST0011,Customer_11,West,P620,Hoodie,Apparel,5,56.89,0,284.45,103.68
102470,2025-06-23,CUST0041,Customer_41,West,P915,Cap,Apparel,10,418.25,0.05,3973.38,1490.94
102471,2025-03-25,CUST0036,Customer_36,South,P497,Bookshelf,Furniture,8,35.15,0.2,224.96,55.33
102472,2025-11-04,CUST0038,Customer_38,South,P865,Pen Set,Stationery,4,382.96,0,1531.84,444.22
102473,2025-05-24,CUST0003,Customer_3,North,P471,Desk Lamp,Furniture,7,181.4,0.15,1079.33,185.0
102474,2025-06-01,CUST0021,Customer_21,South,P519,Standing Desk,Furniture,1,141.5,0.05,134.42,40.18
102475,2025-05-04,CUST0076,Customer_76,North,P566,Filing Cabinet,Furniture,7,275.02,0.05,1828.88,356.9
102476,2025-07-01,CUST0005,Customer_5,Central,P826,Office Chair,Furniture,4,267.18,0.1,961.85,361.99
102477,2025-01-04,CUST0024,Customer_24,Central,P826,Office Chair,Furniture,7,50.09,0.1,315.57,118.45
102478,2025-07-11,CUST0080,Customer_80,North,P566,Filing Cabinet,Furniture,10,223.35,0.1,2010.15,747.22
102479,2025-10-25,CUST0044,Customer_44,East,P884,T-Shirt,Apparel,7,72.63,0.2,406.73,83.82
102480,2025-07-08,CUST0046,Customer_46,South,P033,Notebook Pack,Stationery,12,206.68,0.1,2232.14,364.64
102481,2025-06-26,CUST0028,Customer_28,West,P519,Standing Desk,Furniture,2,433.37,0.15,736.73,124.05
102482,2025-02-08,CUST0037,Customer_37,west,P361,Whiteboard,Stationery,5,202.96,0,1014.8,244.09
102483,2025-11-11,CUST0038,Customer_38,West,P865,Pen Set,Stationery,11,279.51,0,3074.61,676.42
102484,2025-08-04,CUST0055,Customer_55,West,P033,Notebook Pack,Stationery,6,86.14,0.05,491.0,123.0
102485,2025-10-22,CUST0021,Customer_21,Central,P932,Bluetooth Speaker,Electronics,8,249.97,0.05,1899.77,468.85
102486,2025-02-05,CUST0015,Customer_15,West,P272,Jacket,Apparel,11,249.82,0.05,2610.62,1082.69
102487,2025-05-06,CUST0018,Customer_18,South,P519,Standing Desk,Furniture,11,222.94,0.1,2207.11,640.23
102488,2025-11-22,CUST0067,Customer_67,East,P139,Marker Pack,Stationery,6,191.03,0.05,1088.87,434.46
102489,2025-04-09,CUST0003,Customer_3,South,P928,Wireless Mouse,Electronics,12,116.22,0.2,1115.71,231.28
102490,2025-12-23,CUST0020,Customer_20,Central,P826,Office Chair,Furniture,4,71.29,0.05,270.9,89.5
102491,2025-04-17,CUST0017,Customer_17,South,P858,Socks Pack,Apparel,12,121.97,0.05,1390.46,344.28
102492,2025-06-25,CUST0073,Customer_73,North,P932,Bluetooth Speaker,Electronics,4,414.35,0,1657.4,728.74
102493,2025-01-16,CUST0050,Customer_50,West,P865,Pen Set,Stationery,12,197.16,0,2365.92,955.84
102494,2025-07-08,CUST0009,Customer_9,South,P566,Filing Cabinet,Furniture,3,447.09,0,1341.27,287.34
102495,2025-09-08,CUST0047,Customer_47,West,P915,Cap,Apparel,7,279.21,0.05,1856.75,654.66
102496,2025-03-23,CUST0022,Customer_22,East,P139,Marker Pack,Stationery,5,321.01,0.2,1284.04,352.99
102497,2025-01-03,CUST0053,Customer_53,North,P471,Desk Lamp,Furniture,7,152.53,0.1,960.94,125.77
102498,2025-08-04,CUST0017,Customer_17,East,P272,Jacket,Apparel,12,225.55,0.1,2435.94,308.11
102499,2025-10-27,CUST0028,Customer_28,West,P597,Sticky Notes,Stationery,3,40.24,0.1,108.65,38.93
102500,2025-01-03,CUST0024,Customer_24,North,P519,Standing Desk,Furniture,5,402.7,0.05,1912.82,528.49
102501,2025-09-10,CUST0073,Customer_73,North,P620,Hoodie,Apparel,6,59.37,0.1,320.6,98.74
102502,2025-11-29,CUST0079,Customer_79,South,P826,Office Chair,Furniture,5,208.13,0.15,884.55,93.43
102503,2025-11-27,CUST0020,Customer_20,West,P361,Webcam,Electronics,12,318.8,0,3825.6,1660.28
102504,2025-08-16,CUST0002,Customer_2,Central,P620,Hoodie,Apparel,7,-286.52,0.15,1704.79,531.18
102505,2025-02-04,CUST0018,Customer_18,East,P826,Office Chair,Furniture,1,401.97,0.15,341.67,52.66
102506,2025-07-18,CUST0033,Customer_33,West,P519,Standing Desk,Furniture,4,194.9,0.05,740.62,180.15
102507,2025-03-27,CUST0070,Customer_70,west,P272,Jacket,Apparel,12,335.11,0,4021.32,1108.57
102508,2025-12-13,CUST0033,Customer_33,West,P361,Whiteboard,Stationery,10,66.82,0.1,601.38,69.26
102509,2025-01-27,CUST0015,Customer_15,Central,P519,Standing Desk,Furniture,5,282.76,0.2,1131.04,46.95
102510,2025-12-01,CUST0001,Customer_1,Central,P928,Wireless Mouse,Electronics,6,136.96,0,821.76,272.17
102511,2025-11-25,CUST0008,Customer_8,North,P283,USB-C Hub,Electronics,9,332.32,0.1,2691.79,569.07
102512,2025-02-01,CUST0037,Customer_37,Central,P932,Bluetooth Speaker,Electronics,4,36.23,0.05,137.67,44.02
102513,2025-06-19,CUST0025,Customer_25,East,P932,Bluetooth Speaker,Electronics,9,293.41,0.05,2508.66,851.43
102514,2025-01-22,CUST0080,Customer_80,West,P928,Wireless Mouse,Electronics,7,236.21,0,1653.47,586.39
102515,2025-08-19,CUST0071,Customer_71,West,P033,Notebook Pack,Stationery,2,433.23,0.1,779.81,295.2
102516,2025-07-27,CUST0078,Customer_78,Central,P566,Filing Cabinet,Furniture,12,53.45,0,641.4,271.52
102517,2025-09-22,CUST0055,Customer_55,West,P928,Wireless Mouse,Electronics,10,260.51,0.2,2084.08,109.67
102518,2025-09-24,CUST0026,Customer_26,East,P519,Standing Desk,Furniture,7,37.03,0.2,207.37,62.1
102519,2025-10-02,CUST0027,Customer_27,East,P865,Pen Set,Stationery,5,165.59,0.1,745.16,275.92
102520,2025-03-18,CUST0070,Customer_70,Central,P865,Pen Set,Stationery,6,428.72,0,2572.32,785.52
102521,2025-05-25,CUST0021,Customer_21,West,P272,Jacket,Apparel,11,70.78,0.05,739.65,135.2
102522,2025-12-15,CUST0043,Customer_43,North,P361,Whiteboard,Stationery,7,250.24,0.1,1576.51,232.53
102523,2025-01-04,CUST0020,Customer_20,West,P865,Pen Set,Stationery,3,406.22,0.05,1157.73,433.0
102524,2025-11-28,CUST0029,Customer_29,North,P597,Sticky Notes,Stationery,2,289.98,0.2,463.97,37.89
102525,2025-09-23,CUST0048,Customer_48,West,P361,Whiteboard,Stationery,2,435.98,0,871.96,217.16
102526,2025-01-04,CUST0069,Customer_69,South,P620,Hoodie,Apparel,12,380.33,0.15,3879.37,848.12
102527,2025-03-27,CUST0062,Customer_62,Central,P272,Jacket,Apparel,8,414.58,0.2,2653.31,733.01
102528,2025-12-21,CUST0062,Customer_62,North,P620,Hoodie,Apparel,1,352.86,0,352.86,158.03
102529,2025-03-14,CUST0036,Customer_36,North,P519,Standing Desk,Furniture,5,306.41,0.05,1455.45,529.86
102530,2025-12-21,CUST0058,Customer_58,West,P884,T-Shirt,Apparel,10,376.72,0.2,3013.76,271.41
102531,2025-10-26,CUST0061,Customer_61,West,P381,Laptop Stand,Electronics,6,321.72,0.05,1833.8,603.29
102532,2025-06-01,CUST0006,Customer_6,North,P858,Socks Pack,Apparel,4,94.09,0.2,301.09,69.06
102533,2025-03-24,CUST0037,Customer_37,Central,P566,Filing Cabinet,Furniture,11,322.99,0,3552.89,905.69
102534,2025-03-07,CUST0012,Customer_12,North,P932,Bluetooth Speaker,Electronics,4,442.96,0.15,1506.06,525.66
102535,2025-12-10,CUST0032,Customer_32,North,P884,T-Shirt,Apparel,2,155.88,0.2,249.41,28.02
102536,2025-01-20,CUST0013,Customer_13,North,P928,Wireless Mouse,Electronics,7,321.31,0,2249.17,776.49
102537,2025-06-28,CUST0072,Customer_72,Central,P497,Bookshelf,Furniture,8,410.1,0.1,2952.72,774.5
102538,2025-06-13,CUST0037,Customer_37,East,P497,Bookshelf,Furniture,8,403.34,0.1,2904.05,978.59
102539,2025-02-16,CUST0033,Customer_33,West,P620,Hoodie,Apparel,12,231.37,0.05,2637.62,426.91
102540,2025-05-03,CUST0020,Customer_20,West,P283,USB-C Hub,Electronics,2,424.55,0.05,806.64,192.6
102541,2025-09-23,CUST0019,Customer_19,South,P361,Whiteboard,Stationery,9,155.22,0.2,1117.58,38.77
102542,2025-03-07,CUST0038,Customer_38,South,P928,Wireless Mouse,Electronics,1,312.63,0.15,265.74,41.01
102543,2025-01-26,CUST0012,Customer_12,East,P361,Whiteboard,Stationery,1,149.28,0.1,134.35,51.35
102544,2025-09-11,CUST0015,Customer_15,South,P620,Hoodie,Apparel,12,33.2,0.15,338.64,50.19
102545,2025-08-04,CUST0028,Customer_28,North,P858,Socks Pack,Apparel,12,345.08,0,4140.96,1023.0
102546,2025-01-20,CUST0076,Customer_76,Central,P361,Webcam,Electronics,10,-268.18,0,2681.8,836.02
102547,2025-06-08,CUST0069,Customer_69,East,P283,USB-C Hub,Electronics,9,292.51,0,2632.59,963.58
102548,2025-11-04,CUST0024,Customer_24,West,P361,Webcam,Electronics,12,109.71,0,1316.52,359.98
102549,2025-08-02,CUST0051,Customer_51,South,P471,Desk Lamp,Furniture,11,18.93,0.2,166.58,9.85
102550,2025-08-08,CUST0067,Customer_67,East,P932,Bluetooth Speaker,Electronics,10,141.97,0.05,1348.71,250.53
102551,2025-06-27,CUST0029,Customer_29,South,P928,Wireless Mouse,Electronics,1,440.93,0.15,374.79,71.82
102552,2025-01-05,CUST0079,Customer_79,South,P272,Jacket,Apparel,4,275.26,0.1,990.94,246.68
102553,2025-03-05,CUST0040,Customer_40,East,P566,Filing Cabinet,Furniture,10,110.89,0.05,1053.45,240.23
102554,2025-02-23,CUST0052,Customer_52,West,P272,Jacket,Apparel,8,313.01,0,2504.08,808.14
102555,2025-12-03,CUST0068,Customer_68,East,P566,Filing Cabinet,Furniture,4,199.14,0.1,716.9,98.36
102556,2025-07-23,CUST0021,Customer_21,West,P272,Jacket,Apparel,3,269.72,0,809.16,278.13
102557,2025-09-21,CUST0002,Customer_2,East,P566,Filing Cabinet,Furniture,11,183.51,0.05,1917.68,308.09
102558,2025-11-25,CUST0078,Customer_78,Central,P381,Laptop Stand,Electronics,5,264.7,0,1323.5,328.09
102559,2025-06-24,CUST0080,Customer_80,West,P272,Jacket,Apparel,8,75.31,0,602.48,124.33
102560,2025-04-07,CUST0072,Customer_72,East,P139,Marker Pack,Stationery,1,148.15,0,148.15,32.65
102561,2025-07-18,CUST0043,Customer_43,South,P858,Socks Pack,Apparel,10,91.3,0,913.0,193.24
102562,2025-06-30,CUST0051,Customer_51,East,P033,Notebook Pack,Stationery,9,243.53,0,2191.77,631.07
102563,2025-11-30,CUST0047,Customer_47,South,P928,Wireless Mouse,Electronics,12,274.73,0,3296.76,1261.2
102564,2025-09-09,CUST0045,Customer_45,Central,P884,T-Shirt,Apparel,11,110.95,0,1220.45,313.06
102565,2025-03-18,CUST0044,Customer_44,West,P928,Wireless Mouse,Electronics,11,232.17,0.2,2043.1,239.07
102566,2025-01-12,CUST0052,Customer_52,Central,P865,Pen Set,Stationery,3,79.63,0.2,191.11,48.43
102567,2025-10-15,CUST0003,Customer_3,North,P620,Hoodie,Apparel,1,14.03,0.05,13.33,3.37
102568,2025-03-30,CUST0050,Customer_50,South,P620,Hoodie,Apparel,5,318.17,0.1,1431.77,377.34
102569,2025-11-22,CUST0037,Customer_37,East,P932,Bluetooth Speaker,Electronics,8,398.79,0.15,2711.77,883.7
102570,2025-11-02,CUST0048,Customer_48,West,P272,Jacket,Apparel,5,29.97,0.05,142.36,39.61
102571,2025-06-05,CUST0033,Customer_33,West,P865,Pen Set,Stationery,5,154.0,0,770.0,292.47
102572,2025-12-06,CUST0054,Customer_54,South,P139,Marker Pack,Stationery,4,302.49,0.2,967.97,221.53
102573,2025-04-28,CUST0046,Customer_46,West,P620,Hoodie,Apparel,7,375.8,0,2630.6,898.23
102574,2025-05-04,CUST0020,Customer_20,Central,P381,Laptop Stand,Electronics,8,169.29,0.05,1286.6,540.17
102575,2025-03-23,CUST0053,Customer_53,Central,P497,Bookshelf,Furniture,5,115.78,0.15,492.06,111.34
102576,2025-01-17,CUST0046,Customer_46,North,P932,Bluetooth Speaker,Electronics,6,361.47,0,2168.82,436.73
102577,2025-07-25,CUST0060,Customer_60,Central,P826,Office Chair,Furniture,1,210.39,0,210.39,85.62
102578,2025-12-23,CUST0060,Customer_60,Central,P620,Hoodie,Apparel,12,224.59,0,2695.08,643.76
102579,2025-06-26,CUST0001,Customer_1,East,P471,Desk Lamp,Furniture,1,36.04,0,36.04,13.2
102580,2025-03-09,CUST0001,Customer_1,South,P597,Sticky Notes,Stationery,1,298.81,0.1,268.93,97.55
102581,2025-03-13,CUST0060,Customer_60,East,P865,Pen Set,Stationery,4,339.76,0.1,1223.14,183.99
102582,2025-02-21,CUST0015,Customer_15,South,P519,Standing Desk,Furniture,11,163.85,0,1802.35,687.25
102583,2025-08-24,CUST0034,Customer_34,East,P471,Desk Lamp,Furniture,7,379.5,0.05,2523.67,460.82
102584,2025-07-06,CUST0064,Customer_64,East,P471,Desk Lamp,Furniture,4,252.87,0.15,859.76,214.92
102585,2025-11-20,CUST0056,Customer_56,North,P361,Webcam,Electronics,11,43.72,0,480.92,177.44
102586,2025-06-05,CUST0045,Customer_45,West,P597,Sticky Notes,Stationery,11,105.2,0.05,1099.34,260.79
102587,2025-02-25,CUST0054,Customer_54,South,P620,Hoodie,Apparel,4,203.48,0.05,773.22,306.14
102588,2025-09-01,CUST0048,Customer_48,West,P620,Hoodie,Apparel,7,121.74,0,852.18,346.45
102589,2025-03-02,CUST0066,Customer_66,West,P272,Jacket,Apparel,3,14.24,0.1,38.45,4.99
102590,2025-08-09,CUST0031,Customer_31,West,P283,USB-C Hub,Electronics,10,272.19,0,2721.9,928.29
102591,2025-01-17,CUST0043,Customer_43,North,P519,Standing Desk,Furniture,11,319.12,0.05,3334.8,1017.36
102592,2025-04-21,CUST0036,Customer_36,East,P471,Desk Lamp,Furniture,9,242.52,0,2182.68,813.83
102593,2025-05-30,CUST0020,Customer_20,East,P283,USB-C Hub,Electronics,6,276.65,0,1659.9,580.66
102594,2025-10-11,CUST0023,Customer_23,East,P826,Office Chair,Furniture,4,120.87,0.05,459.31,149.66
102595,2025-11-07,CUST0079,Customer_79,East,P928,Wireless Mouse,Electronics,12,154.41,0.1,1667.63,637.28
102596,2025-02-13,CUST0067,Customer_67,North,P497,Bookshelf,Furniture,4,200.66,0.1,722.38,206.18
102597,2025-03-22,CUST0075,Customer_75,West,P272,Jacket,Apparel,2,307.77,0,615.54,227.64
102598,2025-12-11,CUST0060,Customer_60,South,P566,Filing Cabinet,Furniture,6,365.53,0.05,2083.52,760.14
102599,2025-03-14,CUST0079,Customer_79,South,P928,Wireless Mouse,Electronics,12,230.51,0,2766.12,677.63
102600,2025-05-07,CUST0051,Customer_51,West,P932,Bluetooth Speaker,Electronics,8,104.28,0.05,792.53,242.94
102601,2025-03-12,CUST0073,Customer_73,Central,P272,Jacket,Apparel,1,203.4,0,203.4,73.92
102602,2025-02-11,CUST0048,Customer_48,south,P826,Office Chair,Furniture,5,129.18,0,645.9,288.98
102603,2025-07-13,CUST0067,Customer_67,East,P471,Desk Lamp,Furniture,8,253.29,0,2026.32,462.48
102604,2025-03-29,CUST0077,Customer_77,North,P139,Marker Pack,Stationery,7,208.04,0.05,1383.47,565.32
102605,2025-04-16,CUST0035,Customer_35,South,P272,Jacket,Apparel,11,161.81,0.15,1512.92,503.35
102606,2025-09-16,CUST0013,Customer_13,South,P928,Wireless Mouse,Electronics,4,374.91,0.15,1274.69,400.34
102607,2025-06-10,CUST0013,Customer_13,South,P519,Standing Desk,Furniture,5,173.88,0,869.4,272.67
102608,2025-10-02,CUST0071,Customer_71,South,P497,Bookshelf,Furniture,4,84.83,0.2,271.46,38.16
102609,2025-12-11,CUST0050,Customer_50,Central,P381,Laptop Stand,Electronics,4,191.58,0,766.32,299.33
102610,2025-11-29,CUST0062,Customer_62,East,P566,Filing Cabinet,Furniture,10,13.58,0.15,115.43,23.42
102611,2025-04-05,CUST0006,Customer_6,North,P928,Wireless Mouse,Electronics,6,65.2,0,391.2,107.7
102612,2025-01-05,CUST0059,Customer_59,North,P381,Laptop Stand,Electronics,4,126.9,0,507.6,117.84
102613,2025-11-07,CUST0042,Customer_42,North,P283,USB-C Hub,Electronics,4,210.78,0.1,758.81,216.83
102614,2025-02-11,CUST0080,Customer_80,West,P597,Sticky Notes,Stationery,6,122.72,0,736.32,253.97
102615,2025-06-23,CUST0050,Customer_50,West,P361,Webcam,Electronics,3,208.46,0.05,594.11,237.92
102616,2025-03-01,CUST0065,Customer_65,South,P620,Hoodie,Apparel,7,114.31,0,800.17,279.9
102617,2025-07-15,CUST0057,Customer_57,South,P826,Office Chair,Furniture,6,168.65,0,1011.9,339.3
102618,2025-09-02,CUST0037,Customer_37,East,P283,USB-C Hub,Electronics,12,69.79,0.15,711.86,114.05
102619,2025-06-04,CUST0039,Customer_39,North,P272,Jacket,Apparel,3,226.45,0,679.35,182.15
102620,2025-02-06,CUST0059,Customer_59,East,P884,T-Shirt,Apparel,11,139.8,0.15,1307.13,203.4
102621,2025-02-27,CUST0077,Customer_77,North,P858,Socks Pack,Apparel,12,194.3,0.05,2215.02,779.96
102622,2025-07-13,CUST0069,Customer_69,Central,P858,Socks Pack,Apparel,9,406.86,0,3661.74,1449.64
102623,2025-01-02,CUST0004,Customer_4,South,P139,Marker Pack,Stationery,4,223.0,0.1,802.8,106.92
102624,2025-02-10,CUST0045,Customer_45,South,P519,Standing Desk,Furniture,12,444.62,0.1,4801.9,1715.86
102625,2025-06-18,CUST0077,Customer_77,South,P497,Bookshelf,Furniture,2,27.31,0,54.62,23.9
102626,2025-08-20,CUST0022,Customer_22,North,P471,Desk Lamp,Furniture,3,132.1,0,396.3,126.96
102627,2025-12-23,CUST0075,Customer_75,Central,P884,T-Shirt,Apparel,8,155.92,0.05,1184.99,334.97
102628,2025-09-02,CUST0037,Customer_37,South,P858,Socks Pack,Apparel,10,33.14,0,331.4,72.09
102629,2025-05-23,CUST0070,Customer_70,Central,P915,Cap,Apparel,7,165.33,0.15,983.71,319.73
102630,2025-01-05,CUST0056,Customer_56,East,P381,Laptop Stand,Electronics,4,287.27,0.15,976.72,99.35
102631,2025-07-28,CUST0026,Customer_26,West,P283,USB-C Hub,Electronics,10,211.76,0,2117.6,512.03
102632,2025-08-01,CUST0014,Customer_14,Central,P858,Socks Pack,Apparel,5,277.09,0,1385.45,454.43
102633,2025-04-19,CUST0068,Customer_68,North,P381,Laptop Stand,Electronics,9,440.29,0,3962.61,1092.0
102634,2025-01-07,CUST0064,Customer_64,South,P381,Laptop Stand,Electronics,8,161.84,0.2,1035.78,102.52
102635,2025-12-20,CUST0025,Customer_25,East,P884,T-Shirt,Apparel,4,41.98,0.1,151.13,22.63
102636,2025-01-24,CUST0040,Customer_40,East,P283,USB-C Hub,Electronics,8,305.27,0.1,2197.94,636.63
102637,2025-09-15,CUST0029,Customer_29,North,P361,Whiteboard,Stationery,4,308.6,0.1,1110.96,262.88
102638,2025-04-22,CUST0078,Customer_78,East,P519,Standing Desk,Furniture,6,351.52,0,2109.12,893.3
102639,2025-04-05,CUST0042,Customer_42,North,P932,Bluetooth Speaker,Electronics,8,391.5,0,3132.0,701.1
102640,2025-12-28,CUST0025,Customer_25,Central,P884,T-Shirt,Apparel,2,315.73,0.05,599.89,215.76
102641,2025-04-17,CUST0072,Customer_72,North,P597,Sticky Notes,Stationery,4,-49.47,0.05,187.99,68.39
102642,2025-08-29,CUST0077,Customer_77,North,P858,Socks Pack,Apparel,11,333.7,0.2,2936.56,38.6
102643,2025-12-05,CUST0040,Customer_40,North,P139,Marker Pack,Stationery,9,213.45,0.15,1632.89,443.01
102644,2025-11-06,CUST0023,Customer_23,North,P381,Laptop Stand,Electronics,8,289.13,0,2313.04,850.84
102645,2025-02-04,CUST0027,Customer_27,West,P471,Desk Lamp,Furniture,8,92.91,0.05,706.12,213.17
102646,2025-12-03,CUST0029,Customer_29,South,P033,Notebook Pack,Stationery,12,414.59,0,4975.08,2073.86
102647,2025-05-19,CUST0013,Customer_13,South,P826,Office Chair,Furniture,7,305.78,0,2140.46,864.3
102648,2025-01-08,CUST0013,Customer_13,Central,P932,Bluetooth Speaker,Electronics,5,126.66,0,633.3,164.53
102649,2025-12-09,CUST0004,Customer_4,Central,P497,Bookshelf,Furniture,4,365.36,0.2,1169.15,230.96
102650,2025-12-26,CUST0012,Customer_12,east,P361,Webcam,Electronics,7,298.56,0,2089.92,722.84
102651,2025-05-26,CUST0014,Customer_14,North,P361,Whiteboard,Stationery,6,93.04,0.1,502.42,108.86
102652,2025-06-13,CUST0040,Customer_40,North,P497,Bookshelf,Furniture,6,445.63,0.15,2272.71,378.71
102653,2025-07-17,CUST0010,Customer_10,East,P928,Wireless Mouse,Electronics,11,96.24,0.05,1005.71,338.89
102654,2025-03-31,CUST0005,Customer_5,West,P519,Standing Desk,Furniture,8,176.95,0.05,1344.82,413.08
102655,2025-10-19,CUST0045,Customer_45,North,P519,Standing Desk,Furniture,9,177.61,0.1,1438.64,459.55
102656,2025-04-09,CUST0078,Customer_78,South,P361,Webcam,Electronics,4,354.28,0,1417.12,592.78
102657,2025-12-11,CUST0023,Customer_23,Central,P497,Bookshelf,Furniture,7,92.56,0.2,518.34,113.4
102658,2025-05-02,CUST0033,Customer_33,West,P566,Filing Cabinet,Furniture,6,53.32,0.15,271.93,53.84
102659,2025-01-20,CUST0065,Customer_65,South,P915,Cap,Apparel,5,85.67,0,428.35,114.86
102660,2025-03-10,CUST0071,Customer_71,North,P597,Sticky Notes,Stationery,1,206.8,0,206.8,75.48
102661,2025-10-14,CUST0067,Customer_67,North,P139,Marker Pack,Stationery,5,396.58,0.05,1883.75,375.0
102662,2025-11-06,CUST0055,Customer_55,West,P597,Sticky Notes,Stationery,4,150.64,0,602.56,144.69
102663,2025-08-23,CUST0016,Customer_16,East,P826,Office Chair,Furniture,1,344.81,0.2,275.85,35.46
102664,2025-08-22,CUST0028,Customer_28,West,P597,Sticky Notes,Stationery,12,330.54,0.15,3371.51,791.35
102665,2025-08-19,CUST0076,Customer_76,North,P361,Whiteboard,Stationery,1,188.59,0,188.59,63.29
102666,2025-08-10,CUST0075,Customer_75,South,P928,Wireless Mouse,Electronics,5,282.58,0,1412.9,607.27
102667,2025-08-18,CUST0014,Customer_14,east,P361,Whiteboard,Stationery,8,374.54,0.05,2846.5,874.82
102668,2025-10-05,CUST0065,Customer_65,East,P884,T-Shirt,Apparel,11,50.4,0.05,526.68,129.98
102669,2025-04-03,CUST0027,Customer_27,Central,P865,Pen Set,Stationery,6,277.93,0.15,1417.44,90.3
102670,2025-05-23,CUST0042,Customer_42,South,P932,Bluetooth Speaker,Electronics,7,188.57,0.15,1121.99,205.71
102671,2025-03-11,CUST0034,Customer_34,Central,P471,Desk Lamp,Furniture,7,39.87,0.2,223.27,20.72
102672,2025-08-17,CUST0016,Customer_16,South,P033,Notebook Pack,Stationery,3,154.05,0.2,369.72,36.68
102673,2025-09-09,CUST0055,Customer_55,West,P566,Filing Cabinet,Furniture,5,235.26,0.2,941.04,273.09
102674,2025-11-28,CUST0037,Customer_37,East,P566,Filing Cabinet,Furniture,9,391.73,0.15,2996.73,718.01
102675,2025-02-13,CUST0003,Customer_3,North,P283,USB-C Hub,Electronics,8,250.78,0.05,1905.93,501.02
102676,2025-04-17,CUST0001,Customer_1,West,P139,Marker Pack,Stationery,6,73.16,0.2,351.17,10.57
102677,2025-09-01,CUST0007,Customer_7,West,P566,Filing Cabinet,Furniture,6,191.41,0,1148.46,245.38
102678,2025-05-25,CUST0028,Customer_28,South,P361,Whiteboard,Stationery,9,353.15,0.05,3019.43,677.62
102679,2025-12-12,CUST0020,Customer_20,North,P519,Standing Desk,Furniture,6,202.37,0.05,1153.51,458.74
102680,2025-03-05,CUST0058,Customer_58,West,P597,Sticky Notes,Stationery,6,211.75,0.05,1206.97,453.23
102681,2025-07-20,CUST0057,Customer_57,Central,P033,Notebook Pack,Stationery,9,279.5,0.1,2263.95,305.11
102682,2025-09-11,CUST0048,Customer_48,East,P597,Sticky Notes,Stationery,11,113.83,0,1252.13,300.73
102683,2025-04-08,CUST0058,Customer_58,West,P915,Cap,Apparel,1,433.34,0.2,346.67,82.33
102684,2025-05-25,CUST0004,Customer_4,East,P865,Pen Set,Stationery,1,431.57,0.05,409.99,127.18
102685,2025-06-29,CUST0026,Customer_26,South,P033,Notebook Pack,Stationery,2,148.15,0.05,281.49,61.74
102686,2025-01-17,CUST0006,Customer_6,South,P033,Notebook Pack,Stationery,7,172.69,0,1208.83,324.58
102687,2025-05-15,CUST0044,Customer_44,East,P471,Desk Lamp,Furniture,6,297.37,0.05,1695.01,550.68
102688,2025-12-13,CUST0017,Customer_17,North,P272,Jacket,Apparel,1,287.03,0.15,243.98,31.38
102689,2025-10-20,CUST0011,Customer_11,East,P928,Wireless Mouse,Electronics,12,116.52,0,1398.24,424.75
102690,2025-11-04,CUST0077,Customer_77,East,P915,Cap,Apparel,2,46.35,0,92.7,25.89
102691,2025-08-18,CUST0036,Customer_36,West,P272,Jacket,Apparel,2,145.89,0,291.78,96.99
102692,2025-11-28,CUST0053,Customer_53,West,P884,T-Shirt,Apparel,5,326.48,0.15,1387.54,251.57
102693,2025-07-16,CUST0071,Customer_71,West,P471,Desk Lamp,Furniture,1,335.25,0.15,284.96,89.41
102694,2025-07-11,CUST0003,Customer_3,North,P932,Bluetooth Speaker,Electronics,12,80.52,0,966.24,267.73
102695,2025-04-06,CUST0064,Customer_64,South,P915,Cap,Apparel,1,147.47,0.2,117.98,19.13
102696,2025-03-21,CUST0009,Customer_9,West,P033,Notebook Pack,Stationery,6,37.72,0,226.32,71.75
102697,2025-08-19,CUST0032,Customer_32,Central,P471,Desk Lamp,Furniture,10,378.4,0,3784.0,1273.52
102698,2025-06-03,CUST0039,Customer_39,North,P826,Office Chair,Furniture,4,152.67,0,610.68,231.75
102699,2025-12-11,CUST0022,Customer_22,North,P471,Desk Lamp,Furniture,8,293.15,0.2,1876.16,376.79
102700,2025-12-25,CUST0053,Customer_53,South,P915,Cap,Apparel,8,219.75,0,1758.0,701.54
102701,2025-12-12,CUST0025,Customer_25,West,P283,USB-C Hub,Electronics,6,235.24,0,1411.44,540.75
102702,2025-02-10,CUST0045,Customer_45,North,P471,Desk Lamp,Furniture,9,350.91,0,3158.19,917.69
102703,2025-06-25,CUST0080,Customer_80,North,P361,Webcam,Electronics,9,142.19,0.15,1087.75,130.0
102704,2025-10-11,CUST0049,Customer_49,West,P597,Sticky Notes,Stationery,9,379.06,0.2,2729.23,758.55
102705,2025-04-21,CUST0069,Customer_69,Central,P826,Office Chair,Furniture,10,105.39,0.1,948.51,168.04
102706,2025-01-22,CUST0008,Customer_8,East,P471,Desk Lamp,Furniture,2,370.05,0.2,592.08,113.76
102707,2025-03-30,CUST0040,Customer_40,South,P826,Office Chair,Furniture,12,276.85,0,3322.2,1018.06
102708,2025-10-28,CUST0014,Customer_14,East,P826,Office Chair,Furniture,9,146.96,0.05,1256.51,229.94
102709,2025-07-25,CUST0012,Customer_12,South,P519,Standing Desk,Furniture,2,154.89,0.15,263.31,65.33
102710,2025-06-14,CUST0029,Customer_29,West,P283,USB-C Hub,Electronics,1,365.34,0,365.34,163.47
102711,2025-02-21,CUST0007,Customer_7,East,P915,Cap,Apparel,10,250.67,0.15,2130.69,270.68
102712,2025-12-29,CUST0056,Customer_56,Central,P497,Bookshelf,Furniture,6,444.68,0,2668.08,1120.81
102713,2025-10-30,CUST0013,Customer_13,South,P566,Filing Cabinet,Furniture,10,387.1,0.1,3483.9,1096.56
102714,2025-02-12,CUST0080,Customer_80,West,P928,Wireless Mouse,Electronics,7,437.49,0.15,2603.07,345.9
102715,2025-01-31,CUST0068,Customer_68,West,P519,Standing Desk,Furniture,11,118.53,0.2,1043.06,84.73
102716,2025-09-15,CUST0017,Customer_17,West,P826,Office Chair,Furniture,11,366.26,0,4028.86,878.42
102717,2025-11-13,CUST0073,Customer_73,Central,P620,Hoodie,Apparel,1,241.85,0.15,205.57,56.17
102718,2025-01-02,CUST0002,Customer_2,East,P139,Marker Pack,Stationery,4,69.51,0.2,222.43,25.43
102719,2025-10-10,CUST0059,Customer_59,West,P283,USB-C Hub,Electronics,3,72.43,0,217.29,45.62
102720,2025-06-23,CUST0079,Customer_79,North,P620,Hoodie,Apparel,5,363.84,0.1,1637.28,426.11
102721,2025-06-01,CUST0043,Customer_43,North,P826,Office Chair,Furniture,6,307.19,0.1,1658.83,237.5
102722,2025-11-20,CUST0067,Customer_67,South,P884,T-Shirt,Apparel,7,27.41,0.1,172.68,65.78
102723,2025-07-03,CUST0039,Customer_39,Central,P915,Cap,Apparel,8,429.94,0.05,3267.54,780.26
102724,2025-10-24,CUST0003,Customer_3,East,P033,Notebook Pack,Stationery,11,230.18,0.15,2152.18,389.65
102725,2025-05-13,CUST0027,Customer_27,South,P928,Wireless Mouse,Electronics,7,153.52,0.2,859.71,173.44
102726,2025-09-29,CUST0066,Customer_66,South,P272,Jacket,Apparel,6,196.1,0.1,1058.94,228.43
102727,2025-01-27,CUST0054,Customer_54,South,P519,Standing Desk,Furniture,10,-18.18,0,181.8,36.71
102728,2025-05-24,CUST0062,Customer_62,central,P361,Whiteboard,Stationery,2,341.12,0.1,614.02,236.16
102729,2025-05-12,CUST0067,Customer_67,East,P865,Pen Set,Stationery,9,82.47,0.15,630.9,116.99
102730,2025-03-04,CUST0034,Customer_34,West,P858,Socks Pack,Apparel,12,29.12,0,349.44,136.86
102731,2025-07-03,CUST0012,Customer_12,South,P272,Jacket,Apparel,4,290.71,0.2,930.27,126.63
102732,2025-09-10,CUST0002,Customer_2,West,P139,Marker Pack,Stationery,9,186.57,0.15,1427.26,281.79
102733,2025-12-19,CUST0020,Customer_20,South,P497,Bookshelf,Furniture,11,423.15,0.1,4189.18,856.97
102734,2025-10-02,CUST0001,Customer_1,West,P361,Webcam,Electronics,4,76.18,0,304.72,121.15
102735,2025-08-07,CUST0069,Customer_69,North,P361,Whiteboard,Stationery,8,408.74,0.15,2779.43,576.15
102736,2025-06-15,CUST0071,Customer_71,Central,P566,Filing Cabinet,Furniture,5,332.46,0.1,1496.07,446.55
102737,2025-04-29,CUST0046,Customer_46,East,P826,Office Chair,Furniture,8,150.49,0,1203.92,335.99
102738,2025-09-15,CUST0080,Customer_80,North,P915,Cap,Apparel,9,321.17,0,2890.53,1237.88
102739,2025-09-27,CUST0050,Customer_50,North,P566,Filing Cabinet,Furniture,8,150.87,0,1206.96,289.96
102740,2025-08-06,CUST0033,Customer_33,North,P865,Pen Set,Stationery,5,279.0,0,1395.0,353.24
102741,2025-08-12,CUST0040,Customer_40,North,P361,Webcam,Electronics,7,202.75,0.1,1277.33,345.32
102742,2025-04-16,CUST0045,Customer_45,North,P826,Office Chair,Furniture,2,183.03,0,366.06,88.12
102743,2025-09-01,CUST0020,Customer_20,South,P497,Bookshelf,Furniture,3,63.8,0,191.4,49.8
102744,2025-03-27,CUST0062,Customer_62,East,P272,Jacket,Apparel,9,29.58,0.15,226.29,45.27
102745,2025-02-12,CUST0065,Customer_65,central,P932,Bluetooth Speaker,Electronics,1,358.79,0,358.79,79.83
102746,2025-06-20,CUST0029,Customer_29,West,P620,Hoodie,Apparel,6,359.2,0.1,1939.68,539.27
102747,2025-05-14,CUST0035,Customer_35,North,P884,T-Shirt,Apparel,6,116.31,0,697.86,158.33
102748,2025-05-17,CUST0052,Customer_52,West,P566,Filing Cabinet,Furniture,3,29.25,0,87.75,23.05
102749,2025-06-03,CUST0080,Customer_80,East,P928,Wireless Mouse,Electronics,10,313.37,0.15,2663.64,524.33
102750,2025-12-16,CUST0020,Customer_20,South,P033,Notebook Pack,Stationery,3,441.65,0,1324.95,274.98
102751,2025-12-11,CUST0064,Customer_64,West,P915,Cap,Apparel,6,250.67,0,1504.02,333.07
102752,2025-11-07,CUST0048,Customer_48,North,P272,Jacket,Apparel,11,234.3,0,2577.3,677.58
102753,2025-01-12,CUST0062,Customer_62,North,P033,Notebook Pack,Stationery,11,353.32,0.1,3497.87,683.09
102754,2025-09-05,CUST0048,Customer_48,North,P033,Notebook Pack,Stationery,3,261.08,0.15,665.75,180.66
102755,2025-03-26,CUST0044,Customer_44,Central,P826,Office Chair,Furniture,7,413.6,0.1,2605.68,621.38
102756,2025-09-22,CUST0044,Customer_44,East,P915,Cap,Apparel,8,204.66,0,1637.28,581.55
102757,2025-01-10,CUST0047,Customer_47,South,P597,Sticky Notes,Stationery,12,278.84,0.15,2844.17,339.8
102758,2025-08-10,CUST0069,Customer_69,South,P272,Jacket,Apparel,2,156.64,0.05,297.62,62.6
102759,2025-10-26,CUST0035,Customer_35,North,P381,Laptop Stand,Electronics,7,426.4,0.15,2537.08,715.61
102760,2025-08-26,CUST0060,Customer_60,East,P928,Wireless Mouse,Electronics,11,29.1,0,320.1,68.04
102761,2025-05-28,CUST0079,Customer_79,Central,P865,Pen Set,Stationery,11,39.72,0.15,371.38,102.41
102762,2025-07-07,CUST0060,Customer_60,West,P361,Whiteboard,Stationery,5,53.91,0,269.55,103.08
102763,2025-06-18,CUST0048,Customer_48,South,P620,Hoodie,Apparel,10,302.01,0,3020.1,1179.51
102764,2025-06-28,CUST0071,Customer_71,West,P361,Webcam,Electronics,6,222.81,0.1,1203.17,367.16
102765,2025-12-01,CUST0053,Customer_53,East,P884,T-Shirt,Apparel,3,356.04,0.1,961.31,167.32
102766,2025-04-10,CUST0053,Customer_53,East,P519,Standing Desk,Furniture,4,335.82,0.15,1141.79,138.66
102767,2025-08-27,CUST0014,Customer_14,North,P361,Whiteboard,Stationery,10,448.71,0.05,4262.74,1084.08
102768,2025-12-09,CUST0076,Customer_76,Central,P620,Hoodie,Apparel,5,63.02,0,315.1,85.58
102769,2025-12-31,CUST0028,Customer_28,West,P915,Cap,Apparel,6,323.54,0.05,1844.18,758.5
102770,2025-07-18,CUST0013,Customer_13,North,P928,Wireless Mouse,Electronics,8,161.79,0.15,1100.17,378.19
102771,2025-01-19,CUST0050,Customer_50,West,P858,Socks Pack,Apparel,11,127.21,0,1399.31,458.67
102772,2025-09-28,CUST0041,Customer_41,East,P033,Notebook Pack,Stationery,7,407.51,0,2852.57,1205.32
102773,2025-12-07,CUST0071,Customer_71,West,P272,Jacket,Apparel,7,307.17,0,2150.19,431.0
102774,2025-12-11,CUST0046,Customer_46,Central,P884,T-Shirt,Apparel,8,33.54,0,268.32,111.83
102775,2025-04-20,CUST0030,Customer_30,North,P033,Notebook Pack,Stationery,4,278.54,0,1114.16,425.58
102776,2025-06-08,CUST0022,Customer_22,South,P915,Cap,Apparel,10,108.21,0.05,1027.99,202.6
102777,2025-10-18,CUST0053,Customer_53,North,P884,T-Shirt,Apparel,12,126.47,0,1517.64,608.57
102778,2025-12-11,CUST0030,Customer_30,North,P361,Whiteboard,Stationery,6,255.84,0,1535.04,541.17
102779,2025-06-25,CUST0024,Customer_24,North,P620,Hoodie,Apparel,12,216.13,0.1,2334.2,294.38
102780,2025-09-25,CUST0050,Customer_50,South,P858,Socks Pack,Apparel,2,47.1,0,94.2,26.56
102781,2025-05-16,CUST0022,Customer_22,Central,P865,Pen Set,Stationery,7,44.51,0,311.57,94.59
102782,2025-06-20,CUST0080,Customer_80,East,P361,Whiteboard,Stationery,6,207.57,0,1245.42,364.54
102783,2025-04-20,CUST0024,Customer_24,North,P597,Sticky Notes,Stationery,5,134.59,0,672.95,284.43
102784,2025-12-07,CUST0044,Customer_44,North,P283,USB-C Hub,Electronics,7,415.24,0,2906.68,936.53
102785,2025-04-16,CUST0071,Customer_71,East,P361,Webcam,Electronics,4,204.5,0.15,695.3,157.7
102786,2025-05-24,CUST0064,Customer_64,North,P932,Bluetooth Speaker,Electronics,7,304.48,0,2131.36,944.25
102787,2025-04-12,CUST0032,Customer_32,South,P597,Sticky Notes,Stationery,1,405.53,0,405.53,163.77
102788,2025-01-06,CUST0026,Customer_26,West,P361,Webcam,Electronics,8,396.27,0.05,3011.65,538.82
102789,2025-10-21,CUST0002,Customer_2,West,P272,Jacket,Apparel,7,55.92,0.1,352.3,113.79
102790,2025-07-11,CUST0001,Customer_1,West,P272,Jacket,Apparel,11,221.39,0.2,1948.23,568.83
102791,2025-03-17,CUST0006,Customer_6,East,P139,Marker Pack,Stationery,9,381.74,0.05,3263.88,892.49
102792,2025-10-22,CUST0029,Customer_29,East,P283,USB-C Hub,Electronics,11,79.53,0.2,699.86,153.67
102793,2025-08-08,CUST0060,Customer_60,South,P033,Notebook Pack,Stationery,10,278.89,0.05,2649.45,1089.75
102794,2025-05-09,CUST0073,Customer_73,South,P361,Webcam,Electronics,12,321.67,0.05,3667.04,921.42
102795,2025-12-05,CUST0015,Customer_15,Central,P884,T-Shirt,Apparel,2,252.12,0.15,428.6,42.43
102796,2025-10-06,CUST0019,Customer_19,East,P272,Jacket,Apparel,1,212.37,0,212.37,89.31
102797,2025-05-08,CUST0051,Customer_51,North,P497,Bookshelf,Furniture,3,185.48,0,556.44,230.84
102798,2025-01-13,CUST0071,Customer_71,Central,P915,Cap,Apparel,5,235.36,0,1176.8,275.12
102799,2025-07-08,CUST0070,Customer_70,north,P471,Desk Lamp,Furniture,5,92.92,0.2,371.68,43.96
102800,2025-05-03,CUST0042,Customer_42,South,P381,Laptop Stand,Electronics,5,157.43,0,787.15,279.95
102801,2025-03-04,CUST0004,Customer_4,South,P826,Office Chair,Furniture,5,28.81,0.2,115.24,8.46
102802,2025-02-14,CUST0074,Customer_74,Central,P597,Sticky Notes,Stationery,9,428.57,0.1,3471.42,668.7
102803,2025-06-23,CUST0078,Customer_78,North,P884,T-Shirt,Apparel,8,418.59,0,3348.72,789.44
102804,2025-09-14,CUST0058,Customer_58,west,P361,Webcam,Electronics,5,40.58,0,202.9,45.14
102805,2025-07-20,CUST0033,Customer_33,Central,P471,Desk Lamp,Furniture,10,149.78,0,1497.8,506.17
102806,2025-08-21,CUST0052,Customer_52,East,P272,Jacket,Apparel,11,200.53,0,2205.83,987.45
102807,2025-12-02,CUST0076,Customer_76,North,P620,Hoodie,Apparel,2,290.46,0.05,551.87,121.95
102808,2025-10-25,CUST0054,Customer_54,East,P915,Cap,Apparel,8,-404.09,0,3232.72,650.95
102809,2025-10-05,CUST0036,Customer_36,South,P361,Webcam,Electronics,5,317.8,0.05,1509.55,347.45
102810,2025-06-26,CUST0050,Customer_50,Central,P932,Bluetooth Speaker,Electronics,5,79.69,0,398.45,133.98
102811,2025-10-24,CUST0039,Customer_39,Central,P272,Jacket,Apparel,2,54.49,0,108.98,35.85
102812,2025-08-19,CUST0047,Customer_47,West,P597,Sticky Notes,Stationery,7,158.91,0,1112.37,358.26
102813,2025-10-23,CUST0027,Customer_27,South,P139,Marker Pack,Stationery,6,126.62,0.15,645.76,223.22
102814,2025-05-13,CUST0049,Customer_49,Central,P361,Whiteboard,Stationery,1,380.54,0.05,361.51,83.38
102815,2025-11-29,CUST0053,Customer_53,West,P283,USB-C Hub,Electronics,9,66.44,0.05,568.06,122.31
102816,2025-08-15,CUST0057,Customer_57,South,P272,Jacket,Apparel,10,173.57,0,1735.7,452.64
102817,2025-07-28,CUST0019,Customer_19,West,P620,Hoodie,Apparel,8,215.05,0,1720.4,395.98
102818,2025-01-29,CUST0057,Customer_57,South,P497,Bookshelf,Furniture,2,65.47,0.1,117.85,32.1
102819,2025-10-04,CUST0022,Customer_22,South,P865,Pen Set,Stationery,3,110.47,0.15,281.7,21.41
102820,2025-11-12,CUST0076,Customer_76,North,P497,Bookshelf,Furniture,5,175.56,0.2,702.24,131.42
102821,2025-07-13,CUST0073,Customer_73,South,P865,Pen Set,Stationery,11,413.37,0.05,4319.72,1123.16
102822,2025-07-20,CUST0042,Customer_42,West,P471,Desk Lamp,Furniture,5,47.93,0.1,215.69,63.29
102823,2025-07-15,CUST0034,Customer_34,East,P139,Marker Pack,Stationery,9,156.66,0.1,1268.95,324.69
102824,2025-10-24,CUST0067,Customer_67,Central,P932,Bluetooth Speaker,Electronics,3,168.05,0,504.15,112.86
102825,2025-08-16,CUST0053,Customer_53,West,P865,Pen Set,Stationery,6,155.2,0,931.2,307.37
102826,2025-08-17,CUST0070,Customer_70,South,P884,T-Shirt,Apparel,11,87.75,0,965.25,260.11
102827,2025-02-08,CUST0062,Customer_62,West,P928,Wireless Mouse,Electronics,10,436.23,0,4362.3,1352.11
102828,2025-10-23,CUST0017,Customer_17,Central,P858,Socks Pack,Apparel,9,351.32,0,3161.88,695.86
102829,2025-12-25,CUST0010,Customer_10,Central,P865,Pen Set,Stationery,5,258.78,0.2,1035.12,191.27
102830,2025-12-08,CUST0074,Customer_74,South,P915,Cap,Apparel,5,58.77,0,293.85,115.01
102831,2025-08-30,CUST0001,Customer_1,East,P932,Bluetooth Speaker,Electronics,2,318.1,0,636.2,202.46
102832,2025-01-11,CUST0019,Customer_19,East,P826,Office Chair,Furniture,2,327.64,0.05,622.52,203.0
102833,2025-05-22,CUST0068,Customer_68,East,P858,Socks Pack,Apparel,3,299.08,0.15,762.65,253.88
102834,2025-08-27,CUST0041,Customer_41,West,P928,Wireless Mouse,Electronics,6,83.63,0.15,426.51,65.16
102835,2025-01-27,CUST0030,Customer_30,Central,P884,T-Shirt,Apparel,8,244.27,0.2,1563.33,321.63
102836,2025-04-14,CUST0002,Customer_2,South,P139,Marker Pack,Stationery,8,70.66,0,565.28,157.04
102837,2025-01-06,CUST0055,Customer_55,South,P928,Wireless Mouse,Electronics,5,156.32,0.1,703.44,243.56
102838,2025-12-06,CUST0069,Customer_69,North,P139,Marker Pack,Stationery,12,52.08,0.15,531.22,115.57
102839,2025-10-17,CUST0056,Customer_56,East,P858,Socks Pack,Apparel,8,303.83,0,2430.64,718.6
102840,2025-03-03,CUST0072,Customer_72,South,P471,Desk Lamp,Furniture,12,326.62,0,3919.44,1530.27
102841,2025-01-02,CUST0035,Customer_35,North,P566,Filing Cabinet,Furniture,10,158.49,0,1584.9,478.09
102842,2025-11-20,CUST0048,Customer_48,West,P033,Notebook Pack,Stationery,2,197.78,0,395.56,98.69
102843,2025-01-10,CUST0060,Customer_60,East,P361,Whiteboard,Stationery,5,315.63,0,1578.15,317.63
102844,2025-08-28,CUST0031,Customer_31,Central,P620,Hoodie,Apparel,7,65.59,0.1,413.22,151.55
102845,2025-06-03,CUST0074,Customer_74,West,P272,Jacket,Apparel,4,343.8,0.15,1168.92,263.27
102846,2025-05-13,CUST0039,Customer_39,Central,P497,Bookshelf,Furniture,4,286.31,0,1145.24,269.15
102847,2025-03-26,CUST0078,Customer_78,East,P915,Cap,Apparel,8,56.76,0.05,431.38,96.19
102848,2025-12-13,CUST0006,Customer_6,Central,P471,Desk Lamp,Furniture,10,28.72,0.2,229.76,55.54
102849,2025-03-06,CUST0038,Customer_38,North,P858,Socks Pack,Apparel,7,-432.77,0.15,2574.98,885.66
102850,2025-02-03,CUST0054,Customer_54,South,P361,Whiteboard,Stationery,4,219.22,0,876.88,331.46
102851,2025-12-22,CUST0018,Customer_18,Central,P497,Bookshelf,Furniture,5,270.5,0,1352.5,533.96
102852,2025-02-13,CUST0035,Customer_35,North,P928,Wireless Mouse,Electronics,11,154.78,0.05,1617.45,578.14
102853,2025-04-04,CUST0051,Customer_51,Central,P033,Notebook Pack,Stationery,5,225.17,0.2,900.68,189.07
102854,2025-01-06,CUST0009,Customer_9,Central,P865,Pen Set,Stationery,10,360.36,0,3603.6,739.74
102855,2025-08-18,CUST0040,Customer_40,East,P519,Standing Desk,Furniture,10,246.11,0,2461.1,594.32
102856,2025-12-22,CUST0062,Customer_62,South,P884,T-Shirt,Apparel,6,118.14,0.1,637.96,244.58
102857,2025-03-25,CUST0039,Customer_39,South,P620,Hoodie,Apparel,7,151.41,0,1059.87,286.24
102858,2025-01-20,CUST0008,Customer_8,East,P915,Cap,Apparel,8,187.71,0.2,1201.34,59.8
102859,2025-09-08,CUST0032,Customer_32,East,P597,Sticky Notes,Stationery,5,299.13,0,1495.65,405.92
102860,2025-07-25,CUST0080,Customer_80,West,P858,Socks Pack,Apparel,3,328.06,0.15,836.55,280.2
102861,2025-05-18,CUST0074,Customer_74,West,P471,Desk Lamp,Furniture,4,143.15,0,572.6,159.77
102862,2025-04-19,CUST0076,Customer_76,East,P497,Bookshelf,Furniture,3,234.92,0.1,634.28,124.4
102863,2025-09-19,CUST0013,Customer_13,South,P519,Standing Desk,Furniture,1,420.94,0,420.94,160.25
102864,2025-04-17,CUST0007,Customer_7,East,P519,Standing Desk,Furniture,7,145.12,0.2,812.67,208.57
102865,2025-01-12,CUST0073,Customer_73,South,P865,Pen Set,Stationery,12,369.97,0,4439.64,1936.83
102866,2025-02-07,CUST0052,Customer_52,North,P283,USB-C Hub,Electronics,4,371.1,0,1484.4,632.41
102867,2025-07-02,CUST0042,Customer_42,North,P884,T-Shirt,Apparel,10,430.56,0,4305.6,1255.03
102868,2025-11-28,CUST0039,Customer_39,East,P361,Whiteboard,Stationery,5,39.47,0.1,177.62,38.46
102869,2025-03-09,CUST0042,Customer_42,Central,P471,Desk Lamp,Furniture,1,424.09,0.2,339.27,51.22
102870,2025-06-26,CUST0003,Customer_3,North,P865,Pen Set,Stationery,12,312.35,0.1,3373.38,411.37
102871,2025-02-26,CUST0043,Customer_43,West,P915,Cap,Apparel,6,227.31,0,1363.86,308.87
102872,2025-09-21,CUST0017,Customer_17,West,P361,Whiteboard,Stationery,4,15.71,0.2,50.27,8.94
102873,2025-12-10,CUST0069,Customer_69,North,P361,Whiteboard,Stationery,4,147.65,0,590.6,136.72
102874,2025-06-10,CUST0006,Customer_6,Central,P865,Pen Set,Stationery,1,146.96,0.1,132.26,27.2
102875,2025-08-04,CUST0077,Customer_77,West,P272,Jacket,Apparel,2,143.28,0.15,243.58,70.51
102876,2025-01-22,CUST0076,Customer_76,West,P928,Wireless Mouse,Electronics,1,42.76,0,42.76,11.06
102877,2025-04-21,CUST0077,Customer_77,Central,P566,Filing Cabinet,Furniture,9,239.8,0.1,1942.38,702.41
102878,2025-07-20,CUST0015,Customer_15,West,P620,Hoodie,Apparel,9,239.17,0.05,2044.9,340.7
102879,2025-02-15,CUST0068,Customer_68,Central,P361,Whiteboard,Stationery,10,28.22,0,282.2,82.71
102880,2025-10-13,CUST0069,Customer_69,South,P566,Filing Cabinet,Furniture,8,85.83,0,686.64,306.92
102881,2025-01-01,CUST0071,Customer_71,East,P932,Bluetooth Speaker,Electronics,8,76.22,0,609.76,204.56
102882,2025-09-22,CUST0029,Customer_29,Central,P361,Webcam,Electronics,4,29.97,0.05,113.89,29.86
102883,2025-10-19,CUST0048,Customer_48,West,P932,Bluetooth Speaker,Electronics,6,439.81,0.1,2374.97,561.66
102884,2025-07-18,CUST0062,Customer_62,West,P139,Marker Pack,Stationery,1,425.17,0.05,403.91,114.07
102885,2025-10-15,CUST0044,Customer_44,East,P884,T-Shirt,Apparel,2,195.84,0,391.68,134.04
102886,2025-07-25,CUST0027,Customer_27,South,P865,Pen Set,Stationery,2,230.67,0.15,392.14,62.76
102887,2025-01-17,CUST0018,Customer_18,South,P139,Marker Pack,Stationery,6,197.41,0.2,947.57,61.89
102888,2025-09-04,CUST0031,Customer_31,North,P283,USB-C Hub,Electronics,2,175.31,0.15,298.03,56.35
102889,2025-08-01,CUST0014,Customer_14,North,P597,Sticky Notes,Stationery,9,220.38,0,1983.42,886.28
102890,2025-03-12,CUST0048,Customer_48,East,P597,Sticky Notes,Stationery,6,18.51,0,111.06,22.3
102891,2025-01-19,CUST0073,Customer_73,Central,P471,Desk Lamp,Furniture,8,185.45,0.05,1409.42,505.57
102892,2025-02-19,CUST0051,Customer_51,Central,P826,Office Chair,Furniture,4,360.86,0.2,1154.75,259.06
102893,2025-01-15,CUST0004,Customer_4,South,P932,Bluetooth Speaker,Electronics,4,146.29,0.1,526.64,159.86
102894,2025-05-23,CUST0014,Customer_14,East,P858,Socks Pack,Apparel,10,433.1,0.05,4114.45,1392.32
102895,2025-09-20,CUST0080,Customer_80,South,P620,Hoodie,Apparel,6,52.1,0.1,281.34,47.01
102896,2025-06-17,CUST0052,Customer_52,East,P928,Wireless Mouse,Electronics,3,64.31,0,192.93,80.57
102897,2025-08-28,CUST0058,Customer_58,North,P283,USB-C Hub,Electronics,6,42.84,0,257.04,82.34
102898,2025-09-22,CUST0022,Customer_22,Central,P932,Bluetooth Speaker,Electronics,2,190.47,0.05,361.89,148.24
102899,2025-04-22,CUST0075,Customer_75,Central,P566,Filing Cabinet,Furniture,9,252.57,0.2,1818.5,411.77
102900,2025-04-10,CUST0054,Customer_54,Central,P932,Bluetooth Speaker,Electronics,3,217.35,0.1,586.85,175.58
102901,2025-05-25,CUST0039,Customer_39,Central,P865,Pen Set,Stationery,1,71.98,0.2,57.58,0.41
102902,2025-07-21,CUST0025,Customer_25,North,P283,USB-C Hub,Electronics,8,111.74,0,893.92,335.17
102903,2025-02-26,CUST0069,Customer_69,North,P283,USB-C Hub,Electronics,7,308.14,0.15,1833.43,330.47
102904,2025-11-06,CUST0032,Customer_32,North,P884,T-Shirt,Apparel,7,45.69,0,319.83,107.61
102905,2025-03-05,CUST0014,Customer_14,East,P497,Bookshelf,Furniture,7,430.73,0.15,2562.84,452.83
102906,2025-10-10,CUST0028,Customer_28,South,P033,Notebook Pack,Stationery,1,105.44,0,105.44,40.04
102907,2025-02-26,CUST0072,Customer_72,South,P932,Bluetooth Speaker,Electronics,1,427.36,0,427.36,93.85
102908,2025-08-16,CUST0076,Customer_76,North,P932,Bluetooth Speaker,Electronics,5,207.09,0.1,931.91,268.92
102909,2025-01-25,CUST0050,Customer_50,South,P884,T-Shirt,Apparel,5,299.98,0.1,1349.91,352.94
102910,2025-05-15,CUST0046,Customer_46,East,P915,Cap,Apparel,6,217.42,0.2,1043.62,276.41
102911,2025-05-18,CUST0007,Customer_7,West,P915,Cap,Apparel,1,106.34,0.2,85.07,0.18
102912,2025-10-25,CUST0079,Customer_79,South,P884,T-Shirt,Apparel,10,424.62,0,4246.2,1264.88
102913,2025-11-11,CUST0037,Customer_37,west,P283,USB-C Hub,Electronics,11,186.8,0,2054.8,888.29
102914,2025-08-19,CUST0045,Customer_45,West,P826,Office Chair,Furniture,12,293.49,0,3521.88,1278.72
102915,2025-01-19,CUST0011,Customer_11,North,P361,Webcam,Electronics,10,187.47,0,1874.7,705.2
102916,2025-01-20,CUST0050,Customer_50,West,P033,Notebook Pack,Stationery,1,132.16,0,132.16,28.06
102917,2025-10-15,CUST0049,Customer_49,South,P139,Marker Pack,Stationery,5,236.41,0.05,1122.95,469.24
102918,2025-01-28,CUST0059,Customer_59,West,P884,T-Shirt,Apparel,2,204.48,0.2,327.17,14.15
102919,2025-11-01,CUST0026,Customer_26,North,P826,Office Chair,Furniture,8,241.29,0,1930.32,419.08
102920,2025-08-05,CUST0007,Customer_7,East,P932,Bluetooth Speaker,Electronics,10,18.44,0,184.4,70.62
102921,2025-07-02,CUST0043,Customer_43,Central,P272,Jacket,Apparel,5,108.53,0,542.65,153.9
102922,2025-07-28,CUST0044,Customer_44,North,P865,Pen Set,Stationery,4,258.86,0,1035.44,341.68
102923,2025-07-04,CUST0032,Customer_32,South,P928,Wireless Mouse,Electronics,5,280.8,0.2,1123.2,145.43
102924,2025-06-28,CUST0028,Customer_28,South,P884,T-Shirt,Apparel,12,279.13,0.15,2847.13,308.61
102925,2025-10-18,CUST0039,Customer_39,South,P620,Hoodie,Apparel,5,231.9,0.15,985.57,138.33
102926,2025-06-28,CUST0068,Customer_68,West,P915,Cap,Apparel,11,115.67,0.1,1145.13,396.52
102927,2025-08-21,CUST0012,Customer_12,West,P033,Notebook Pack,Stationery,4,128.88,0,515.52,130.04
102928,2025-01-18,CUST0056,Customer_56,South,P932,Bluetooth Speaker,Electronics,6,255.17,0,1531.02,506.12
102929,2025-03-06,CUST0016,Customer_16,Central,P381,Laptop Stand,Electronics,3,157.84,0.05,449.84,106.84
102930,2025-07-09,CUST0034,Customer_34,Central,P915,Cap,Apparel,7,100.21,0.1,631.32,151.67
102931,2025-06-01,CUST0042,Customer_42,South,P361,Whiteboard,Stationery,1,382.35,0,382.35,114.77
102932,2025-12-23,CUST0013,Customer_13,South,P272,Jacket,Apparel,12,265.77,0,3189.24,1146.44
102933,2025-01-29,CUST0043,Customer_43,North,P361,Webcam,Electronics,3,180.13,0,540.39,242.22
102934,2025-02-26,CUST0008,Customer_8,West,P932,Bluetooth Speaker,Electronics,7,40.62,0,284.34,67.81
102935,2025-05-10,CUST0080,Customer_80,Central,P283,USB-C Hub,Electronics,2,386.09,0,772.18,338.43
102936,2025-04-09,CUST0068,Customer_68,Central,P361,Whiteboard,Stationery,10,284.03,0.2,2272.24,226.94
102937,2025-04-11,CUST0028,Customer_28,West,P928,Wireless Mouse,Electronics,5,302.07,0.1,1359.32,481.48
102938,2025-07-31,CUST0047,Customer_47,Central,P361,Whiteboard,Stationery,2,275.81,0,551.62,112.0
102939,2025-01-11,CUST0053,Customer_53,North,P826,Office Chair,Furniture,9,329.44,0.05,2816.71,576.72
102940,2025-11-19,CUST0029,Customer_29,West,P283,USB-C Hub,Electronics,4,190.75,0.2,610.4,168.55
102941,2025-04-07,CUST0041,Customer_41,South,P381,Laptop Stand,Electronics,8,200.07,0,1600.56,385.49
102942,2025-02-04,CUST0074,Customer_74,West,P519,Standing Desk,Furniture,6,69.84,0.1,377.14,131.04
102943,2025-03-31,CUST0049,Customer_49,East,P566,Filing Cabinet,Furniture,10,122.94,0.2,983.52,115.37
102944,2025-04-06,CUST0041,Customer_41,Central,P471,Desk Lamp,Furniture,7,344.63,0,2412.41,903.88
102945,2025-11-19,CUST0055,Customer_55,South,P858,Socks Pack,Apparel,2,393.47,0,786.94,339.49
102946,2025-01-13,CUST0078,Customer_78,East,P932,Bluetooth Speaker,Electronics,9,228.86,0,2059.74,493.87
102947,2025-12-04,CUST0008,Customer_8,East,P620,Hoodie,Apparel,8,242.55,0.1,1746.36,653.85
102948,2025-01-09,CUST0035,Customer_35,West,P620,Hoodie,Apparel,8,82.39,0.05,626.16,234.22
102949,2025-03-16,CUST0025,Customer_25,Central,P139,Marker Pack,Stationery,5,40.03,0.2,160.12,49.7
102950,2025-10-29,CUST0073,Customer_73,Central,P272,Jacket,Apparel,4,326.9,0.2,1046.08,140.16
102951,2025-10-24,CUST0041,Customer_41,West,P033,Notebook Pack,Stationery,10,433.06,0.2,3464.48,924.53
102952,2025-02-02,CUST0062,Customer_62,South,P566,Filing Cabinet,Furniture,8,13.24,0.15,90.03,17.8
102953,2025-12-01,CUST0060,Customer_60,South,P884,T-Shirt,Apparel,2,78.86,0.1,141.95,43.7
102954,2025-01-08,CUST0070,Customer_70,Central,P932,Bluetooth Speaker,Electronics,7,430.66,0,3014.62,796.53
102955,2025-03-27,CUST0033,Customer_33,North,P471,Desk Lamp,Furniture,8,106.64,0.2,682.5,28.9
102956,2025-09-25,CUST0068,Customer_68,East,P826,Office Chair,Furniture,3,289.41,0,868.23,235.23
102957,2025-06-28,CUST0020,Customer_20,North,P826,Office Chair,Furniture,8,67.11,0,536.88,158.76
102958,2025-08-29,CUST0033,Customer_33,West,P381,Laptop Stand,Electronics,11,324.68,0.05,3392.91,881.2
102959,2025-07-22,CUST0042,Customer_42,North,P283,USB-C Hub,Electronics,10,331.27,0,3312.7,1197.97
102960,2025-07-06,CUST0011,Customer_11,East,P361,Webcam,Electronics,2,281.35,0.15,478.3,93.16
102961,2025-03-30,CUST0027,Customer_27,South,P928,Wireless Mouse,Electronics,4,192.91,0.05,733.06,282.68
102962,2025-12-01,CUST0068,Customer_68,South,P826,Office Chair,Furniture,12,407.75,0.15,4159.05,1135.52
102963,2025-04-12,CUST0059,Customer_59,South,P865,Pen Set,Stationery,10,58.71,0.05,557.75,122.19
102964,2025-11-07,CUST0015,Customer_15,West,P272,Jacket,Apparel,4,62.79,0.2,200.93,6.29
102965,2025-08-30,CUST0040,Customer_40,East,P283,USB-C Hub,Electronics,4,387.29,0,1549.16,552.35
102966,2025-02-20,CUST0056,Customer_56,East,P915,Cap,Apparel,10,213.22,0,2132.2,593.94
102967,2025-10-10,CUST0004,Customer_4,South,P932,Bluetooth Speaker,Electronics,12,297.9,0.05,3396.06,1065.99
102968,2025-12-21,CUST0022,Customer_22,East,P361,Webcam,Electronics,3,138.71,0,416.13,149.95
102969,2025-07-28,CUST0079,Customer_79,South,P884,T-Shirt,Apparel,12,325.73,0,3908.76,1639.56
102970,2025-12-24,CUST0032,Customer_32,East,P519,Standing Desk,Furniture,11,358.59,0.1,3550.04,458.1
102971,2025-08-22,CUST0057,Customer_57,East,P865,Pen Set,Stationery,6,415.19,0.15,2117.47,711.68
102972,2025-06-24,CUST0026,Customer_26,East,P033,Notebook Pack,Stationery,2,46.43,0,92.86,23.77
102973,2025-04-03,CUST0060,Customer_60,North,P858,Socks Pack,Apparel,9,245.93,0.05,2102.7,863.0
102974,2025-10-28,CUST0003,Customer_3,Central,P826,Office Chair,Furniture,5,409.55,0,2047.75,510.74
102975,2025-12-28,CUST0076,Customer_76,East,P884,T-Shirt,Apparel,9,198.84,0.2,1431.65,49.73
102976,2025-11-08,CUST0029,Customer_29,Central,P597,Sticky Notes,Stationery,12,347.53,0.15,3544.81,489.15
102977,2025-06-30,CUST0073,Customer_73,North,P272,Jacket,Apparel,6,204.65,0.1,1105.11,243.35
102978,2025-08-18,CUST0076,Customer_76,South,P826,Office Chair,Furniture,12,143.01,0,1716.12,571.58
102979,2025-12-16,CUST0014,Customer_14,Central,P381,Laptop Stand,Electronics,1,250.88,0.2,200.7,40.35
102980,2025-01-20,CUST0014,Customer_14,Central,P865,Pen Set,Stationery,3,59.4,0,178.2,71.22
102981,2025-01-04,CUST0066,Customer_66,Central,P497,Bookshelf,Furniture,8,199.22,0.15,1354.7,450.1
102982,2025-10-28,CUST0080,Customer_80,North,P826,Office Chair,Furniture,11,444.87,0.05,4648.89,1613.94
102983,2025-10-20,CUST0078,Customer_78,East,P858,Socks Pack,Apparel,10,63.98,0,639.8,186.6
102984,2025-04-23,CUST0028,Customer_28,East,P858,Socks Pack,Apparel,9,307.07,0.2,2210.9,590.35
102985,2025-10-15,CUST0079,Customer_79,South,P858,Socks Pack,Apparel,11,54.37,0.2,478.46,34.84
102986,2025-12-23,CUST0032,Customer_32,Central,P361,Webcam,Electronics,1,293.11,0.05,278.45,99.86
102987,2025-11-10,CUST0039,Customer_39,East,P597,Sticky Notes,Stationery,8,310.32,0.15,2110.18,335.49
102988,2025-01-23,CUST0058,Customer_58,East,P858,Socks Pack,Apparel,3,336.77,0,1010.31,357.25
102989,2025-08-20,CUST0046,Customer_46,East,P381,Laptop Stand,Electronics,1,422.01,0.15,358.71,99.27
102990,2025-04-18,CUST0079,Customer_79,Central,P139,Marker Pack,Stationery,12,31.95,0.2,306.72,37.77
102991,2025-06-10,CUST0058,Customer_58,West,P566,Filing Cabinet,Furniture,6,192.15,0.2,922.32,129.08
102992,2025-04-22,CUST0040,Customer_40,North,P381,Laptop Stand,Electronics,12,101.05,0.05,1151.97,287.34
102993,2025-08-27,CUST0050,Customer_50,West,P283,USB-C Hub,Electronics,6,298.65,0.15,1523.11,256.95
102994,2025-10-26,CUST0021,Customer_21,North,P519,Standing Desk,Furniture,4,324.25,0.1,1167.3,349.69
102995,2025-10-25,CUST0076,Customer_76,South,P865,Pen Set,Stationery,9,155.2,0.2,1117.44,334.11
102996,2025-03-12,CUST0051,Customer_51,East,P865,Pen Set,Stationery,3,210.7,0,632.1,174.72
102997,2025-08-19,CUST0020,Customer_20,South,P139,Marker Pack,Stationery,12,31.7,0,380.4,79.07
102998,2025-05-30,CUST0055,Customer_55,East,P033,Notebook Pack,Stationery,10,115.42,0,1154.2,428.8
102999,2025-01-22,CUST0020,Customer_20,West,P928,Wireless Mouse,Electronics,7,58.19,0,407.33,175.8
103000,2025-07-04,CUST0073,Customer_73,Central,P361,Whiteboard,Stationery,7,57.13,0,399.91,169.18
103001,2025-02-17,CUST0019,Customer_19,North,P884,T-Shirt,Apparel,7,151.62,0.05,1008.27,229.53
103002,2025-03-18,CUST0070,Customer_70,East,P826,Office Chair,Furniture,6,-178.7,0,1072.2,370.11
103003,2025-05-12,CUST0048,Customer_48,West,P597,Sticky Notes,Stationery,6,264.64,0,1587.84,664.48
103004,2025-01-04,CUST0064,Customer_64,South,P272,Jacket,Apparel,9,275.73,0.15,2109.33,551.14
103005,2025-07-29,CUST0025,Customer_25,South,P932,Bluetooth Speaker,Electronics,11,371.98,0,4091.78,1811.4
103006,2025-07-24,CUST0073,Customer_73,South,P620,Hoodie,Apparel,7,401.29,0.1,2528.13,970.96
103007,2025-07-11,CUST0044,Customer_44,West,P381,Laptop Stand,Electronics,2,210.4,0.1,378.72,143.37
103008,2025-06-24,CUST0014,Customer_14,East,P826,Office Chair,Furniture,1,99.59,0.2,79.67,19.7
103009,2025-11-03,CUST0061,Customer_61,South,P826,Office Chair,Furniture,7,88.59,0,620.13,193.6
103010,2025-04-29,CUST0076,Customer_76,Central,P361,Webcam,Electronics,3,-263.47,0.05,750.89,161.4
103011,2025-06-22,CUST0029,Customer_29,North,P381,Laptop Stand,Electronics,2,78.55,0.05,149.24,61.18
103012,2025-03-16,CUST0066,Customer_66,North,P566,Filing Cabinet,Furniture,8,338.88,0,2711.04,912.24
103013,2025-06-15,CUST0063,Customer_63,South,P620,Hoodie,Apparel,9,420.62,0,3785.58,1324.74
103014,2025-12-22,CUST0004,Customer_4,East,P283,USB-C Hub,Electronics,7,439.41,0.1,2768.28,1035.78
103015,2025-07-07,CUST0065,Customer_65,Central,P865,Pen Set,Stationery,12,397.42,0.05,4530.59,1420.76
103016,2025-01-10,CUST0055,Customer_55,East,P361,Whiteboard,Stationery,3,315.09,0,945.27,208.71
103017,2025-08-20,CUST0071,Customer_71,west,P915,Cap,Apparel,8,226.71,0.1,1632.31,516.5
103018,2025-11-07,CUST0035,Customer_35,West,P915,Cap,Apparel,8,214.9,0.2,1375.36,56.94
103019,2025-09-21,CUST0065,Customer_65,Central,P620,Hoodie,Apparel,9,143.39,0.05,1225.98,347.64
103020,2025-03-17,CUST0052,Customer_52,South,P381,Laptop Stand,Electronics,5,60.83,0,304.15,136.77
103021,2025-09-22,CUST0055,Customer_55,North,P932,Bluetooth Speaker,Electronics,7,330.06,0.05,2194.9,610.67
103022,2025-11-25,CUST0052,Customer_52,North,P915,Cap,Apparel,8,436.48,0.1,3142.66,490.51
103023,2025-04-08,CUST0016,Customer_16,East,P497,Bookshelf,Furniture,3,254.04,0,762.12,297.57
103024,2025-07-24,CUST0003,Customer_3,East,P361,Webcam,Electronics,10,45.84,0.1,412.56,96.68
103025,2025-01-02,CUST0016,Customer_16,West,P884,T-Shirt,Apparel,12,235.38,0.15,2400.88,363.56
103026,2025-03-29,CUST0006,Customer_6,East,P272,Jacket,Apparel,11,53.73,0,591.03,196.33
103027,2025-08-06,CUST0071,Customer_71,East,P361,Whiteboard,Stationery,10,175.65,0.15,1493.02,460.34
103028,2025-06-17,CUST0009,Customer_9,North,P928,Wireless Mouse,Electronics,10,416.92,0,4169.2,1171.25
103029,2025-07-05,CUST0004,Customer_4,Central,P826,Office Chair,Furniture,6,29.24,0,175.44,49.78
103030,2025-11-17,CUST0030,Customer_30,West,P826,Office Chair,Furniture,2,13.28,0.15,22.58,6.83
103031,2025-11-05,CUST0061,Customer_61,East,P361,Whiteboard,Stationery,11,314.23,0.15,2938.05,293.72
103032,2025-08-05,CUST0042,Customer_42,West,P915,Cap,Apparel,5,375.49,0,1877.45,682.2
103033,2025-05-13,CUST0022,Customer_22,South,P932,Bluetooth Speaker,Electronics,2,186.77,0,373.54,135.48
103034,2025-12-15,CUST0047,Customer_47,South,P283,USB-C Hub,Electronics,4,210.69,0.2,674.21,3.52
103035,2025-07-22,CUST0074,Customer_74,North,P272,Jacket,Apparel,9,58.92,0.15,450.74,39.71
103036,2025-09-12,CUST0012,Customer_12,East,P915,Cap,Apparel,10,298.53,0.2,2388.24,475.28
103037,2025-09-18,CUST0011,Customer_11,East,P597,Sticky Notes,Stationery,10,278.63,0.1,2507.67,934.59
103038,2025-01-24,CUST0046,Customer_46,Central,P915,Cap,Apparel,5,154.17,0.1,693.76,150.85
103039,2025-07-11,CUST0032,Customer_32,North,P865,Pen Set,Stationery,8,333.59,0,2668.72,1136.09
103040,2025-12-25,CUST0067,Customer_67,Central,P033,Notebook Pack,Stationery,9,118.63,0.15,907.52,207.05
103041,2025-06-14,CUST0077,Customer_77,North,P519,Standing Desk,Furniture,2,115.3,0.2,184.48,24.39
103042,2025-12-04,CUST0059,Customer_59,North,P497,Bookshelf,Furniture,12,422.15,0.1,4559.22,1762.5
103043,2025-08-03,CUST0034,Customer_34,south,P497,Bookshelf,Furniture,10,435.77,0.05,4139.81,1021.12
103044,2025-06-01,CUST0070,Customer_70,Central,P471,Desk Lamp,Furniture,9,392.42,0.05,3355.19,599.18
103045,2025-03-14,CUST0009,Customer_9,West,P361,Whiteboard,Stationery,11,-120.88,0.15,1130.23,219.45
103046,2025-03-31,CUST0075,Customer_75,West,P566,Filing Cabinet,Furniture,2,220.95,0.1,397.71,53.15
103047,2025-02-11,CUST0034,Customer_34,East,P884,T-Shirt,Apparel,8,88.96,0,711.68,225.01
103048,2025-04-03,CUST0055,Customer_55,West,P272,Jacket,Apparel,10,414.41,0.1,3729.69,778.0
103049,2025-08-25,CUST0061,Customer_61,East,P597,Sticky Notes,Stationery,5,153.59,0,767.95,175.96
103050,2025-01-03,CUST0015,Customer_15,North,P471,Desk Lamp,Furniture,12,442.8,0.05,5047.92,804.05
103051,2025-08-11,CUST0024,Customer_24,East,P915,Cap,Apparel,11,446.04,0.15,4170.47,758.74
103052,2025-11-05,CUST0004,Customer_4,East,P283,USB-C Hub,Electronics,5,379.94,0.1,1709.73,528.9
103053,2025-12-09,CUST0045,Customer_45,West,P884,T-Shirt,Apparel,2,441.69,0.05,839.21,230.92
103054,2025-05-03,CUST0008,Customer_8,North,P884,T-Shirt,Apparel,11,193.15,0.1,1912.19,609.61
103055,2025-02-22,CUST0049,Customer_49,South,P283,USB-C Hub,Electronics,12,65.7,0.15,670.14,54.44
103056,2025-08-14,CUST0023,Customer_23,East,P884,T-Shirt,Apparel,9,190.92,0.15,1460.54,445.92
103057,2025-08-03,CUST0025,Customer_25,North,P928,Wireless Mouse,Electronics,3,284.49,0,853.47,268.07
103058,2025-10-13,CUST0063,Customer_63,East,P381,Laptop Stand,Electronics,7,42.29,0.15,251.63,23.54
103059,2025-09-20,CUST0052,Customer_52,North,P620,Hoodie,Apparel,6,199.39,0.15,1016.89,109.65
103060,2025-11-18,CUST0071,Customer_71,Central,P497,Bookshelf,Furniture,3,41.6,0,124.8,27.62
103061,2025-10-27,CUST0006,Customer_6,East,P139,Marker Pack,Stationery,5,180.43,0.15,766.83,134.03
103062,2025-03-22,CUST0069,Customer_69,South,P361,Whiteboard,Stationery,1,153.13,0,153.13,59.62
103063,2025-11-12,CUST0070,Customer_70,South,P884,T-Shirt,Apparel,12,341.55,0,4098.6,1629.59
103064,2025-08-10,CUST0049,Customer_49,Central,P915,Cap,Apparel,3,356.14,0.2,854.74,67.05
103065,2025-10-05,CUST0044,Customer_44,North,P566,Filing Cabinet,Furniture,3,241.9,0.15,616.85,149.01
103066,2025-09-16,CUST0062,Customer_62,North,P858,Socks Pack,Apparel,4,375.37,0.05,1426.41,236.51
103067,2025-04-27,CUST0029,Customer_29,West,P597,Sticky Notes,Stationery,11,319.27,0.05,3336.37,1191.68
103068,2025-03-08,CUST0058,Customer_58,East,P884,T-Shirt,Apparel,1,120.57,0,120.57,44.02
103069,2025-02-01,CUST0017,Customer_17,Central,P620,Hoodie,Apparel,12,289.12,0.2,2775.55,757.58
103070,2025-08-18,CUST0003,Customer_3,East,P865,Pen Set,Stationery,5,26.46,0.15,112.46,7.58
103071,2025-07-30,CUST0067,Customer_67,East,P471,Desk Lamp,Furniture,8,402.43,0.05,3058.47,765.23
103072,2025-10-13,CUST0069,Customer_69,West,P932,Bluetooth Speaker,Electronics,10,194.23,0.2,1553.84,65.93
103073,2025-09-28,CUST0051,Customer_51,East,P361,Whiteboard,Stationery,10,12.49,0,124.9,40.13
103074,2025-04-27,CUST0027,Customer_27,Central,P519,Standing Desk,Furniture,10,382.88,0.15,3254.48,992.58
103075,2025-08-27,CUST0057,Customer_57,Central,P928,Wireless Mouse,Electronics,11,383.26,0,4215.86,1645.08
103076,2025-10-31,CUST0036,Customer_36,Central,P566,Filing Cabinet,Furniture,5,22.04,0.05,104.69,43.42
103077,2025-02-13,CUST0017,Customer_17,South,P283,USB-C Hub,Electronics,4,262.56,0,1050.24,290.44
103078,2025-02-16,CUST0049,Customer_49,North,P471,Desk Lamp,Furniture,4,117.51,0.05,446.54,123.42
103079,2025-02-08,CUST0005,Customer_5,South,P928,Wireless Mouse,Electronics,6,369.83,0,2218.98,745.0
103080,2025-03-08,CUST0058,Customer_58,West,P620,Hoodie,Apparel,9,346.99,0,3122.91,626.16
103081,2025-11-14,CUST0048,Customer_48,East,P858,Socks Pack,Apparel,11,404.9,0,4453.9,934.52
103082,2025-07-09,CUST0048,Customer_48,West,P932,Bluetooth Speaker,Electronics,6,404.28,0,2425.68,674.14
103083,2025-02-12,CUST0057,Customer_57,North,P932,Bluetooth Speaker,Electronics,9,169.13,0.2,1217.74,271.63
103084,2025-03-24,CUST0041,Customer_41,Central,P497,Bookshelf,Furniture,3,365.58,0,1096.74,235.14
103085,2025-02-08,CUST0051,Customer_51,East,P033,Notebook Pack,Stationery,2,277.73,0.15,472.14,140.95
103086,2025-06-01,CUST0038,Customer_38,South,P865,Pen Set,Stationery,1,363.29,0,363.29,91.78
103087,2025-11-15,CUST0034,Customer_34,East,P620,Hoodie,Apparel,1,234.7,0.2,187.76,26.58
103088,2025-07-05,CUST0031,Customer_31,east,P826,Office Chair,Furniture,3,334.12,0,1002.36,231.03
103089,2025-10-26,CUST0026,Customer_26,Central,P620,Hoodie,Apparel,5,292.64,0.2,1170.56,78.29
103090,2025-02-15,CUST0071,Customer_71,Central,P932,Bluetooth Speaker,Electronics,12,375.06,0,4500.72,1627.48
103091,2025-12-29,CUST0004,Customer_4,South,P361,Whiteboard,Stationery,10,411.59,0,4115.9,1711.91
103092,2025-07-28,CUST0002,Customer_2,East,P361,Webcam,Electronics,10,46.44,0.2,371.52,102.88
103093,2025-04-30,CUST0034,Customer_34,Central,P361,Whiteboard,Stationery,2,97.34,0.1,175.21,30.8
103094,2025-08-25,CUST0055,Customer_55,North,P884,T-Shirt,Apparel,3,226.16,0,678.48,166.33
103095,2025-03-26,CUST0080,Customer_80,East,P283,USB-C Hub,Electronics,9,44.94,0,404.46,178.02
103096,2025-01-18,CUST0021,Customer_21,West,P361,Webcam,Electronics,9,292.97,0.15,2241.22,744.72
103097,2025-07-04,CUST0021,Customer_21,North,P826,Office Chair,Furniture,10,55.6,0.1,500.4,73.83
103098,2025-04-22,CUST0025,Customer_25,West,P361,Whiteboard,Stationery,9,329.36,0.15,2519.6,735.94
103099,2025-08-09,CUST0052,Customer_52,North,P884,T-Shirt,Apparel,5,438.42,0.15,1863.28,175.37
103100,2025-12-02,CUST0028,Customer_28,East,P361,Webcam,Electronics,2,400.43,0.2,640.69,47.51
103101,2025-01-16,CUST0015,Customer_15,East,P519,Standing Desk,Furniture,3,18.13,0,54.39,20.77
103102,2025-09-10,CUST0010,Customer_10,West,P139,Marker Pack,Stationery,8,348.32,0,2786.56,1213.53
103103,2025-03-20,CUST0046,Customer_46,South,P620,Hoodie,Apparel,4,41.26,0.05,156.79,34.83
103104,2025-04-11,CUST0064,Customer_64,North,P928,Wireless Mouse,Electronics,11,437.81,0.15,4093.52,548.59
103105,2025-08-14,CUST0004,Customer_4,West,P471,Desk Lamp,Furniture,10,175.57,0.2,1404.56,348.61
103106,2025-01-07,CUST0045,Customer_45,Central,P361,Whiteboard,Stationery,10,389.3,0.05,3698.35,1170.61
103107,2025-05-07,CUST0028,Customer_28,Central,P884,T-Shirt,Apparel,1,225.97,0.15,192.07,29.3
103108,2025-10-24,CUST0064,Customer_64,South,P932,Bluetooth Speaker,Electronics,11,29.46,0.05,307.86,113.59
103109,2025-01-16,CUST0052,Customer_52,Central,P139,Marker Pack,Stationery,8,137.57,0.15,935.48,181.13
103110,2025-11-30,CUST0022,Customer_22,West,P566,Filing Cabinet,Furniture,6,273.1,0,1638.6,392.97
103111,2025-06-16,CUST0070,Customer_70,East,P497,Bookshelf,Furniture,9,425.93,0.15,3258.36,887.09
103112,2025-11-14,CUST0015,Customer_15,South,P884,T-Shirt,Apparel,4,414.35,0.1,1491.66,222.95
103113,2025-04-16,CUST0071,Customer_71,South,P620,Hoodie,Apparel,7,396.09,0.2,2218.1,253.06
103114,2025-01-17,CUST0034,Customer_34,West,P566,Filing Cabinet,Furniture,5,202.03,0.1,909.13,274.96
103115,2025-08-09,CUST0062,Customer_62,North,P033,Notebook Pack,Stationery,7,110.05,0.2,616.28,175.57
103116,2025-06-20,CUST0045,Customer_45,East,P471,Desk Lamp,Furniture,8,-220.51,0,1764.08,740.11
103117,2025-02-22,CUST0015,Customer_15,East,P597,Sticky Notes,Stationery,2,171.48,0,342.96,107.69
103118,2025-02-05,CUST0010,Customer_10,North,P858,Socks Pack,Apparel,7,60.27,0,421.89,149.06
103119,2025-02-08,CUST0012,Customer_12,East,P566,Filing Cabinet,Furniture,12,338.77,0.2,3252.19,678.03
103120,2025-06-29,CUST0034,Customer_34,East,P566,Filing Cabinet,Furniture,9,436.64,0.05,3733.27,1074.24
103121,2025-04-29,CUST0064,Customer_64,East,P884,T-Shirt,Apparel,5,364.67,0,1823.35,688.28
103122,2025-06-23,CUST0073,Customer_73,North,P361,Whiteboard,Stationery,7,20.67,0,144.69,29.21
103123,2025-11-26,CUST0018,Customer_18,Central,P566,Filing Cabinet,Furniture,3,430.76,0.1,1163.05,330.69
103124,2025-03-06,CUST0013,Customer_13,North,P620,Hoodie,Apparel,7,360.65,0,2524.55,798.34
103125,2025-12-14,CUST0058,Customer_58,Central,P361,Webcam,Electronics,4,122.32,0.2,391.42,34.72
103126,2025-07-04,CUST0005,Customer_5,North,P928,Wireless Mouse,Electronics,4,190.04,0.15,646.14,77.78
103127,2025-11-18,CUST0033,Customer_33,North,P865,Pen Set,Stationery,12,432.85,0.2,4155.36,696.8
103128,2025-09-07,CUST0074,Customer_74,South,P139,Marker Pack,Stationery,6,395.31,0,2371.86,886.55
103129,2025-05-26,CUST0079,Customer_79,West,P272,Jacket,Apparel,10,153.55,0,1535.5,370.32
103130,2025-07-01,CUST0056,Customer_56,North,P566,Filing Cabinet,Furniture,6,82.5,0,495.0,103.06
103131,2025-02-04,CUST0058,Customer_58,East,P497,Bookshelf,Furniture,5,211.74,0.15,899.89,110.32
103132,2025-12-12,CUST0016,Customer_16,Central,P620,Hoodie,Apparel,9,108.76,0,978.84,337.07
103133,2025-12-18,CUST0006,Customer_6,North,P928,Wireless Mouse,Electronics,8,13.64,0.1,98.21,11.84
103134,2025-05-26,CUST0044,Customer_44,East,P272,Jacket,Apparel,2,334.05,0,668.1,293.8
103135,2025-10-17,CUST0039,Customer_39,South,P033,Notebook Pack,Stationery,12,415.08,0,4980.96,2025.1
103136,2025-03-18,CUST0070,Customer_70,East,P519,Standing Desk,Furniture,8,82.69,0.1,595.37,97.63
103137,2025-10-21,CUST0072,Customer_72,West,P283,USB-C Hub,Electronics,1,413.89,0.05,393.2,73.96
103138,2025-12-31,CUST0061,Customer_61,North,P928,Wireless Mouse,Electronics,6,236.8,0,1420.8,325.53
103139,2025-08-28,CUST0005,Customer_5,North,P033,Notebook Pack,Stationery,12,421.72,0.05,4807.61,1103.57
103140,2025-02-08,CUST0039,Customer_39,North,P915,Cap,Apparel,5,176.77,0.15,751.27,247.09
103141,2025-05-04,CUST0008,Customer_8,West,P915,Cap,Apparel,5,84.23,0.2,336.92,73.49
103142,2025-12-10,CUST0067,Customer_67,East,P865,Pen Set,Stationery,4,227.69,0.15,774.15,120.88
103143,2025-09-11,CUST0059,Customer_59,East,P928,Wireless Mouse,Electronics,8,255.66,0,2045.28,596.95
103144,2025-02-18,CUST0021,Customer_21,West,P361,Webcam,Electronics,1,251.37,0,251.37,65.67
103145,2025-01-31,CUST0079,Customer_79,East,P272,Jacket,Apparel,7,329.78,0,2308.46,726.51
103146,2025-10-09,CUST0028,Customer_28,Central,P361,Whiteboard,Stationery,2,189.16,0.05,359.4,79.63
103147,2025-01-01,CUST0002,Customer_2,North,P566,Filing Cabinet,Furniture,1,375.73,0.15,319.37,56.95
103148,2025-09-07,CUST0067,Customer_67,West,P361,Webcam,Electronics,11,234.36,0.15,2191.27,504.69
103149,2025-04-26,CUST0022,Customer_22,Central,P381,Laptop Stand,Electronics,12,23.52,0.1,254.02,82.24
103150,2025-12-22,CUST0056,Customer_56,South,P915,Cap,Apparel,9,202.59,0.05,1732.14,303.64
103151,2025-09-01,CUST0037,Customer_37,West,P597,Sticky Notes,Stationery,7,147.96,0,1035.72,355.49
103152,2025-11-03,CUST0066,Customer_66,West,P471,Desk Lamp,Furniture,2,-205.46,0.1,369.83,115.94
103153,2025-01-21,CUST0025,Customer_25,South,P597,Sticky Notes,Stationery,3,341.62,0,1024.86,413.56
103154,2025-04-26,CUST0008,Customer_8,East,P519,Standing Desk,Furniture,12,179.91,0,2158.92,785.14
103155,2025-01-06,CUST0079,Customer_79,South,P381,Laptop Stand,Electronics,5,350.8,0,1754.0,468.12
103156,2025-06-25,CUST0019,Customer_19,South,P497,Bookshelf,Furniture,8,184.67,0.05,1403.49,454.99
103157,2025-09-04,CUST0074,Customer_74,South,P928,Wireless Mouse,Electronics,12,360.96,0.2,3465.22,175.12
103158,2025-07-28,CUST0077,Customer_77,East,P519,Standing Desk,Furniture,3,225.71,0,677.13,267.96
103159,2025-07-01,CUST0052,Customer_52,South,P471,Desk Lamp,Furniture,4,213.69,0.2,683.81,35.71
103160,2025-06-22,CUST0075,Customer_75,north,P826,Office Chair,Furniture,1,111.02,0,111.02,30.05
103161,2025-06-09,CUST0019,Customer_19,South,P497,Bookshelf,Furniture,1,98.35,0.05,93.43,39.06
103162,2025-04-11,CUST0016,Customer_16,North,P471,Desk Lamp,Furniture,5,170.27,0.15,723.65,92.36
103163,2025-10-08,CUST0002,Customer_2,East,P361,Whiteboard,Stationery,4,202.43,0.1,728.75,177.38
103164,2025-02-28,CUST0062,Customer_62,West,P858,Socks Pack,Apparel,11,178.45,0,1962.95,444.78
103165,2025-07-02,CUST0040,Customer_40,South,P865,Pen Set,Stationery,2,170.5,0.15,289.85,42.9
103166,2025-08-11,CUST0038,Customer_38,South,P932,Bluetooth Speaker,Electronics,4,323.27,0.15,1099.12,121.58
103167,2025-11-05,CUST0055,Customer_55,Central,P139,Marker Pack,Stationery,4,124.28,0,497.12,158.31
103168,2025-01-20,CUST0029,Customer_29,South,P858,Socks Pack,Apparel,10,215.19,0.15,1829.12,283.99
103169,2025-07-10,CUST0003,Customer_3,West,P519,Standing Desk,Furniture,2,270.49,0,540.98,140.98
103170,2025-02-11,CUST0004,Customer_4,Central,P497,Bookshelf,Furniture,1,183.09,0.05,173.94,33.1
103171,2025-01-19,CUST0052,Customer_52,East,P620,Hoodie,Apparel,5,226.44,0.05,1075.59,426.38
103172,2025-09-30,CUST0055,Customer_55,North,P519,Standing Desk,Furniture,9,265.94,0.15,2034.44,349.66
103173,2025-06-08,CUST0019,Customer_19,West,P272,Jacket,Apparel,3,75.5,0,226.5,81.97
103174,2025-06-01,CUST0027,Customer_27,Central,P620,Hoodie,Apparel,10,274.84,0.1,2473.56,730.51
103175,2025-10-16,CUST0045,Customer_45,East,P597,Sticky Notes,Stationery,7,168.13,0.2,941.53,99.3
103176,2025-09-20,CUST0063,Customer_63,South,P826,Office Chair,Furniture,1,74.13,0.2,59.3,16.84
103177,2025-04-15,CUST0049,Customer_49,West,P620,Hoodie,Apparel,11,336.36,0,3699.96,1340.38
103178,2025-12-27,CUST0024,Customer_24,South,P519,Standing Desk,Furniture,5,413.81,0.05,1965.6,689.05
103179,2025-12-08,CUST0051,Customer_51,Central,P928,Wireless Mouse,Electronics,10,62.74,0.1,564.66,217.96
103180,2025-01-12,CUST0057,Customer_57,Central,P519,Standing Desk,Furniture,7,144.82,0.2,810.99,140.08
103181,2025-04-12,CUST0061,Customer_61,West,P139,Marker Pack,Stationery,6,286.5,0,1719.0,734.29
103182,2025-11-12,CUST0003,Customer_3,East,P566,Filing Cabinet,Furniture,2,413.96,0,827.92,183.12
103183,2025-01-08,CUST0037,Customer_37,Central,P361,Whiteboard,Stationery,4,324.37,0.05,1232.61,377.79
103184,2025-09-10,CUST0028,Customer_28,East,P471,Desk Lamp,Furniture,8,347.51,0,2780.08,733.8
103185,2025-01-16,CUST0043,Customer_43,West,P272,Jacket,Apparel,6,413.93,0,2483.58,774.18
103186,2025-08-19,CUST0057,Customer_57,West,P361,Webcam,Electronics,9,415.68,0.1,3367.01,839.46
103187,2025-07-01,CUST0006,Customer_6,South,P858,Socks Pack,Apparel,6,281.58,0.1,1520.53,574.18
103188,2025-05-03,CUST0006,Customer_6,South,P915,Cap,Apparel,7,362.58,0.15,2157.35,656.47
103189,2025-07-03,CUST0033,Customer_33,North,P858,Socks Pack,Apparel,6,86.15,0,516.9,208.48
103190,2025-05-01,CUST0065,Customer_65,East,P884,T-Shirt,Apparel,1,238.33,0,238.33,94.76
103191,2025-08-07,CUST0001,Customer_1,East,P139,Marker Pack,Stationery,1,101.68,0.05,96.6,34.08
103192,2025-10-26,CUST0016,Customer_16,North,P381,Laptop Stand,Electronics,2,90.33,0,180.66,44.6
103193,2025-10-22,CUST0052,Customer_52,North,P597,Sticky Notes,Stationery,9,356.58,0.15,2727.84,559.44
103194,2025-01-23,CUST0006,Customer_6,East,P033,Notebook Pack,Stationery,6,238.34,0,1430.04,566.7
103195,2025-12-05,CUST0052,Customer_52,North,P928,Wireless Mouse,Electronics,4,235.91,0,943.64,247.89
103196,2025-09-04,CUST0025,Customer_25,East,P928,Wireless Mouse,Electronics,1,38.31,0.2,30.65,6.76
103197,2025-10-05,CUST0012,Customer_12,Central,P139,Marker Pack,Stationery,1,178.07,0.15,151.36,17.43
103198,2025-10-24,CUST0015,Customer_15,East,P566,Filing Cabinet,Furniture,11,354.71,0,3901.81,1720.52
103199,2025-12-10,CUST0076,Customer_76,West,P471,Desk Lamp,Furniture,7,-243.26,0,1702.82,552.71
103200,2025-01-06,CUST0040,Customer_40,Central,P471,Desk Lamp,Furniture,4,320.55,0.2,1025.76,52.71
103201,2025-07-07,CUST0003,Customer_3,South,P884,T-Shirt,Apparel,10,194.77,0,1947.7,407.63
103202,2025-04-10,CUST0036,Customer_36,East,P865,Pen Set,Stationery,3,26.6,0.2,63.84,1.16
103203,2025-04-20,CUST0062,Customer_62,South,P381,Laptop Stand,Electronics,8,168.54,0.1,1213.49,354.36
103204,2025-01-04,CUST0050,Customer_50,South,P884,T-Shirt,Apparel,2,313.2,0,626.4,140.14
103205,2025-01-31,CUST0050,Customer_50,North,P033,Notebook Pack,Stationery,7,148.56,0.15,883.93,287.72
103206,2025-11-26,CUST0009,Customer_9,South,P928,Wireless Mouse,Electronics,11,330.6,0.2,2909.28,301.68
103207,2025-11-08,CUST0029,Customer_29,Central,P826,Office Chair,Furniture,3,151.45,0.1,408.91,59.65
103208,2025-03-11,CUST0008,Customer_8,East,P620,Hoodie,Apparel,4,58.84,0,235.36,57.9
103209,2025-12-19,CUST0065,Customer_65,West,P928,Wireless Mouse,Electronics,10,319.12,0.15,2712.52,871.41
103210,2025-05-28,CUST0046,Customer_46,South,P932,Bluetooth Speaker,Electronics,3,-47.36,0,142.08,37.13
103211,2025-03-04,CUST0052,Customer_52,East,P033,Notebook Pack,Stationery,12,401.36,0.2,3853.06,1188.03
103212,2025-01-22,CUST0070,Customer_70,Central,P361,Webcam,Electronics,8,408.91,0,3271.28,1440.88
103213,2025-10-16,CUST0042,Customer_42,North,P597,Sticky Notes,Stationery,10,394.87,0,3948.7,967.21
103214,2025-06-20,CUST0065,Customer_65,West,P381,Laptop Stand,Electronics,3,314.0,0.05,894.9,315.03
103215,2025-12-17,CUST0080,Customer_80,East,P139,Marker Pack,Stationery,11,25.95,0,285.45,118.34
103216,2025-11-13,CUST0003,Customer_3,West,P139,Marker Pack,Stationery,6,208.8,0.2,1002.24,1.0
103217,2025-04-08,CUST0069,Customer_69,Central,P361,Whiteboard,Stationery,7,340.72,0.1,2146.54,783.74
103218,2025-02-19,CUST0051,Customer_51,West,P361,Whiteboard,Stationery,3,239.8,0.15,611.49,143.73
103219,2025-07-12,CUST0067,Customer_67,West,P139,Marker Pack,Stationery,1,67.56,0.2,54.05,0.65
103220,2025-07-18,CUST0011,Customer_11,west,P381,Laptop Stand,Electronics,7,68.6,0.15,408.17,79.22
103221,2025-11-02,CUST0067,Customer_67,West,P497,Bookshelf,Furniture,7,395.25,0.1,2490.08,333.75
103222,2025-07-22,CUST0048,Customer_48,North,P620,Hoodie,Apparel,8,337.74,0.2,2161.54,213.58
103223,2025-09-12,CUST0017,Customer_17,South,P826,Office Chair,Furniture,12,422.51,0,5070.12,2094.01
103224,2025-06-24,CUST0050,Customer_50,Central,P928,Wireless Mouse,Electronics,9,149.89,0.2,1079.21,161.05
103225,2025-02-02,CUST0058,Customer_58,south,P826,Office Chair,Furniture,6,430.46,0,2582.76,943.04
103226,2025-04-27,CUST0043,Customer_43,west,P826,Office Chair,Furniture,4,325.79,0.1,1172.84,367.42
103227,2025-11-16,CUST0030,Customer_30,north,P865,Pen Set,Stationery,4,74.04,0.15,251.74,35.7
103228,2025-03-17,CUST0075,Customer_75,East,P597,Sticky Notes,Stationery,12,107.99,0,1295.88,326.29
103229,2025-02-08,CUST0036,Customer_36,South,P361,Webcam,Electronics,8,234.3,0,1874.4,517.96
103230,2025-09-04,CUST0076,Customer_76,West,P497,Bookshelf,Furniture,1,342.3,0,342.3,74.62
103231,2025-02-17,CUST0028,Customer_28,Central,P858,Socks Pack,Apparel,10,390.55,0.15,3319.67,666.82
103232,2025-01-22,CUST0073,Customer_73,West,P620,Hoodie,Apparel,5,79.88,0.05,379.43,125.43
103233,2025-08-11,CUST0028,Customer_28,East,P597,Sticky Notes,Stationery,9,217.27,0,1955.43,500.44
103234,2025-12-26,CUST0039,Customer_39,South,P519,Standing Desk,Furniture,12,342.68,0.05,3906.55,797.79
103235,2025-04-06,CUST0017,Customer_17,Central,P865,Pen Set,Stationery,6,59.61,0.05,339.78,56.33
103236,2025-06-19,CUST0006,Customer_6,South,P497,Bookshelf,Furniture,6,169.56,0.1,915.62,168.82
103237,2025-01-04,CUST0034,Customer_34,Central,P272,Jacket,Apparel,8,200.34,0.05,1522.58,357.17
103238,2025-09-11,CUST0039,Customer_39,West,P139,Marker Pack,Stationery,8,42.93,0.15,291.92,91.92
103239,2025-04-21,CUST0050,Customer_50,South,P139,Marker Pack,Stationery,4,53.4,0.2,170.88,13.35
103240,2025-12-02,CUST0005,Customer_5,East,P915,Cap,Apparel,12,405.13,0,4861.56,1875.44
103241,2025-03-04,CUST0002,Customer_2,Central,P884,T-Shirt,Apparel,5,415.51,0,2077.55,860.97
103242,2025-12-29,CUST0060,Customer_60,West,P597,Sticky Notes,Stationery,4,102.38,0.1,368.57,61.87
103243,2025-07-05,CUST0030,Customer_30,West,P519,Standing Desk,Furniture,5,355.19,0.05,1687.15,637.28
103244,2025-02-17,CUST0004,Customer_4,Central,P283,USB-C Hub,Electronics,11,141.72,0,1558.92,584.0
103245,2025-10-05,CUST0046,Customer_46,West,P884,T-Shirt,Apparel,12,242.56,0.1,2619.65,951.57
103246,2025-12-30,CUST0017,Customer_17,South,P932,Bluetooth Speaker,Electronics,10,269.12,0.05,2556.64,668.09
103247,2025-04-23,CUST0066,Customer_66,South,P566,Filing Cabinet,Furniture,5,265.85,0,1329.25,281.61
103248,2025-04-06,CUST0030,Customer_30,West,P597,Sticky Notes,Stationery,9,26.1,0.05,223.16,93.16
103249,2025-06-09,CUST0068,Customer_68,West,P566,Filing Cabinet,Furniture,9,212.79,0.05,1819.35,540.25
103250,2025-04-24,CUST0052,Customer_52,West,P272,Jacket,Apparel,6,185.78,0,1114.68,314.28
103251,2025-03-24,CUST0071,Customer_71,North,P826,Office Chair,Furniture,3,356.05,0.15,907.93,176.58
103252,2025-09-15,CUST0054,Customer_54,West,P566,Filing Cabinet,Furniture,9,357.24,0.2,2572.13,449.83
103253,2025-11-03,CUST0027,Customer_27,West,P826,Office Chair,Furniture,5,327.09,0,1635.45,472.71
103254,2025-01-19,CUST0052,Customer_52,South,P272,Jacket,Apparel,1,400.25,0.1,360.23,104.84
103255,2025-12-01,CUST0034,Customer_34,Central,P497,Bookshelf,Furniture,9,366.63,0,3299.67,1007.82
103256,2025-12-03,CUST0040,Customer_40,North,P915,Cap,Apparel,2,76.08,0,152.16,61.57
103257,2025-08-28,CUST0072,Customer_72,South,P381,Laptop Stand,Electronics,12,16.39,0.1,177.01,33.91
103258,2025-09-28,CUST0013,Customer_13,Central,P381,Laptop Stand,Electronics,12,157.42,0,1889.04,412.89
103259,2025-10-21,CUST0034,Customer_34,North,P826,Office Chair,Furniture,10,117.06,0.1,1053.54,188.85
103260,2025-04-10,CUST0051,Customer_51,Central,P139,Marker Pack,Stationery,8,86.35,0.05,656.26,196.67
103261,2025-10-18,CUST0027,Customer_27,North,P139,Marker Pack,Stationery,7,39.78,0.2,222.77,15.63
103262,2025-02-07,CUST0075,Customer_75,East,P865,Pen Set,Stationery,9,18.38,0.1,148.88,30.92
103263,2025-03-08,CUST0025,Customer_25,West,P471,Desk Lamp,Furniture,10,13.74,0.2,109.92,17.52
103264,2025-01-17,CUST0013,Customer_13,North,P928,Wireless Mouse,Electronics,4,277.53,0,1110.12,414.09
103265,2025-04-12,CUST0053,Customer_53,Central,P361,Whiteboard,Stationery,10,77.08,0,770.8,296.46
103266,2025-09-26,CUST0051,Customer_51,East,P381,Laptop Stand,Electronics,5,372.88,0.15,1584.74,277.05
103267,2025-12-04,CUST0078,Customer_78,West,P932,Bluetooth Speaker,Electronics,8,107.08,0.15,728.14,59.5
103268,2025-07-15,CUST0060,Customer_60,West,P566,Filing Cabinet,Furniture,8,88.23,0,705.84,214.57
103269,2025-04-10,CUST0059,Customer_59,Central,P566,Filing Cabinet,Furniture,5,106.88,0,534.4,232.85
103270,2025-08-13,CUST0021,Customer_21,East,P597,Sticky Notes,Stationery,10,443.01,0,4430.1,1257.51
103271,2025-11-13,CUST0026,Customer_26,East,P566,Filing Cabinet,Furniture,8,11.14,0,89.12,24.92
103272,2025-08-27,CUST0064,Customer_64,Central,P519,Standing Desk,Furniture,12,377.82,0.05,4307.15,1808.32
103273,2025-09-18,CUST0071,Customer_71,Central,P884,T-Shirt,Apparel,1,418.13,0.1,376.32,110.49
103274,2025-09-14,CUST0049,Customer_49,West,P858,Socks Pack,Apparel,5,374.54,0.15,1591.8,133.06
103275,2025-01-27,CUST0022,Customer_22,West,P620,Hoodie,Apparel,3,224.58,0.2,538.99,85.43
103276,2025-06-29,CUST0077,Customer_77,West,P915,Cap,Apparel,12,155.97,0.05,1778.06,441.79
103277,2025-10-26,CUST0034,Customer_34,South,P884,T-Shirt,Apparel,6,164.28,0.15,837.83,96.32
103278,2025-05-10,CUST0041,Customer_41,West,P283,USB-C Hub,Electronics,5,18.39,0,91.95,35.83
103279,2025-10-14,CUST0035,Customer_35,North,P915,Cap,Apparel,4,291.62,0,1166.48,427.87
103280,2025-06-28,CUST0036,Customer_36,South,P381,Laptop Stand,Electronics,9,11.22,0,100.98,32.01
103281,2025-07-26,CUST0075,Customer_75,West,P519,Standing Desk,Furniture,12,276.37,0,3316.44,1154.88
103282,2025-01-22,CUST0036,Customer_36,East,P381,Laptop Stand,Electronics,4,-210.7,0,842.8,175.39
103283,2025-07-17,CUST0028,Customer_28,South,P497,Bookshelf,Furniture,1,146.89,0,146.89,36.64
103284,2025-09-30,CUST0058,Customer_58,West,P620,Hoodie,Apparel,4,401.76,0.05,1526.69,455.08
103285,2025-07-21,CUST0056,Customer_56,South,P283,USB-C Hub,Electronics,4,384.04,0,1536.16,344.32
103286,2025-08-31,CUST0034,Customer_34,Central,P932,Bluetooth Speaker,Electronics,10,72.81,0,728.1,198.64
103287,2025-01-28,CUST0012,Customer_12,Central,P283,USB-C Hub,Electronics,11,224.24,0,2466.64,812.18
103288,2025-06-17,CUST0015,Customer_15,West,P915,Cap,Apparel,9,123.97,0.05,1059.94,313.58
103289,2025-05-01,CUST0003,Customer_3,East,P884,T-Shirt,Apparel,5,119.21,0,596.05,201.59
103290,2025-09-28,CUST0076,Customer_76,South,P497,Bookshelf,Furniture,1,426.06,0,426.06,120.5
103291,2025-08-28,CUST0004,Customer_4,West,P858,Socks Pack,Apparel,8,155.68,0.2,996.35,164.88
103292,2025-12-25,CUST0070,Customer_70,North,P283,USB-C Hub,Electronics,10,88.59,0.15,753.02,177.38
103293,2025-03-07,CUST0025,Customer_25,East,P272,Jacket,Apparel,5,168.85,0.15,717.61,129.12
103294,2025-04-17,CUST0032,Customer_32,Central,P272,Jacket,Apparel,9,205.09,0,1845.81,407.62
103295,2025-10-24,CUST0009,Customer_9,East,P381,Laptop Stand,Electronics,11,168.61,0,1854.71,455.02
103296,2025-08-21,CUST0068,Customer_68,East,P471,Desk Lamp,Furniture,11,293.31,0.05,3065.09,862.33
103297,2025-01-06,CUST0030,Customer_30,East,P139,Marker Pack,Stationery,6,212.4,0.05,1210.68,213.56
103298,2025-01-04,CUST0038,Customer_38,North,P139,Marker Pack,Stationery,3,219.81,0.1,593.49,221.28
103299,2025-10-11,CUST0065,Customer_65,Central,P566,Filing Cabinet,Furniture,5,116.6,0,583.0,199.97
103300,2025-05-17,CUST0034,Customer_34,Central,P033,Notebook Pack,Stationery,9,256.39,0.1,2076.76,287.86
103301,2025-04-06,CUST0005,Customer_5,South,P915,Cap,Apparel,7,10.24,0.15,60.93,6.72
103302,2025-01-28,CUST0016,Customer_16,South,P865,Pen Set,Stationery,4,376.37,0.15,1279.66,437.43
103303,2025-11-15,CUST0052,Customer_52,South,P620,Hoodie,Apparel,4,17.43,0.1,62.75,10.07
103304,2025-07-24,CUST0046,Customer_46,North,P033,Notebook Pack,Stationery,4,20.97,0.1,75.49,15.88
103305,2025-01-31,CUST0024,Customer_24,Central,P620,Hoodie,Apparel,3,19.38,0,58.14,13.57
103306,2025-06-17,CUST0001,Customer_1,South,P932,Bluetooth Speaker,Electronics,3,96.61,0.15,246.36,18.31
103307,2025-12-21,CUST0050,Customer_50,North,P826,Office Chair,Furniture,5,241.53,0,1207.65,307.42
103308,2025-01-29,CUST0045,Customer_45,East,P139,Marker Pack,Stationery,5,321.3,0,1606.5,355.35
103309,2025-11-04,CUST0058,Customer_58,East,P471,Desk Lamp,Furniture,9,424.0,0,3816.0,1458.77
103310,2025-09-27,CUST0014,Customer_14,South,P033,Notebook Pack,Stationery,9,77.31,0,695.79,163.59
103311,2025-08-12,CUST0036,Customer_36,South,P471,Desk Lamp,Furniture,6,391.69,0,2350.14,761.18
103312,2025-08-28,CUST0054,Customer_54,Central,P932,Bluetooth Speaker,Electronics,6,269.55,0,1617.3,706.1
103313,2025-11-14,CUST0043,Customer_43,east,P597,Sticky Notes,Stationery,12,229.8,0.05,2619.72,1031.82
103314,2025-05-31,CUST0066,Customer_66,North,P139,Marker Pack,Stationery,12,58.89,0.15,600.68,62.67
103315,2025-05-11,CUST0037,Customer_37,West,P915,Cap,Apparel,1,112.9,0,112.9,50.05
103316,2025-06-30,CUST0077,Customer_77,Central,P497,Bookshelf,Furniture,6,232.67,0,1396.02,328.48
103317,2025-03-20,CUST0058,Customer_58,West,P915,Cap,Apparel,5,205.59,0.2,822.36,140.82
103318,2025-10-22,CUST0024,Customer_24,South,P597,Sticky Notes,Stationery,12,59.92,0,719.04,231.11
103319,2025-05-08,CUST0062,Customer_62,East,P858,Socks Pack,Apparel,1,15.53,0,15.53,4.23
103320,2025-05-26,CUST0071,Customer_71,North,P139,Marker Pack,Stationery,12,333.85,0.05,3805.89,704.7
103321,2025-12-14,CUST0073,Customer_73,East,P361,Whiteboard,Stationery,11,381.69,0,4198.59,1727.68
103322,2025-01-16,CUST0022,Customer_22,West,P272,Jacket,Apparel,8,124.47,0.15,846.4,101.76
103323,2025-03-20,CUST0063,Customer_63,East,P566,Filing Cabinet,Furniture,7,167.32,0.2,936.99,274.43
103324,2025-12-22,CUST0026,Customer_26,North,P033,Notebook Pack,Stationery,8,408.63,0.15,2778.68,311.27
103325,2025-06-22,CUST0072,Customer_72,East,P497,Bookshelf,Furniture,6,165.2,0,991.2,226.06
103326,2025-03-04,CUST0055,Customer_55,West,P519,Standing Desk,Furniture,6,359.09,0.15,1831.36,385.85
103327,2025-11-10,CUST0046,Customer_46,North,P932,Bluetooth Speaker,Electronics,12,264.59,0,3175.08,1029.72
103328,2025-02-15,CUST0048,Customer_48,Central,P361,Whiteboard,Stationery,9,149.91,0,1349.19,575.6
103329,2025-07-20,CUST0072,Customer_72,West,P884,T-Shirt,Apparel,10,309.29,0,3092.9,718.84
103330,2025-09-23,CUST0065,Customer_65,Central,P033,Notebook Pack,Stationery,2,22.77,0,45.54,11.5
103331,2025-02-25,CUST0048,Customer_48,Central,P519,Standing Desk,Furniture,1,79.5,0,79.5,34.81
103332,2025-05-02,CUST0028,Customer_28,South,P620,Hoodie,Apparel,8,267.65,0,2141.2,476.61
103333,2025-09-23,CUST0022,Customer_22,West,P361,Webcam,Electronics,9,279.8,0.1,2266.38,694.3
103334,2025-07-31,CUST0058,Customer_58,South,P272,Jacket,Apparel,4,338.5,0,1354.0,311.19
103335,2025-06-03,CUST0066,Customer_66,East,P283,USB-C Hub,Electronics,5,90.37,0.2,361.48,67.24
103336,2025-07-31,CUST0040,Customer_40,South,P033,Notebook Pack,Stationery,5,212.69,0.1,957.11,320.6
103337,2025-08-11,CUST0053,Customer_53,Central,P566,Filing Cabinet,Furniture,10,354.92,0,3549.2,1137.27
103338,2025-06-04,CUST0035,Customer_35,East,P497,Bookshelf,Furniture,7,240.7,0.15,1432.16,468.27
103339,2025-10-19,CUST0079,Customer_79,West,P865,Pen Set,Stationery,2,366.19,0,732.38,181.61
103340,2025-11-11,CUST0036,Customer_36,North,P283,USB-C Hub,Electronics,11,175.45,0.2,1543.96,201.04
103341,2025-07-12,CUST0035,Customer_35,North,P272,Jacket,Apparel,7,303.11,0.2,1697.42,254.96
103342,2025-03-13,CUST0074,Customer_74,South,P519,Standing Desk,Furniture,11,349.27,0.15,3265.67,216.32
103343,2025-03-12,CUST0024,Customer_24,East,P283,USB-C Hub,Electronics,8,99.84,0.05,758.78,178.31
103344,2025-12-31,CUST0009,Customer_9,Central,P471,Desk Lamp,Furniture,7,225.44,0,1578.08,431.27
103345,2025-05-06,CUST0007,Customer_7,East,P597,Sticky Notes,Stationery,6,266.18,0.15,1357.52,159.68
103346,2025-07-24,CUST0048,Customer_48,East,P858,Socks Pack,Apparel,7,256.24,0,1793.68,782.89
103347,2025-03-09,CUST0051,Customer_51,West,P272,Jacket,Apparel,5,290.5,0.1,1307.25,412.52
103348,2025-01-19,CUST0048,Customer_48,East,P884,T-Shirt,Apparel,5,433.26,0,2166.3,870.37
103349,2025-02-01,CUST0038,Customer_38,North,P826,Office Chair,Furniture,11,233.46,0.05,2439.66,866.68
103350,2025-05-08,CUST0042,Customer_42,North,P361,Webcam,Electronics,2,260.67,0.1,469.21,137.17
103351,2025-11-18,CUST0013,Customer_13,Central,P519,Standing Desk,Furniture,6,396.57,0.1,2141.48,642.74
103352,2025-04-07,CUST0024,Customer_24,West,P471,Desk Lamp,Furniture,9,391.67,0.05,3348.78,617.73
103353,2025-09-08,CUST0076,Customer_76,West,P932,Bluetooth Speaker,Electronics,3,99.59,0.1,268.89,97.41
103354,2025-09-16,CUST0079,Customer_79,North,P381,Laptop Stand,Electronics,1,24.87,0,24.87,10.4
103355,2025-12-02,CUST0038,Customer_38,west,P915,Cap,Apparel,10,272.58,0,2725.8,649.26
103356,2025-11-12,CUST0080,Customer_80,Central,P884,T-Shirt,Apparel,2,362.38,0,724.76,268.79
103357,2025-01-04,CUST0062,Customer_62,Central,P915,Cap,Apparel,2,105.6,0.05,200.64,80.42
103358,2025-03-13,CUST0014,Customer_14,South,P858,Socks Pack,Apparel,10,209.45,0,2094.5,521.75
103359,2025-08-17,CUST0031,Customer_31,East,P826,Office Chair,Furniture,5,116.66,0.1,524.97,185.74
103360,2025-07-31,CUST0055,Customer_55,West,P915,Cap,Apparel,7,386.31,0,2704.17,1067.02
103361,2025-07-02,CUST0044,Customer_44,South,P381,Laptop Stand,Electronics,3,118.74,0,356.22,130.75
103362,2025-01-28,CUST0031,Customer_31,north,P272,Jacket,Apparel,12,33.39,0.05,380.65,87.75
103363,2025-07-02,CUST0056,Customer_56,North,P884,T-Shirt,Apparel,7,263.94,0,1847.58,617.85
103364,2025-02-12,CUST0067,Customer_67,South,P381,Laptop Stand,Electronics,8,392.32,0.1,2824.7,939.52
103365,2025-04-07,CUST0074,Customer_74,East,P519,Standing Desk,Furniture,1,286.3,0,286.3,109.32
103366,2025-02-11,CUST0054,Customer_54,South,P361,Whiteboard,Stationery,1,404.2,0.1,363.78,111.48
103367,2025-04-27,CUST0005,Customer_5,Central,P497,Bookshelf,Furniture,3,183.01,0,549.03,190.48
103368,2025-12-17,CUST0043,Customer_43,North,P361,Webcam,Electronics,1,71.07,0,71.07,26.57
103369,2025-09-16,CUST0005,Customer_5,East,P033,Notebook Pack,Stationery,1,276.2,0,276.2,104.65
103370,2025-08-02,CUST0026,Customer_26,East,P826,Office Chair,Furniture,6,221.04,0.2,1060.99,209.44
103371,2025-01-28,CUST0001,Customer_1,West,P033,Notebook Pack,Stationery,7,348.81,0,2441.67,956.35
103372,2025-02-19,CUST0060,Customer_60,Central,P932,Bluetooth Speaker,Electronics,8,35.18,0.2,225.15,57.42
103373,2025-04-25,CUST0028,Customer_28,West,P884,T-Shirt,Apparel,8,291.74,0.2,1867.14,268.94
103374,2025-11-06,CUST0057,Customer_57,South,P033,Notebook Pack,Stationery,6,275.1,0.05,1568.07,267.46
103375,2025-05-03,CUST0004,Customer_4,Central,P928,Wireless Mouse,Electronics,11,161.45,0,1775.95,402.93
103376,2025-10-08,CUST0025,Customer_25,West,P826,Office Chair,Furniture,8,268.28,0.05,2038.93,704.22
103377,2025-05-12,CUST0039,Customer_39,East,P381,Laptop Stand,Electronics,6,319.26,0.2,1532.45,177.44
103378,2025-06-21,CUST0074,Customer_74,West,P497,Bookshelf,Furniture,8,-17.48,0.05,132.85,26.13
103379,2025-05-14,CUST0051,Customer_51,South,P826,Office Chair,Furniture,8,245.79,0.15,1671.37,432.42
103380,2025-08-19,CUST0015,Customer_15,West,P566,Filing Cabinet,Furniture,1,343.96,0.2,275.17,31.68
103381,2025-02-03,CUST0016,Customer_16,South,P858,Socks Pack,Apparel,1,-334.86,0,334.86,67.82
103382,2025-11-29,CUST0009,Customer_9,North,P139,Marker Pack,Stationery,1,368.05,0,368.05,105.48
103383,2025-03-11,CUST0064,Customer_64,Central,P620,Hoodie,Apparel,9,18.66,0.2,134.35,8.3
103384,2025-09-11,CUST0007,Customer_7,Central,P932,Bluetooth Speaker,Electronics,11,268.19,0,2950.09,813.0
103385,2025-02-23,CUST0073,Customer_73,West,P361,Whiteboard,Stationery,11,297.97,0.15,2786.02,491.73
103386,2025-09-09,CUST0058,Customer_58,North,P497,Bookshelf,Furniture,10,168.01,0.15,1428.08,168.78
103387,2025-03-18,CUST0005,Customer_5,Central,P033,Notebook Pack,Stationery,4,170.83,0,683.32,161.35
103388,2025-05-25,CUST0068,Customer_68,West,P497,Bookshelf,Furniture,1,29.53,0,29.53,12.51
103389,2025-09-26,CUST0054,Customer_54,North,P620,Hoodie,Apparel,6,247.27,0.1,1335.26,470.79
103390,2025-09-18,CUST0058,Customer_58,Central,P361,Whiteboard,Stationery,8,276.39,0,2211.12,517.78
103391,2025-06-20,CUST0071,Customer_71,Central,P865,Pen Set,Stationery,9,111.96,0.05,957.26,250.8
103392,2025-06-29,CUST0019,Customer_19,East,P928,Wireless Mouse,Electronics,10,96.46,0.15,819.91,197.75
103393,2025-03-18,CUST0049,Customer_49,Central,P884,T-Shirt,Apparel,10,47.36,0.05,449.92,75.52
103394,2025-12-14,CUST0005,Customer_5,North,P826,Office Chair,Furniture,4,345.98,0.05,1314.72,360.92
103395,2025-03-09,CUST0066,Customer_66,West,P915,Cap,Apparel,4,112.06,0.2,358.59,74.91
103396,2025-11-03,CUST0036,Customer_36,South,P915,Cap,Apparel,8,230.85,0,1846.8,745.05
103397,2025-10-29,CUST0026,Customer_26,South,P597,Sticky Notes,Stationery,2,207.81,0.1,374.06,44.31
103398,2025-08-14,CUST0059,Customer_59,West,P915,Cap,Apparel,1,358.6,0.1,322.74,67.15
103399,2025-11-28,CUST0008,Customer_8,Central,P597,Sticky Notes,Stationery,8,314.18,0.05,2387.77,549.96
103400,2025-02-07,CUST0017,Customer_17,Central,P865,Pen Set,Stationery,5,291.21,0,1456.05,527.91
103401,2025-12-20,CUST0043,Customer_43,West,P915,Cap,Apparel,1,386.82,0,386.82,87.04
103402,2025-09-21,CUST0005,Customer_5,East,P566,Filing Cabinet,Furniture,10,318.21,0,3182.1,1073.4
103403,2025-11-10,CUST0033,Customer_33,West,P519,Standing Desk,Furniture,10,52.39,0.1,471.51,133.91
103404,2025-10-02,CUST0041,Customer_41,Central,P033,Notebook Pack,Stationery,7,261.1,0,1827.7,718.36
103405,2025-02-24,CUST0008,Customer_8,Central,P928,Wireless Mouse,Electronics,5,72.49,0.05,344.33,74.35
103406,2025-06-28,CUST0036,Customer_36,Central,P826,Office Chair,Furniture,1,55.21,0.1,49.69,8.29
103407,2025-08-01,CUST0079,Customer_79,South,P283,USB-C Hub,Electronics,3,345.1,0.2,828.24,96.37
103408,2025-06-14,CUST0027,Customer_27,West,P139,Marker Pack,Stationery,11,42.28,0,465.08,171.5
103409,2025-08-23,CUST0048,Customer_48,South,P884,T-Shirt,Apparel,11,48.89,0.2,430.23,79.05
103410,2025-06-21,CUST0042,Customer_42,South,P361,Whiteboard,Stationery,3,9.43,0,28.29,5.93
103411,2025-07-19,CUST0080,Customer_80,North,P519,Standing Desk,Furniture,11,118.48,0,1303.28,585.18
103412,2025-06-01,CUST0030,Customer_30,East,P361,Whiteboard,Stationery,7,411.58,0.2,2304.85,270.66
103413,2025-12-17,CUST0007,Customer_7,Central,P381,Laptop Stand,Electronics,1,359.88,0,359.88,78.6
103414,2025-08-15,CUST0074,Customer_74,North,P033,Notebook Pack,Stationery,7,-91.93,0,643.51,277.58
103415,2025-03-29,CUST0022,Customer_22,North,P033,Notebook Pack,Stationery,8,157.38,0,1259.04,446.02
103416,2025-05-10,CUST0011,Customer_11,West,P597,Sticky Notes,Stationery,2,92.75,0.15,157.67,46.51
103417,2025-03-13,CUST0067,Customer_67,East,P139,Marker Pack,Stationery,2,153.3,0.05,291.27,69.24
103418,2025-11-10,CUST0013,Customer_13,South,P361,Whiteboard,Stationery,9,83.33,0,749.97,205.51
103419,2025-04-02,CUST0022,Customer_22,South,P361,Webcam,Electronics,2,292.26,0,584.52,167.99
103420,2025-05-19,CUST0065,Customer_65,Central,P932,Bluetooth Speaker,Electronics,2,133.64,0.2,213.82,61.2
103421,2025-07-23,CUST0074,Customer_74,south,P471,Desk Lamp,Furniture,2,133.75,0,267.5,92.81
103422,2025-03-25,CUST0004,Customer_4,Central,P381,Laptop Stand,Electronics,5,401.39,0,2006.95,877.22
103423,2025-08-12,CUST0080,Customer_80,Central,P272,Jacket,Apparel,6,283.91,0.1,1533.11,564.65
103424,2025-11-04,CUST0016,Customer_16,North,P566,Filing Cabinet,Furniture,8,400.02,0,3200.16,680.5
103425,2025-05-20,CUST0074,Customer_74,North,P932,Bluetooth Speaker,Electronics,4,359.79,0.15,1223.29,390.85
103426,2025-02-01,CUST0067,Customer_67,Central,P865,Pen Set,Stationery,4,53.23,0.05,202.27,41.05
103427,2025-05-01,CUST0038,Customer_38,South,P471,Desk Lamp,Furniture,5,420.87,0,2104.35,564.35
103428,2025-05-09,CUST0051,Customer_51,south,P566,Filing Cabinet,Furniture,8,376.46,0.15,2559.93,720.78
103429,2025-05-07,CUST0033,Customer_33,West,P519,Standing Desk,Furniture,9,195.37,0.2,1406.66,422.28
103430,2025-03-10,CUST0080,Customer_80,West,P471,Desk Lamp,Furniture,9,226.12,0.15,1729.82,147.58
103431,2025-06-04,CUST0007,Customer_7,South,P272,Jacket,Apparel,3,41.17,0.05,117.33,29.32
103432,2025-01-27,CUST0003,Customer_3,north,P519,Standing Desk,Furniture,12,23.82,0.2,228.67,44.99
103433,2025-11-03,CUST0064,Customer_64,South,P497,Bookshelf,Furniture,8,363.51,0,2908.08,1058.06
103434,2025-02-03,CUST0056,Customer_56,South,P471,Desk Lamp,Furniture,3,222.55,0.2,534.12,94.41
103435,2025-04-05,CUST0029,Customer_29,West,P361,Webcam,Electronics,3,359.41,0.1,970.41,221.97
103436,2025-11-17,CUST0022,Customer_22,North,P858,Socks Pack,Apparel,11,196.5,0,2161.5,714.32
103437,2025-04-29,CUST0046,Customer_46,South,P620,Hoodie,Apparel,2,238.31,0.1,428.96,123.06
103438,2025-08-07,CUST0075,Customer_75,West,P826,Office Chair,Furniture,11,92.5,0,1017.5,378.39
103439,2025-08-29,CUST0001,Customer_1,East,P272,Jacket,Apparel,6,10.71,0.1,57.83,13.63
103440,2025-11-09,CUST0079,Customer_79,West,P620,Hoodie,Apparel,6,209.58,0.1,1131.73,309.29
103441,2025-10-07,CUST0002,Customer_2,Central,P139,Marker Pack,Stationery,6,40.25,0.2,193.2,10.67
103442,2025-03-29,CUST0021,Customer_21,South,P139,Marker Pack,Stationery,6,156.8,0,940.8,231.17
103443,2025-11-10,CUST0009,Customer_9,East,P597,Sticky Notes,Stationery,2,265.17,0,530.34,151.22
103444,2025-02-20,CUST0004,Customer_4,West,P272,Jacket,Apparel,5,159.44,0.15,677.62,193.24
103445,2025-11-06,CUST0002,Customer_2,South,P033,Notebook Pack,Stationery,5,36.68,0,183.4,59.76
103446,2025-08-03,CUST0063,Customer_63,South,P884,T-Shirt,Apparel,12,95.84,0.2,920.06,92.45
103447,2025-03-13,CUST0067,Customer_67,Central,P381,Laptop Stand,Electronics,2,399.98,0.2,639.97,94.73
103448,2025-04-28,CUST0046,Customer_46,South,P361,Whiteboard,Stationery,12,309.44,0.15,3156.29,816.78
103449,2025-03-24,CUST0057,Customer_57,South,P139,Marker Pack,Stationery,7,115.92,0.2,649.15,101.82
103450,2025-04-16,CUST0031,Customer_31,North,P928,Wireless Mouse,Electronics,9,230.71,0,2076.39,428.78
103451,2025-06-21,CUST0075,Customer_75,North,P033,Notebook Pack,Stationery,1,111.82,0.1,100.64,36.47
103452,2025-10-08,CUST0048,Customer_48,North,P928,Wireless Mouse,Electronics,1,65.01,0.1,58.51,20.27
103453,2025-02-14,CUST0058,Customer_58,Central,P283,USB-C Hub,Electronics,9,123.71,0.05,1057.72,427.91
103454,2025-11-20,CUST0025,Customer_25,North,P826,Office Chair,Furniture,5,259.0,0.1,1165.5,298.42
103455,2025-01-11,CUST0036,Customer_36,East,P497,Bookshelf,Furniture,11,227.04,0,2497.44,671.66
103456,2025-07-30,CUST0047,Customer_47,North,P928,Wireless Mouse,Electronics,1,138.05,0.05,131.15,55.16
103457,2025-03-04,CUST0031,Customer_31,South,P597,Sticky Notes,Stationery,6,432.34,0.05,2464.34,667.17
103458,2025-03-17,CUST0017,Customer_17,West,P471,Desk Lamp,Furniture,6,195.08,0.2,936.38,1.3
103459,2025-07-13,CUST0010,Customer_10,East,P858,Socks Pack,Apparel,8,225.07,0.05,1710.53,389.12
103460,2025-09-03,CUST0060,Customer_60,Central,P283,USB-C Hub,Electronics,4,276.06,0,1104.24,349.76
103461,2025-11-22,CUST0021,Customer_21,North,P932,Bluetooth Speaker,Electronics,9,218.64,0,1967.76,750.25
103462,2025-09-14,CUST0053,Customer_53,North,P381,Laptop Stand,Electronics,12,106.72,0,1280.64,403.87
103463,2025-12-03,CUST0052,Customer_52,West,P033,Notebook Pack,Stationery,4,284.86,0.2,911.55,254.39
103464,2025-11-14,CUST0025,Customer_25,South,P361,Webcam,Electronics,11,151.78,0.15,1419.14,337.55
103465,2025-06-06,CUST0077,Customer_77,East,P519,Standing Desk,Furniture,10,88.75,0,887.5,249.77
103466,2025-04-27,CUST0067,Customer_67,North,P361,Whiteboard,Stationery,8,11.73,0,93.84,24.89
103467,2025-10-14,CUST0036,Customer_36,East,P826,Office Chair,Furniture,11,403.73,0,4441.03,1240.78
103468,2025-12-11,CUST0041,Customer_41,West,P597,Sticky Notes,Stationery,1,206.98,0.1,186.28,35.79
103469,2025-09-15,CUST0068,Customer_68,West,P519,Standing Desk,Furniture,2,344.93,0,689.86,182.77
103470,2025-01-05,CUST0036,Customer_36,South,P361,Webcam,Electronics,5,226.56,0,1132.8,230.19
103471,2025-08-16,CUST0047,Customer_47,North,P858,Socks Pack,Apparel,12,14.91,0,178.92,76.27
103472,2025-10-10,CUST0055,Customer_55,South,P272,Jacket,Apparel,2,238.64,0,477.28,101.3
103473,2025-05-30,CUST0039,Customer_39,North,P884,T-Shirt,Apparel,12,122.37,0.1,1321.6,361.82
103474,2025-03-02,CUST0065,Customer_65,North,P272,Jacket,Apparel,1,110.07,0,110.07,40.55
103475,2025-04-25,CUST0004,Customer_4,Central,P620,Hoodie,Apparel,3,144.12,0.05,410.74,101.67
103476,2025-09-05,CUST0033,Customer_33,South,P283,USB-C Hub,Electronics,11,350.9,0,3859.9,966.81
103477,2025-08-26,CUST0057,Customer_57,North,P497,Bookshelf,Furniture,7,379.93,0,2659.51,1008.2
103478,2025-02-23,CUST0025,Customer_25,South,P928,Wireless Mouse,Electronics,9,196.29,0,1766.61,686.74
103479,2025-07-02,CUST0049,Customer_49,Central,P033,Notebook Pack,Stationery,9,355.92,0,3203.28,1070.12
103480,2025-01-30,CUST0003,Customer_3,South,P497,Bookshelf,Furniture,4,407.36,0.05,1547.97,541.46
103481,2025-12-16,CUST0061,Customer_61,North,P033,Notebook Pack,Stationery,12,154.13,0.05,1757.08,675.98
103482,2025-04-16,CUST0016,Customer_16,North,P932,Bluetooth Speaker,Electronics,5,56.28,0,281.4,118.64
103483,2025-01-06,CUST0063,Customer_63,North,P283,USB-C Hub,Electronics,12,185.69,0.1,2005.45,666.31
103484,2025-02-08,CUST0040,Customer_40,South,P865,Pen Set,Stationery,11,390.16,0.2,3433.41,77.84
103485,2025-04-13,CUST0072,Customer_72,West,P865,Pen Set,Stationery,6,350.53,0,2103.18,881.39
103486,2025-12-09,CUST0080,Customer_80,Central,P597,Sticky Notes,Stationery,12,70.62,0.2,677.95,63.18
103487,2025-06-11,CUST0027,Customer_27,Central,P915,Cap,Apparel,9,437.28,0.05,3738.74,1052.78
103488,2025-05-19,CUST0079,Customer_79,Central,P033,Notebook Pack,Stationery,3,361.19,0,1083.57,434.82
103489,2025-06-28,CUST0066,Customer_66,South,P283,USB-C Hub,Electronics,11,333.67,0.15,3119.81,795.31
103490,2025-01-15,CUST0064,Customer_64,West,P033,Notebook Pack,Stationery,8,324.5,0.1,2336.4,851.47
103491,2025-05-31,CUST0017,Customer_17,West,P865,Pen Set,Stationery,5,319.05,0.05,1515.49,441.75
103492,2025-05-21,CUST0073,Customer_73,North,P915,Cap,Apparel,10,-116.41,0,1164.1,399.54
103493,2025-10-18,CUST0069,Customer_69,West,P566,Filing Cabinet,Furniture,5,249.48,0,1247.4,261.87
103494,2025-04-17,CUST0064,Customer_64,East,P858,Socks Pack,Apparel,4,355.04,0.2,1136.13,0.88
103495,2025-12-01,CUST0049,Customer_49,East,P361,Webcam,Electronics,2,69.75,0,139.5,31.88
103496,2025-07-04,CUST0033,Customer_33,North,P865,Pen Set,Stationery,10,200.3,0,2003.0,522.95
103497,2025-04-24,CUST0019,Customer_19,South,P361,Whiteboard,Stationery,1,202.64,0,202.64,71.07
103498,2025-02-23,CUST0062,Customer_62,South,P865,Pen Set,Stationery,2,311.05,0.2,497.68,146.7
103499,2025-04-29,CUST0075,Customer_75,East,P865,Pen Set,Stationery,11,288.5,0.1,2856.15,369.38
103500,2025-08-24,CUST0072,Customer_72,West,P865,Pen Set,Stationery,11,416.69,0.05,4354.41,1729.38
103501,2025-08-01,CUST0034,Customer_34,East,P597,Sticky Notes,Stationery,10,316.8,0,3168.0,862.29
103502,2025-03-01,CUST0023,Customer_23,South,P620,Hoodie,Apparel,12,56.26,0.15,573.85,55.01
103503,2025-04-28,CUST0017,Customer_17,West,P497,Bookshelf,Furniture,1,79.34,0.1,71.41,8.63
103504,2025-09-01,CUST0050,Customer_50,East,P381,Laptop Stand,Electronics,7,413.81,0,2896.67,788.99
103505,2025-07-19,CUST0044,Customer_44,North,P033,Notebook Pack,Stationery,2,80.21,0.05,152.4,54.89
103506,2025-06-29,CUST0001,Customer_1,East,P519,Standing Desk,Furniture,9,325.56,0,2930.04,1290.78
103507,2025-07-02,CUST0022,Customer_22,South,P566,Filing Cabinet,Furniture,7,224.74,0.2,1258.54,285.96
103508,2025-05-16,CUST0028,Customer_28,Central,P566,Filing Cabinet,Furniture,4,331.28,0,1325.12,359.29
103509,2025-10-24,CUST0024,Customer_24,West,P932,Bluetooth Speaker,Electronics,2,26.15,0,52.3,18.57
103510,2025-05-12,CUST0025,Customer_25,West,P139,Marker Pack,Stationery,7,430.73,0.1,2713.6,552.91
103511,2025-06-25,CUST0028,Customer_28,North,P884,T-Shirt,Apparel,6,-406.95,0.05,2319.61,824.91
103512,2025-10-18,CUST0072,Customer_72,Central,P826,Office Chair,Furniture,9,208.3,0,1874.7,531.82
103513,2025-11-15,CUST0027,Customer_27,South,P566,Filing Cabinet,Furniture,8,383.7,0,3069.6,1300.4
103514,2025-05-21,CUST0011,Customer_11,West,P139,Marker Pack,Stationery,6,30.84,0.2,148.03,38.86
103515,2025-11-07,CUST0004,Customer_4,West,P566,Filing Cabinet,Furniture,9,324.55,0,2920.95,870.81
103516,2025-12-02,CUST0062,Customer_62,East,P283,USB-C Hub,Electronics,2,238.92,0.2,382.27,29.55
103517,2025-11-26,CUST0042,Customer_42,Central,P884,T-Shirt,Apparel,3,111.68,0,335.04,82.68
103518,2025-09-22,CUST0060,Customer_60,South,P033,Notebook Pack,Stationery,8,167.46,0.2,1071.74,126.91
103519,2025-10-10,CUST0068,Customer_68,West,P381,Laptop Stand,Electronics,1,399.61,0,399.61,86.02
103520,2025-05-24,CUST0016,Customer_16,West,P826,Office Chair,Furniture,1,204.12,0.15,173.5,33.36
103521,2025-09-06,CUST0042,Customer_42,Central,P139,Marker Pack,Stationery,6,427.68,0,2566.08,777.71
103522,2025-01-23,CUST0038,Customer_38,West,P620,Hoodie,Apparel,4,180.75,0.1,650.7,200.4
103523,2025-08-08,CUST0044,Customer_44,East,P361,Webcam,Electronics,2,135.31,0.15,230.03,72.1
103524,2025-11-30,CUST0071,Customer_71,West,P597,Sticky Notes,Stationery,1,309.43,0.15,263.02,72.78
103525,2025-07-17,CUST0034,Customer_34,East,P497,Bookshelf,Furniture,10,392.46,0.2,3139.68,417.98
103526,2025-07-13,CUST0058,Customer_58,West,P033,Notebook Pack,Stationery,8,253.71,0.15,1725.23,324.88
103527,2025-12-23,CUST0047,Customer_47,West,P361,Whiteboard,Stationery,5,282.3,0.2,1129.2,322.51
103528,2025-08-23,CUST0020,Customer_20,Central,P915,Cap,Apparel,2,230.77,0.1,415.39,134.29
103529,2025-06-12,CUST0028,Customer_28,South,P272,Jacket,Apparel,1,40.04,0,40.04,15.23
103530,2025-05-17,CUST0046,Customer_46,East,P497,Bookshelf,Furniture,4,444.06,0.05,1687.43,467.78
103531,2025-09-05,CUST0076,Customer_76,East,P566,Filing Cabinet,Furniture,6,38.18,0.1,206.17,32.18
103532,2025-08-10,CUST0076,Customer_76,South,P826,Office Chair,Furniture,4,303.36,0.15,1031.42,315.78
103533,2025-03-02,CUST0019,Customer_19,south,P361,Whiteboard,Stationery,8,445.68,0,3565.44,1466.91
103534,2025-06-24,CUST0059,Customer_59,South,P139,Marker Pack,Stationery,2,170.4,0,340.8,93.24
103535,2025-01-11,CUST0001,Customer_1,Central,P932,Bluetooth Speaker,Electronics,8,366.55,0,2932.4,1021.01
103536,2025-01-16,CUST0026,Customer_26,South,P033,Notebook Pack,Stationery,4,371.24,0.05,1410.71,468.36
103537,2025-08-11,CUST0069,Customer_69,West,P139,Marker Pack,Stationery,11,274.11,0.2,2412.17,419.26
103538,2025-09-13,CUST0006,Customer_6,East,P884,T-Shirt,Apparel,1,228.43,0.05,217.01,85.7
103539,2025-08-16,CUST0005,Customer_5,West,P932,Bluetooth Speaker,Electronics,12,269.33,0.15,2747.17,268.51
103540,2025-05-26,CUST0026,Customer_26,West,P858,Socks Pack,Apparel,8,44.44,0.15,302.19,50.04
103541,2025-08-23,CUST0056,Customer_56,East,P826,Office Chair,Furniture,6,402.28,0.15,2051.63,428.56
103542,2025-05-11,CUST0048,Customer_48,West,P272,Jacket,Apparel,2,239.4,0,478.8,124.45
103543,2025-09-08,CUST0065,Customer_65,Central,P865,Pen Set,Stationery,11,36.08,0,396.88,106.58
103544,2025-08-03,CUST0027,Customer_27,South,P139,Marker Pack,Stationery,3,44.31,0,132.93,55.29
103545,2025-09-26,CUST0021,Customer_21,North,P932,Bluetooth Speaker,Electronics,10,355.18,0,3551.8,1188.94
103546,2025-12-05,CUST0001,Customer_1,West,P597,Sticky Notes,Stationery,9,122.29,0.2,880.49,178.55
103547,2025-07-06,CUST0035,Customer_35,East,P381,Laptop Stand,Electronics,11,315.51,0.05,3297.08,1382.11
103548,2025-04-29,CUST0074,Customer_74,West,P928,Wireless Mouse,Electronics,7,311.05,0.15,1850.75,484.4
103549,2025-12-08,CUST0058,Customer_58,East,P915,Cap,Apparel,8,326.05,0.05,2477.98,781.95
103550,2025-10-15,CUST0046,Customer_46,South,P826,Office Chair,Furniture,9,304.68,0,2742.12,651.34
103551,2025-06-14,CUST0024,Customer_24,Central,P381,Laptop Stand,Electronics,6,35.41,0.1,191.21,41.26
103552,2025-10-13,CUST0065,Customer_65,south,P620,Hoodie,Apparel,8,167.38,0.15,1138.18,309.36
103553,2025-12-25,CUST0071,Customer_71,Central,P033,Notebook Pack,Stationery,7,401.56,0,2810.92,846.85
103554,2025-11-27,CUST0068,Customer_68,East,P915,Cap,Apparel,1,35.27,0.2,28.22,4.6
103555,2025-04-14,CUST0075,Customer_75,North,P283,USB-C Hub,Electronics,3,361.64,0,1084.92,418.52
103556,2025-04-08,CUST0073,Customer_73,Central,P519,Standing Desk,Furniture,1,404.4,0,404.4,88.79
103557,2025-07-01,CUST0033,Customer_33,East,P597,Sticky Notes,Stationery,9,228.18,0,2053.62,855.63
103558,2025-02-23,CUST0044,Customer_44,East,P932,Bluetooth Speaker,Electronics,4,190.13,0.05,722.49,126.17
103559,2025-04-19,CUST0041,Customer_41,West,P381,Laptop Stand,Electronics,10,396.83,0,3968.3,1140.72
103560,2025-05-04,CUST0043,Customer_43,South,P361,Whiteboard,Stationery,7,411.93,0.05,2739.33,451.71
103561,2025-10-05,CUST0074,Customer_74,Central,P139,Marker Pack,Stationery,7,301.62,0,2111.34,705.2
103562,2025-12-16,CUST0050,Customer_50,West,P928,Wireless Mouse,Electronics,10,279.71,0.1,2517.39,284.47
103563,2025-11-05,CUST0040,Customer_40,Central,P272,Jacket,Apparel,12,427.45,0.1,4616.46,1544.04
103564,2025-07-05,CUST0015,Customer_15,Central,P858,Socks Pack,Apparel,8,92.53,0.05,703.23,191.62
103565,2025-01-03,CUST0017,Customer_17,Central,P884,T-Shirt,Apparel,10,343.48,0.15,2919.58,354.96
103566,2025-12-13,CUST0017,Customer_17,South,P283,USB-C Hub,Electronics,9,430.16,0.05,3677.87,1394.84
103567,2025-07-07,CUST0010,Customer_10,East,P932,Bluetooth Speaker,Electronics,6,331.11,0.05,1887.33,709.48
103568,2025-08-02,CUST0024,Customer_24,South,P826,Office Chair,Furniture,2,180.68,0.05,343.29,107.68
103569,2025-06-30,CUST0005,Customer_5,South,P497,Bookshelf,Furniture,4,331.45,0.05,1259.51,487.82
103570,2025-05-22,CUST0002,Customer_2,Central,P826,Office Chair,Furniture,11,226.58,0,2492.38,533.12
103571,2025-02-03,CUST0036,Customer_36,East,P826,Office Chair,Furniture,3,398.79,0.1,1076.73,329.74
103572,2025-01-08,CUST0077,Customer_77,Central,P519,Standing Desk,Furniture,3,235.85,0.2,566.04,73.54
103573,2025-03-13,CUST0034,Customer_34,central,P033,Notebook Pack,Stationery,5,418.12,0,2090.6,895.8
103574,2025-12-09,CUST0072,Customer_72,South,P519,Standing Desk,Furniture,11,153.22,0.15,1432.61,403.86
103575,2025-11-19,CUST0029,Customer_29,West,P272,Jacket,Apparel,6,159.67,0.05,910.12,287.93
103576,2025-04-26,CUST0044,Customer_44,North,P597,Sticky Notes,Stationery,9,417.62,0,3758.58,1251.46
103577,2025-08-08,CUST0014,Customer_14,South,P865,Pen Set,Stationery,10,103.98,0.2,831.84,109.93
103578,2025-12-29,CUST0007,Customer_7,East,P826,Office Chair,Furniture,6,34.02,0.15,173.5,56.22
103579,2025-05-08,CUST0073,Customer_73,Central,P381,Laptop Stand,Electronics,3,216.87,0.2,520.49,42.15
103580,2025-04-03,CUST0037,Customer_37,South,P272,Jacket,Apparel,4,103.13,0.2,330.02,44.87
103581,2025-01-23,CUST0029,Customer_29,East,P884,T-Shirt,Apparel,12,273.43,0,3281.16,667.39
103582,2025-07-05,CUST0041,Customer_41,North,P884,T-Shirt,Apparel,5,362.5,0,1812.5,457.76
103583,2025-04-01,CUST0005,Customer_5,East,P915,Cap,Apparel,10,47.27,0,472.7,127.97
103584,2025-04-21,CUST0051,Customer_51,Central,P597,Sticky Notes,Stationery,5,100.94,0,504.7,132.64
103585,2025-02-17,CUST0033,Customer_33,North,P519,Standing Desk,Furniture,12,343.99,0.15,3508.7,1230.67
103586,2025-08-15,CUST0051,Customer_51,Central,P497,Bookshelf,Furniture,3,212.12,0,636.36,151.58
103587,2025-10-07,CUST0041,Customer_41,East,P884,T-Shirt,Apparel,1,273.9,0,273.9,110.36
103588,2025-10-29,CUST0006,Customer_6,West,P381,Laptop Stand,Electronics,4,288.29,0,1153.16,420.3
103589,2025-08-17,CUST0043,Customer_43,Central,P361,Whiteboard,Stationery,6,251.78,0,1510.68,498.74
103590,2025-12-01,CUST0004,Customer_4,South,P497,Bookshelf,Furniture,5,363.11,0.15,1543.22,446.36
103591,2025-07-01,CUST0053,Customer_53,East,P033,Notebook Pack,Stationery,6,139.14,0.05,793.1,180.57
103592,2025-04-15,CUST0041,Customer_41,West,P361,Webcam,Electronics,6,55.84,0.15,284.78,29.89
103593,2025-07-03,CUST0073,Customer_73,South,P139,Marker Pack,Stationery,7,152.63,0.05,1014.99,424.0
103594,2025-06-11,CUST0020,Customer_20,South,P471,Desk Lamp,Furniture,7,333.65,0.1,2101.99,667.79
103595,2025-04-05,CUST0017,Customer_17,Central,P033,Notebook Pack,Stationery,12,125.38,0,1504.56,496.52
103596,2025-04-12,CUST0059,Customer_59,East,P519,Standing Desk,Furniture,8,183.25,0,1466.0,559.64
103597,2025-04-20,CUST0008,Customer_8,West,P471,Desk Lamp,Furniture,8,28.44,0,227.52,89.83
103598,2025-03-15,CUST0016,Customer_16,South,P361,Webcam,Electronics,4,167.87,0.2,537.18,142.92
103599,2025-11-23,CUST0048,Customer_48,East,P928,Wireless Mouse,Electronics,12,445.25,0.15,4541.55,341.7
103600,2025-10-13,CUST0034,Customer_34,East,P381,Laptop Stand,Electronics,7,307.18,0.15,1827.72,327.03
103601,2025-10-07,CUST0060,Customer_60,North,P497,Bookshelf,Furniture,8,186.07,0.15,1265.28,214.47
103602,2025-03-21,CUST0040,Customer_40,Central,P361,Whiteboard,Stationery,7,441.4,0.05,2935.31,766.61
103603,2025-01-03,CUST0073,Customer_73,East,P865,Pen Set,Stationery,9,188.55,0,1696.95,390.81
103604,2025-06-17,CUST0043,Customer_43,South,P497,Bookshelf,Furniture,11,196.81,0.1,1948.42,499.7
103605,2025-03-16,CUST0027,Customer_27,East,P497,Bookshelf,Furniture,8,332.61,0,2660.88,872.87
103606,2025-10-04,CUST0078,Customer_78,South,P566,Filing Cabinet,Furniture,1,329.62,0,329.62,109.8
103607,2025-05-10,CUST0033,Customer_33,East,P272,Jacket,Apparel,7,54.57,0,381.99,162.33
103608,2025-02-14,CUST0070,Customer_70,West,P381,Laptop Stand,Electronics,9,182.97,0.1,1482.06,241.35
103609,2025-12-23,CUST0067,Customer_67,East,P858,Socks Pack,Apparel,3,128.15,0,384.45,114.94
103610,2025-12-15,CUST0080,Customer_80,West,P033,Notebook Pack,Stationery,9,431.03,0.1,3491.34,671.81
103611,2025-06-03,CUST0035,Customer_35,North,P361,Webcam,Electronics,9,108.71,0.15,831.63,235.95
103612,2025-03-04,CUST0051,Customer_51,South,P497,Bookshelf,Furniture,8,194.01,0,1552.08,386.27
103613,2025-05-07,CUST0079,Customer_79,North,P928,Wireless Mouse,Electronics,11,395.48,0,4350.28,945.77
103614,2025-09-14,CUST0047,Customer_47,East,P826,Office Chair,Furniture,1,285.21,0,285.21,86.99
103615,2025-04-10,CUST0032,Customer_32,Central,P620,Hoodie,Apparel,11,37.42,0.2,329.3,102.41
103616,2025-01-24,CUST0024,Customer_24,North,P826,Office Chair,Furniture,9,270.9,0.05,2316.19,680.28
103617,2025-06-28,CUST0078,Customer_78,East,P283,USB-C Hub,Electronics,2,301.08,0.05,572.05,167.71
103618,2025-12-19,CUST0002,Customer_2,North,P928,Wireless Mouse,Electronics,12,54.5,0.1,588.6,124.45
103619,2025-06-25,CUST0028,Customer_28,Central,P497,Bookshelf,Furniture,5,242.08,0,1210.4,244.75
103620,2025-07-10,CUST0010,Customer_10,North,P597,Sticky Notes,Stationery,12,225.82,0.05,2574.35,664.72
103621,2025-12-20,CUST0071,Customer_71,North,P884,T-Shirt,Apparel,3,221.32,0.1,597.56,71.81
103622,2025-11-16,CUST0031,Customer_31,North,P361,Webcam,Electronics,12,97.33,0.15,992.77,142.09
103623,2025-02-27,CUST0049,Customer_49,South,P928,Wireless Mouse,Electronics,6,388.62,0.2,1865.38,168.94
103624,2025-04-30,CUST0018,Customer_18,North,P865,Pen Set,Stationery,12,207.28,0,2487.36,894.86
103625,2025-02-27,CUST0013,Customer_13,South,P272,Jacket,Apparel,10,161.07,0,1610.7,658.12
103626,2025-12-14,CUST0004,Customer_4,West,P928,Wireless Mouse,Electronics,7,205.1,0,1435.7,605.53
103627,2025-10-02,CUST0053,Customer_53,Central,P471,Desk Lamp,Furniture,1,87.35,0,87.35,32.03
103628,2025-03-28,CUST0056,Customer_56,East,P620,Hoodie,Apparel,1,83.42,0,83.42,24.72
103629,2025-06-23,CUST0027,Customer_27,Central,P932,Bluetooth Speaker,Electronics,11,13.27,0.2,116.78,29.29
103630,2025-02-01,CUST0044,Customer_44,Central,P381,Laptop Stand,Electronics,6,359.55,0,2157.3,686.23
103631,2025-07-31,CUST0063,Customer_63,West,P884,T-Shirt,Apparel,4,353.5,0.1,1272.6,406.35
103632,2025-01-04,CUST0072,Customer_72,North,P826,Office Chair,Furniture,11,206.68,0,2273.48,648.01
103633,2025-06-14,CUST0042,Customer_42,Central,P928,Wireless Mouse,Electronics,8,407.02,0.05,3093.35,1166.52
103634,2025-03-12,CUST0071,Customer_71,South,P471,Desk Lamp,Furniture,1,60.07,0.15,51.06,9.8
103635,2025-02-16,CUST0021,Customer_21,Central,P283,USB-C Hub,Electronics,5,20.24,0,101.2,24.04
103636,2025-11-02,CUST0006,Customer_6,North,P033,Notebook Pack,Stationery,3,141.86,0.05,404.3,136.74
103637,2025-05-20,CUST0061,Customer_61,East,P928,Wireless Mouse,Electronics,8,29.67,0.05,225.49,78.83
103638,2025-10-18,CUST0056,Customer_56,East,P620,Hoodie,Apparel,11,298.55,0,3284.05,743.65
103639,2025-12-05,CUST0078,Customer_78,South,P932,Bluetooth Speaker,Electronics,11,139.61,0.15,1305.35,429.9
103640,2025-03-03,CUST0074,Customer_74,East,P928,Wireless Mouse,Electronics,2,448.58,0.2,717.73,162.75
103641,2025-12-22,CUST0052,Customer_52,South,P272,Jacket,Apparel,7,406.74,0.1,2562.46,384.0
103642,2025-01-15,CUST0013,Customer_13,East,P884,T-Shirt,Apparel,10,75.75,0,757.5,255.68
103643,2025-09-05,CUST0060,Customer_60,East,P283,USB-C Hub,Electronics,3,302.14,0.1,815.78,316.3
103644,2025-09-16,CUST0021,Customer_21,South,P272,Jacket,Apparel,11,68.11,0.2,599.37,151.79
103645,2025-11-22,CUST0076,Customer_76,South,P471,Desk Lamp,Furniture,5,239.67,0.1,1078.51,277.32
103646,2025-03-31,CUST0059,Customer_59,East,P471,Desk Lamp,Furniture,10,395.37,0,3953.7,1566.69
103647,2025-11-18,CUST0003,Customer_3,Central,P497,Bookshelf,Furniture,1,403.27,0.1,362.94,116.68
103648,2025-11-07,CUST0068,Customer_68,West,P361,Whiteboard,Stationery,5,243.9,0,1219.5,507.52
103649,2025-06-13,CUST0051,Customer_51,Central,P865,Pen Set,Stationery,12,113.97,0,1367.64,426.34
103650,2025-03-27,CUST0020,Customer_20,South,P620,Hoodie,Apparel,6,438.2,0.2,2103.36,508.92
103651,2025-07-19,CUST0021,Customer_21,North,P928,Wireless Mouse,Electronics,7,195.46,0,1368.22,523.29
103652,2025-03-10,CUST0012,Customer_12,South,P361,Whiteboard,Stationery,12,94.74,0.15,966.35,61.12
103653,2025-07-25,CUST0022,Customer_22,East,P620,Hoodie,Apparel,4,94.17,0.05,357.85,147.65
103654,2025-03-02,CUST0040,Customer_40,West,P497,Bookshelf,Furniture,5,420.83,0,2104.15,906.1
103655,2025-05-16,CUST0038,Customer_38,Central,P361,Whiteboard,Stationery,11,135.66,0.2,1193.81,69.78
103656,2025-11-17,CUST0039,Customer_39,Central,P620,Hoodie,Apparel,9,56.47,0,508.23,219.23
103657,2025-07-28,CUST0035,Customer_35,South,P858,Socks Pack,Apparel,3,406.72,0.15,1037.14,247.88
103658,2025-08-15,CUST0023,Customer_23,Central,P361,Whiteboard,Stationery,12,98.3,0,1179.6,338.6
103659,2025-07-11,CUST0073,Customer_73,North,P932,Bluetooth Speaker,Electronics,4,385.5,0,1542.0,514.75
103660,2025-11-30,CUST0010,Customer_10,South,P497,Bookshelf,Furniture,8,398.48,0,3187.84,703.4
103661,2025-10-13,CUST0022,Customer_22,Central,P597,Sticky Notes,Stationery,12,94.88,0,1138.56,505.03
103662,2025-06-03,CUST0031,Customer_31,East,P858,Socks Pack,Apparel,11,308.81,0.05,3227.06,560.68
103663,2025-11-22,CUST0010,Customer_10,West,P361,Whiteboard,Stationery,1,196.19,0.15,166.76,22.39
103664,2025-11-01,CUST0053,Customer_53,North,P566,Filing Cabinet,Furniture,5,276.35,0.2,1105.4,294.65
103665,2025-12-25,CUST0005,Customer_5,West,P915,Cap,Apparel,1,195.74,0.2,156.59,11.12
103666,2025-02-22,CUST0014,Customer_14,north,P497,Bookshelf,Furniture,1,69.35,0,69.35,29.8
103667,2025-01-27,CUST0024,Customer_24,Central,P620,Hoodie,Apparel,9,418.33,0.1,3388.47,808.4
103668,2025-02-27,CUST0023,Customer_23,Central,P361,Webcam,Electronics,7,400.75,0,2805.25,738.11
103669,2025-01-19,CUST0060,Customer_60,West,P272,Jacket,Apparel,10,275.19,0.15,2339.12,307.91
103670,2025-01-17,CUST0008,Customer_8,west,P932,Bluetooth Speaker,Electronics,2,130.99,0,261.98,108.96
103671,2025-09-08,CUST0022,Customer_22,South,P471,Desk Lamp,Furniture,7,37.94,0,265.58,81.08
103672,2025-06-14,CUST0077,Customer_77,West,P361,Whiteboard,Stationery,6,299.59,0.15,1527.91,342.96
103673,2025-03-29,CUST0076,Customer_76,Central,P826,Office Chair,Furniture,6,146.96,0.05,837.67,226.0
103674,2025-04-17,CUST0050,Customer_50,North,P272,Jacket,Apparel,1,215.32,0.15,183.02,30.91
103675,2025-05-20,CUST0069,Customer_69,Central,P932,Bluetooth Speaker,Electronics,1,349.17,0.2,279.34,13.36
103676,2025-08-11,CUST0004,Customer_4,West,P471,Desk Lamp,Furniture,6,347.23,0.15,1770.87,411.56
103677,2025-11-13,CUST0054,Customer_54,West,P497,Bookshelf,Furniture,5,307.02,0.05,1458.34,607.48
103678,2025-03-29,CUST0012,Customer_12,South,P928,Wireless Mouse,Electronics,9,136.61,0.05,1168.02,441.02
103679,2025-05-27,CUST0014,Customer_14,East,P283,USB-C Hub,Electronics,5,160.59,0,802.95,349.11
103680,2025-04-30,CUST0042,Customer_42,South,P915,Cap,Apparel,4,156.67,0.2,501.34,113.36
103681,2025-10-30,CUST0043,Customer_43,East,P381,Laptop Stand,Electronics,12,403.37,0.15,4114.37,330.92
103682,2025-05-10,CUST0072,Customer_72,Central,P865,Pen Set,Stationery,6,41.61,0,249.66,53.48
103683,2025-10-31,CUST0007,Customer_7,West,P381,Laptop Stand,Electronics,6,349.6,0.2,1678.08,441.65
103684,2025-03-31,CUST0080,Customer_80,South,P139,Marker Pack,Stationery,11,344.27,0.05,3597.62,1204.49
103685,2025-09-12,CUST0033,Customer_33,East,P283,USB-C Hub,Electronics,1,-370.41,0.15,314.85,63.25
103686,2025-10-14,CUST0034,Customer_34,West,P932,Bluetooth Speaker,Electronics,10,323.81,0,3238.1,1228.16
103687,2025-06-13,CUST0029,Customer_29,West,P033,Notebook Pack,Stationery,12,446.99,0.15,4559.3,346.52
103688,2025-03-24,CUST0079,Customer_79,South,P361,Whiteboard,Stationery,2,146.03,0.15,248.25,55.9
103689,2025-07-01,CUST0019,Customer_19,Central,P381,Laptop Stand,Electronics,4,98.39,0.05,373.88,149.92
103690,2025-04-07,CUST0058,Customer_58,South,P471,Desk Lamp,Furniture,3,295.61,0,886.83,178.12
103691,2025-01-22,CUST0037,Customer_37,West,P361,Webcam,Electronics,2,220.59,0.2,352.94,12.76
103692,2025-12-13,CUST0030,Customer_30,East,P361,Webcam,Electronics,6,137.01,0,822.06,261.18
103693,2025-08-09,CUST0007,Customer_7,West,P826,Office Chair,Furniture,11,275.36,0,3028.96,1297.03
103694,2025-03-23,CUST0009,Customer_9,West,P361,Webcam,Electronics,4,418.97,0.05,1592.09,366.66
103695,2025-08-26,CUST0059,Customer_59,East,P566,Filing Cabinet,Furniture,6,346.24,0.05,1973.57,634.93
103696,2025-01-30,CUST0027,Customer_27,East,P139,Marker Pack,Stationery,2,279.11,0.2,446.58,19.42
103697,2025-02-26,CUST0014,Customer_14,South,P283,USB-C Hub,Electronics,7,283.92,0.1,1788.7,539.03
103698,2025-11-13,CUST0018,Customer_18,North,P519,Standing Desk,Furniture,4,296.54,0,1186.16,472.75
103699,2025-06-11,CUST0044,Customer_44,South,P381,Laptop Stand,Electronics,1,71.32,0,71.32,31.78
103700,2025-07-17,CUST0057,Customer_57,East,P033,Notebook Pack,Stationery,6,287.45,0,1724.7,454.31
103701,2025-08-12,CUST0021,Customer_21,East,P381,Laptop Stand,Electronics,5,256.62,0,1283.1,341.7
103702,2025-10-24,CUST0059,Customer_59,East,P826,Office Chair,Furniture,3,265.74,0,797.22,271.7
103703,2025-06-26,CUST0022,Customer_22,Central,P283,USB-C Hub,Electronics,4,335.31,0.2,1072.99,14.15
103704,2025-02-27,CUST0021,Customer_21,Central,P139,Marker Pack,Stationery,3,245.36,0.1,662.47,76.12
103705,2025-12-09,CUST0076,Customer_76,East,P139,Marker Pack,Stationery,6,428.65,0.05,2443.3,592.37
103706,2025-12-28,CUST0075,Customer_75,West,P597,Sticky Notes,Stationery,7,298.31,0,2088.17,418.45
103707,2025-05-02,CUST0075,Customer_75,South,P928,Wireless Mouse,Electronics,5,40.07,0,200.35,81.65
103708,2025-09-27,CUST0049,Customer_49,North,P858,Socks Pack,Apparel,6,153.96,0.05,877.57,163.83
103709,2025-09-07,CUST0077,Customer_77,North,P033,Notebook Pack,Stationery,2,402.83,0,805.66,286.87
103710,2025-04-27,CUST0055,Customer_55,Central,P620,Hoodie,Apparel,11,429.25,0,4721.75,1247.84
103711,2025-12-20,CUST0040,Customer_40,West,P381,Laptop Stand,Electronics,8,405.94,0,3247.52,788.62
103712,2025-08-05,CUST0006,Customer_6,West,P826,Office Chair,Furniture,7,51.2,0.15,304.64,80.81
103713,2025-12-17,CUST0012,Customer_12,East,P915,Cap,Apparel,6,220.79,0.2,1059.79,272.4
103714,2025-09-15,CUST0026,Customer_26,North,P471,Desk Lamp,Furniture,7,224.53,0.1,1414.54,417.11
103715,2025-08-05,CUST0051,Customer_51,East,P932,Bluetooth Speaker,Electronics,6,336.28,0,2017.68,558.61
103716,2025-02-11,CUST0054,Customer_54,West,P858,Socks Pack,Apparel,10,402.04,0,4020.4,1240.62
103717,2025-05-09,CUST0053,Customer_53,West,P932,Bluetooth Speaker,Electronics,10,398.11,0,3981.1,1672.64
103718,2025-04-23,CUST0027,Customer_27,North,P361,Whiteboard,Stationery,4,90.82,0,363.28,81.17
103719,2025-11-07,CUST0052,Customer_52,West,P361,Webcam,Electronics,3,44.03,0,132.09,38.27
103720,2025-06-09,CUST0072,Customer_72,Central,P858,Socks Pack,Apparel,8,252.62,0.1,1818.86,463.94
103721,2025-04-12,CUST0011,Customer_11,East,P620,Hoodie,Apparel,1,161.6,0.05,153.52,39.31
103722,2025-04-04,CUST0024,Customer_24,North,P139,Marker Pack,Stationery,12,42.73,0,512.76,213.67
103723,2025-05-25,CUST0052,Customer_52,North,P928,Wireless Mouse,Electronics,8,180.58,0,1444.64,378.08
103724,2025-08-06,CUST0032,Customer_32,west,P884,T-Shirt,Apparel,9,168.37,0,1515.33,596.2
103725,2025-03-30,CUST0025,Customer_25,East,P381,Laptop Stand,Electronics,4,161.95,0.05,615.41,225.74
103726,2025-11-14,CUST0038,Customer_38,East,P471,Desk Lamp,Furniture,9,144.75,0,1302.75,585.63
103727,2025-12-30,CUST0005,Customer_5,East,P519,Standing Desk,Furniture,8,97.83,0,782.64,204.97
103728,2025-08-16,CUST0039,Customer_39,South,P620,Hoodie,Apparel,12,358.86,0,4306.32,1201.99
103729,2025-02-11,CUST0015,Customer_15,West,P826,Office Chair,Furniture,4,376.98,0.1,1357.13,526.53
103730,2025-10-26,CUST0043,Customer_43,North,P620,Hoodie,Apparel,11,37.66,0,414.26,165.72
103731,2025-03-25,CUST0065,Customer_65,South,P381,Laptop Stand,Electronics,8,359.46,0,2875.68,712.06
103732,2025-07-21,CUST0030,Customer_30,South,P858,Socks Pack,Apparel,5,220.23,0.1,991.03,365.13
103733,2025-06-17,CUST0075,Customer_75,North,P597,Sticky Notes,Stationery,1,93.08,0.15,79.12,16.49
103734,2025-11-04,CUST0036,Customer_36,South,P283,USB-C Hub,Electronics,8,167.66,0,1341.28,391.34
103735,2025-04-13,CUST0020,Customer_20,East,P597,Sticky Notes,Stationery,3,381.68,0.05,1087.79,185.25
103736,2025-10-26,CUST0044,Customer_44,North,P283,USB-C Hub,Electronics,1,171.17,0.1,154.05,40.45
103737,2025-12-25,CUST0051,Customer_51,Central,P865,Pen Set,Stationery,5,383.35,0.1,1725.08,530.89
103738,2025-03-23,CUST0077,Customer_77,North,P471,Desk Lamp,Furniture,9,405.56,0,3650.04,814.93
103739,2025-08-28,CUST0057,Customer_57,North,P272,Jacket,Apparel,5,261.86,0,1309.3,458.27
103740,2025-07-31,CUST0045,Customer_45,West,P471,Desk Lamp,Furniture,3,431.79,0.15,1101.06,82.03
103741,2025-06-17,CUST0035,Customer_35,East,P283,USB-C Hub,Electronics,10,142.78,0.2,1142.24,262.88
103742,2025-05-12,CUST0041,Customer_41,South,P272,Jacket,Apparel,7,389.64,0,2727.48,735.17
103743,2025-08-12,CUST0044,Customer_44,Central,P033,Notebook Pack,Stationery,12,430.82,0,5169.84,1412.62
103744,2025-11-01,CUST0045,Customer_45,East,P272,Jacket,Apparel,9,90.88,0,817.92,252.67
103745,2025-04-07,CUST0050,Customer_50,West,P928,Wireless Mouse,Electronics,10,352.85,0,3528.5,1451.77
103746,2025-10-15,CUST0042,Customer_42,West,P566,Filing Cabinet,Furniture,1,319.82,0.05,303.83,85.16
103747,2025-01-15,CUST0029,Customer_29,Central,P471,Desk Lamp,Furniture,9,52.29,0,470.61,193.19
103748,2025-09-02,CUST0055,Customer_55,South,P566,Filing Cabinet,Furniture,3,425.36,0,1276.08,367.87
103749,2025-04-25,CUST0049,Customer_49,North,P361,Whiteboard,Stationery,8,8.42,0.15,57.26,18.52
103750,2025-06-16,CUST0063,Customer_63,East,P865,Pen Set,Stationery,10,188.35,0.05,1789.32,737.4
103751,2025-11-04,CUST0032,Customer_32,East,P381,Laptop Stand,Electronics,5,328.8,0,1644.0,497.17
103752,2025-10-09,CUST0069,Customer_69,Central,P620,Hoodie,Apparel,12,300.2,0.2,2881.92,581.98
103753,2025-03-24,CUST0043,Customer_43,West,P826,Office Chair,Furniture,3,435.68,0.2,1045.63,269.22
103754,2025-09-11,CUST0066,Customer_66,North,P928,Wireless Mouse,Electronics,10,152.88,0,1528.8,571.06
103755,2025-06-11,CUST0078,Customer_78,North,P884,T-Shirt,Apparel,1,19.3,0.1,17.37,3.51
103756,2025-06-13,CUST0033,Customer_33,East,P272,Jacket,Apparel,12,110.45,0,1325.4,355.05
103757,2025-10-21,CUST0030,Customer_30,Central,P361,Webcam,Electronics,10,130.12,0,1301.2,550.63
103758,2025-09-12,CUST0009,Customer_9,South,P519,Standing Desk,Furniture,2,96.9,0,193.8,70.25
103759,2025-05-10,CUST0023,Customer_23,South,P033,Notebook Pack,Stationery,2,46.27,0.1,83.29,17.21
103760,2025-01-08,CUST0074,Customer_74,East,P865,Pen Set,Stationery,11,263.22,0,2895.42,705.26
103761,2025-10-29,CUST0005,Customer_5,West,P519,Standing Desk,Furniture,4,254.56,0.15,865.5,191.51
103762,2025-08-09,CUST0005,Customer_5,North,P620,Hoodie,Apparel,12,239.43,0,2873.16,649.14
103763,2025-06-08,CUST0003,Customer_3,Central,P471,Desk Lamp,Furniture,10,369.6,0.05,3511.2,970.1
103764,2025-12-25,CUST0025,Customer_25,Central,P361,Webcam,Electronics,2,233.66,0.05,443.95,159.02
103765,2025-12-17,CUST0058,Customer_58,North,P283,USB-C Hub,Electronics,7,340.43,0,2383.01,768.64
103766,2025-06-08,CUST0072,Customer_72,North,P361,Webcam,Electronics,6,59.81,0,358.86,87.48
103767,2025-08-01,CUST0008,Customer_8,Central,P361,Whiteboard,Stationery,8,187.45,0.05,1424.62,414.9
103768,2025-12-07,CUST0072,Customer_72,West,P826,Office Chair,Furniture,4,34.11,0,136.44,43.3
103769,2025-01-18,CUST0046,Customer_46,West,P519,Standing Desk,Furniture,11,377.49,0,4152.39,1435.02
103770,2025-02-26,CUST0077,Customer_77,East,P497,Bookshelf,Furniture,10,216.69,0,2166.9,770.33
103771,2025-04-07,CUST0052,Customer_52,North,P139,Marker Pack,Stationery,7,218.67,0,1530.69,421.7
103772,2025-04-28,CUST0058,Customer_58,East,P865,Pen Set,Stationery,6,203.98,0,1223.88,253.17
103773,2025-09-23,CUST0069,Customer_69,Central,P497,Bookshelf,Furniture,3,326.37,0.15,832.24,87.23
103774,2025-02-27,CUST0067,Customer_67,West,P033,Notebook Pack,Stationery,2,369.97,0,739.94,196.86
103775,2025-10-06,CUST0045,Customer_45,North,P932,Bluetooth Speaker,Electronics,8,197.1,0.15,1340.28,307.29
103776,2025-07-31,CUST0069,Customer_69,North,P361,Webcam,Electronics,9,97.4,0.15,745.11,217.06
103777,2025-08-11,CUST0042,Customer_42,East,P283,USB-C Hub,Electronics,8,149.46,0.05,1135.9,462.85
103778,2025-07-12,CUST0026,Customer_26,East,P519,Standing Desk,Furniture,9,263.51,0,2371.59,888.96
103779,2025-08-20,CUST0007,Customer_7,West,P033,Notebook Pack,Stationery,6,389.7,0.2,1870.56,387.41
103780,2025-11-23,CUST0018,Customer_18,South,P620,Hoodie,Apparel,9,248.41,0.2,1788.55,201.3
103781,2025-03-16,CUST0060,Customer_60,South,P381,Laptop Stand,Electronics,2,301.97,0.15,513.35,79.76
103782,2025-11-20,CUST0049,Customer_49,South,P915,Cap,Apparel,8,192.74,0.2,1233.54,316.15
103783,2025-12-17,CUST0072,Customer_72,South,P597,Sticky Notes,Stationery,8,255.64,0.05,1942.86,433.51
103784,2025-04-07,CUST0016,Customer_16,South,P519,Standing Desk,Furniture,12,260.78,0,3129.36,1337.59
103785,2025-03-13,CUST0066,Customer_66,North,P381,Laptop Stand,Electronics,3,162.04,0.15,413.2,75.38
103786,2025-06-24,CUST0048,Customer_48,Central,P033,Notebook Pack,Stationery,9,278.91,0,2510.19,791.48
103787,2025-02-13,CUST0034,Customer_34,South,P928,Wireless Mouse,Electronics,4,161.44,0,645.76,286.07
103788,2025-04-08,CUST0042,Customer_42,Central,P139,Marker Pack,Stationery,1,144.29,0.05,137.08,36.81
103789,2025-02-21,CUST0055,Customer_55,East,P620,Hoodie,Apparel,2,94.06,0.2,150.5,12.27
103790,2025-10-04,CUST0053,Customer_53,West,P361,Whiteboard,Stationery,5,432.5,0,2162.5,811.99
103791,2025-10-03,CUST0023,Customer_23,South,P826,Office Chair,Furniture,10,83.14,0,831.4,260.98
103792,2025-11-24,CUST0038,Customer_38,South,P272,Jacket,Apparel,11,102.35,0,1125.85,484.67
103793,2025-05-31,CUST0050,Customer_50,South,P928,Wireless Mouse,Electronics,8,77.7,0.05,590.52,98.3
103794,2025-04-17,CUST0052,Customer_52,West,P139,Marker Pack,Stationery,1,235.88,0.2,188.7,42.22
103795,2025-02-16,CUST0056,Customer_56,North,P497,Bookshelf,Furniture,11,320.66,0.2,2821.81,2.45
103796,2025-12-20,CUST0013,Customer_13,South,P272,Jacket,Apparel,4,347.72,0.05,1321.34,494.14
103797,2025-06-12,CUST0040,Customer_40,West,P932,Bluetooth Speaker,Electronics,1,243.77,0,243.77,82.05
103798,2025-06-30,CUST0010,Customer_10,West,P928,Wireless Mouse,Electronics,9,145.99,0.05,1248.21,499.35
103799,2025-01-23,CUST0008,Customer_8,North,P566,Filing Cabinet,Furniture,1,138.92,0.1,125.03,48.01
103800,2025-06-21,CUST0026,Customer_26,North,P381,Laptop Stand,Electronics,3,406.47,0,1219.41,526.6
103801,2025-10-07,CUST0070,Customer_70,South,P597,Sticky Notes,Stationery,8,394.15,0,3153.2,750.17
103802,2025-01-29,CUST0023,Customer_23,East,P865,Pen Set,Stationery,4,350.19,0.1,1260.68,421.96
103803,2025-01-08,CUST0059,Customer_59,South,P928,Wireless Mouse,Electronics,11,416.85,0.15,3897.55,843.64
103804,2025-03-28,CUST0032,Customer_32,West,P932,Bluetooth Speaker,Electronics,11,419.12,0,4610.32,1105.86
103805,2025-06-23,CUST0030,Customer_30,Central,P519,Standing Desk,Furniture,2,228.83,0,457.66,176.8
103806,2025-02-03,CUST0022,Customer_22,South,P497,Bookshelf,Furniture,10,86.58,0,865.8,211.97
103807,2025-10-09,CUST0010,Customer_10,East,P865,Pen Set,Stationery,1,232.98,0.2,186.38,0.03
103808,2025-07-20,CUST0071,Customer_71,North,P928,Wireless Mouse,Electronics,3,192.34,0.05,548.17,206.83
103809,2025-09-02,CUST0030,Customer_30,Central,P497,Bookshelf,Furniture,12,413.77,0,4965.24,1946.77
103810,2025-12-19,CUST0022,Customer_22,West,P033,Notebook Pack,Stationery,12,342.0,0.05,3898.8,1384.48
103811,2025-05-03,CUST0072,Customer_72,South,P471,Desk Lamp,Furniture,5,138.69,0.2,554.76,15.15
103812,2025-05-12,CUST0027,Customer_27,North,P865,Pen Set,Stationery,12,256.47,0,3077.64,817.59
103813,2025-09-25,CUST0053,Customer_53,South,P033,Notebook Pack,Stationery,5,254.03,0.15,1079.63,303.0
103814,2025-06-13,CUST0003,Customer_3,North,P033,Notebook Pack,Stationery,5,422.31,0.1,1900.4,287.73
103815,2025-06-11,CUST0016,Customer_16,North,P519,Standing Desk,Furniture,8,223.8,0,1790.4,779.11
103816,2025-08-29,CUST0074,Customer_74,East,P471,Desk Lamp,Furniture,2,-313.78,0.05,596.18,231.43
103817,2025-04-13,CUST0033,Customer_33,Central,P361,Whiteboard,Stationery,9,308.38,0.1,2497.88,494.16
103818,2025-09-07,CUST0027,Customer_27,North,P915,Cap,Apparel,5,272.7,0.05,1295.33,416.88
103819,2025-07-13,CUST0008,Customer_8,central,P361,Whiteboard,Stationery,5,53.76,0,268.8,83.44
103820,2025-11-01,CUST0027,Customer_27,east,P497,Bookshelf,Furniture,3,357.41,0.15,911.4,68.6
103821,2025-05-07,CUST0047,Customer_47,East,P381,Laptop Stand,Electronics,1,68.44,0.1,61.6,10.71
103822,2025-03-09,CUST0056,Customer_56,North,P858,Socks Pack,Apparel,5,426.64,0,2133.2,844.2
103823,2025-09-25,CUST0009,Customer_9,South,P915,Cap,Apparel,3,123.64,0.15,315.28,59.95
103824,2025-05-18,CUST0021,Customer_21,East,P471,Desk Lamp,Furniture,4,13.05,0.1,46.98,8.31
103825,2025-12-24,CUST0051,Customer_51,Central,P361,Webcam,Electronics,11,245.49,0,2700.39,1088.12
103826,2025-05-02,CUST0038,Customer_38,East,P928,Wireless Mouse,Electronics,2,120.25,0.2,192.4,23.91
103827,2025-09-08,CUST0026,Customer_26,North,P272,Jacket,Apparel,1,129.75,0.1,116.78,14.51
103828,2025-10-01,CUST0009,Customer_9,West,P597,Sticky Notes,Stationery,7,439.68,0,3077.76,942.59
103829,2025-01-17,CUST0026,Customer_26,Central,P033,Notebook Pack,Stationery,6,215.8,0.05,1230.06,342.66
103830,2025-01-11,CUST0038,Customer_38,South,P381,Laptop Stand,Electronics,6,197.76,0.15,1008.58,273.53
103831,2025-03-24,CUST0014,Customer_14,Central,P272,Jacket,Apparel,2,307.42,0.05,584.1,99.47
103832,2025-09-17,CUST0060,Customer_60,North,P519,Standing Desk,Furniture,7,117.28,0.2,656.77,190.85
103833,2025-08-14,CUST0072,Customer_72,West,P272,Jacket,Apparel,2,423.87,0.05,805.35,269.64
103834,2025-02-04,CUST0071,Customer_71,Central,P471,Desk Lamp,Furniture,2,81.48,0.05,154.81,34.3
103835,2025-07-07,CUST0022,Customer_22,North,P139,Marker Pack,Stationery,11,265.46,0.1,2628.05,380.2
103836,2025-12-23,CUST0045,Customer_45,East,P597,Sticky Notes,Stationery,4,213.62,0,854.48,371.33
103837,2025-04-15,CUST0016,Customer_16,North,P597,Sticky Notes,Stationery,10,186.37,0.05,1770.51,735.32
103838,2025-05-11,CUST0033,Customer_33,East,P932,Bluetooth Speaker,Electronics,12,143.0,0,1716.0,746.84
103839,2025-07-30,CUST0006,Customer_6,North,P519,Standing Desk,Furniture,2,30.5,0.05,57.95,19.64
103840,2025-09-06,CUST0021,Customer_21,East,P858,Socks Pack,Apparel,12,79.31,0.15,808.96,151.84
103841,2025-08-21,CUST0027,Customer_27,Central,P597,Sticky Notes,Stationery,10,322.34,0.1,2901.06,465.11
103842,2025-02-28,CUST0077,Customer_77,East,P620,Hoodie,Apparel,7,188.28,0.2,1054.37,40.52
103843,2025-09-18,CUST0060,Customer_60,South,P566,Filing Cabinet,Furniture,2,410.33,0.2,656.53,61.38
103844,2025-03-15,CUST0046,Customer_46,East,P381,Laptop Stand,Electronics,12,364.51,0.05,4155.41,1618.01
103845,2025-11-22,CUST0014,Customer_14,South,P915,Cap,Apparel,4,317.68,0,1270.72,552.36
103846,2025-01-31,CUST0006,Customer_6,West,P033,Notebook Pack,Stationery,4,405.97,0.05,1542.69,372.65
103847,2025-01-01,CUST0057,Customer_57,West,P283,USB-C Hub,Electronics,8,262.44,0.15,1784.59,244.08
103848,2025-06-16,CUST0002,Customer_2,Central,P915,Cap,Apparel,3,449.81,0.05,1281.96,486.71
103849,2025-04-18,CUST0066,Customer_66,South,P381,Laptop Stand,Electronics,12,187.98,0.05,2142.97,825.89
103850,2025-03-15,CUST0045,Customer_45,East,P865,Pen Set,Stationery,2,183.15,0,366.3,112.22
103851,2025-05-20,CUST0062,Customer_62,West,P497,Bookshelf,Furniture,7,31.95,0,223.65,79.17
103852,2025-12-01,CUST0006,Customer_6,East,P566,Filing Cabinet,Furniture,10,17.48,0.15,148.58,12.76
103853,2025-01-17,CUST0024,Customer_24,West,P884,T-Shirt,Apparel,4,121.76,0.15,413.98,70.15
103854,2025-03-21,CUST0008,Customer_8,North,P272,Jacket,Apparel,8,200.46,0,1603.68,606.8
103855,2025-04-02,CUST0036,Customer_36,East,P826,Office Chair,Furniture,12,389.2,0.1,4203.36,1310.58
103856,2025-09-14,CUST0056,Customer_56,North,P381,Laptop Stand,Electronics,9,302.16,0,2719.44,847.09
103857,2025-01-17,CUST0043,Customer_43,West,P620,Hoodie,Apparel,3,59.16,0.05,168.61,36.58
103858,2025-12-01,CUST0072,Customer_72,North,P915,Cap,Apparel,6,154.85,0,929.1,387.11
103859,2025-01-06,CUST0045,Customer_45,East,P361,Whiteboard,Stationery,1,168.96,0,168.96,49.72
103860,2025-09-10,CUST0035,Customer_35,Central,P033,Notebook Pack,Stationery,3,349.42,0,1048.26,228.42
103861,2025-12-24,CUST0070,Customer_70,West,P620,Hoodie,Apparel,6,256.1,0.1,1382.94,480.01
103862,2025-01-18,CUST0050,Customer_50,Central,P497,Bookshelf,Furniture,11,160.86,0,1769.46,757.6
103863,2025-07-05,CUST0010,Customer_10,South,P566,Filing Cabinet,Furniture,9,118.71,0,1068.39,422.58
103864,2025-05-09,CUST0043,Customer_43,North,P928,Wireless Mouse,Electronics,10,447.16,0.05,4248.02,1019.84
103865,2025-02-15,CUST0051,Customer_51,West,P361,Whiteboard,Stationery,2,149.37,0.15,253.93,29.54
103866,2025-03-14,CUST0017,Customer_17,North,P361,Whiteboard,Stationery,1,335.73,0.1,302.16,109.55
103867,2025-02-25,CUST0022,Customer_22,Central,P884,T-Shirt,Apparel,10,254.8,0,2548.0,1118.85
103868,2025-05-09,CUST0032,Customer_32,North,P915,Cap,Apparel,9,302.38,0.2,2177.14,239.57
103869,2025-09-21,CUST0015,Customer_15,North,P858,Socks Pack,Apparel,4,11.66,0,46.64,14.91
103870,2025-10-31,CUST0078,Customer_78,North,P932,Bluetooth Speaker,Electronics,11,409.81,0.1,4057.12,1530.66
103871,2025-05-25,CUST0004,Customer_4,North,P033,Notebook Pack,Stationery,9,378.77,0,3408.93,941.82
103872,2025-12-30,CUST0029,Customer_29,Central,P139,Marker Pack,Stationery,12,372.03,0.05,4241.14,881.31
103873,2025-02-24,CUST0031,Customer_31,North,P928,Wireless Mouse,Electronics,7,318.13,0.1,2004.22,610.47
103874,2025-02-08,CUST0021,Customer_21,Central,P361,Whiteboard,Stationery,8,374.62,0.2,2397.57,555.73
103875,2025-06-27,CUST0073,Customer_73,Central,P566,Filing Cabinet,Furniture,3,30.8,0.2,73.92,4.42
103876,2025-05-15,CUST0075,Customer_75,Central,P139,Marker Pack,Stationery,2,382.48,0.05,726.71,305.12
103877,2025-02-10,CUST0034,Customer_34,North,P915,Cap,Apparel,7,436.13,0,3052.91,995.68
103878,2025-09-09,CUST0066,Customer_66,North,P283,USB-C Hub,Electronics,1,134.15,0.1,120.74,26.04
103879,2025-10-19,CUST0051,Customer_51,South,P033,Notebook Pack,Stationery,7,127.64,0,893.48,284.05
103880,2025-10-16,CUST0042,Customer_42,South,P519,Standing Desk,Furniture,3,382.38,0,1147.14,380.92
103881,2025-10-10,CUST0063,Customer_63,South,P915,Cap,Apparel,2,413.25,0.05,785.17,310.19
103882,2025-07-05,CUST0063,Customer_63,East,P597,Sticky Notes,Stationery,9,183.41,0.1,1485.62,269.94
103883,2025-05-06,CUST0040,Customer_40,East,P361,Webcam,Electronics,4,171.09,0.15,581.71,65.77
103884,2025-08-31,CUST0066,Customer_66,North,P139,Marker Pack,Stationery,9,418.12,0,3763.08,1138.79
103885,2025-07-15,CUST0079,Customer_79,South,P519,Standing Desk,Furniture,6,301.62,0.1,1628.75,445.74
103886,2025-03-25,CUST0018,Customer_18,East,P566,Filing Cabinet,Furniture,9,112.29,0.2,808.49,208.69
103887,2025-09-30,CUST0027,Customer_27,North,P597,Sticky Notes,Stationery,11,445.63,0.2,3921.54,537.95
103888,2025-03-10,CUST0066,Customer_66,West,P928,Wireless Mouse,Electronics,8,227.73,0.15,1548.56,103.31
103889,2025-01-10,CUST0018,Customer_18,South,P858,Socks Pack,Apparel,5,126.22,0,631.1,161.41
103890,2025-11-25,CUST0037,Customer_37,South,P471,Desk Lamp,Furniture,2,21.55,0,43.1,17.39
103891,2025-09-28,CUST0056,Customer_56,West,P272,Jacket,Apparel,10,289.62,0.05,2751.39,852.91
103892,2025-09-04,CUST0018,Customer_18,Central,P928,Wireless Mouse,Electronics,2,300.55,0,601.1,226.12
103893,2025-08-28,CUST0072,Customer_72,West,P566,Filing Cabinet,Furniture,1,358.22,0.15,304.49,58.55
103894,2025-06-27,CUST0029,Customer_29,Central,P497,Bookshelf,Furniture,3,66.9,0,200.7,60.64
103895,2025-07-04,CUST0064,Customer_64,East,P272,Jacket,Apparel,3,209.55,0,628.65,225.98
103896,2025-12-04,CUST0067,Customer_67,West,P865,Pen Set,Stationery,2,52.11,0,104.22,33.19
103897,2025-07-13,CUST0025,Customer_25,Central,P471,Desk Lamp,Furniture,7,322.48,0.1,2031.62,514.0
103898,2025-01-09,CUST0037,Customer_37,South,P915,Cap,Apparel,12,284.63,0.1,3074.0,536.36
103899,2025-11-01,CUST0040,Customer_40,South,P272,Jacket,Apparel,1,397.16,0.1,357.44,69.34
103900,2025-06-24,CUST0031,Customer_31,North,P826,Office Chair,Furniture,3,445.92,0,1337.76,498.15
103901,2025-12-27,CUST0061,Customer_61,North,P361,Whiteboard,Stationery,12,444.32,0.15,4532.06,996.71
103902,2025-09-22,CUST0056,Customer_56,Central,P566,Filing Cabinet,Furniture,12,414.42,0.2,3978.43,963.74
103903,2025-11-23,CUST0042,Customer_42,South,P826,Office Chair,Furniture,2,322.86,0,645.72,169.77
103904,2025-11-19,CUST0007,Customer_7,West,P361,Webcam,Electronics,5,211.6,0.05,1005.1,294.28
103905,2025-09-16,CUST0075,Customer_75,West,P915,Cap,Apparel,5,346.48,0.1,1559.16,197.64
103906,2025-12-29,CUST0062,Customer_62,North,P519,Standing Desk,Furniture,1,27.44,0.15,23.32,3.8
103907,2025-05-11,CUST0023,Customer_23,East,P272,Jacket,Apparel,10,33.51,0,335.1,124.01
103908,2025-02-25,CUST0033,Customer_33,North,P361,Webcam,Electronics,12,-183.71,0,2204.52,643.46
103909,2025-05-16,CUST0046,Customer_46,East,P620,Hoodie,Apparel,5,77.23,0,386.15,127.07
103910,2025-10-29,CUST0051,Customer_51,Central,P915,Cap,Apparel,12,299.38,0.1,3233.3,990.28
103911,2025-06-26,CUST0015,Customer_15,South,P884,T-Shirt,Apparel,10,213.42,0.15,1814.07,463.18
103912,2025-05-12,CUST0027,Customer_27,West,P497,Bookshelf,Furniture,4,425.49,0.05,1616.86,522.02
103913,2025-04-19,CUST0033,Customer_33,South,P566,Filing Cabinet,Furniture,6,-243.16,0.05,1386.01,465.89
103914,2025-12-29,CUST0076,Customer_76,North,P858,Socks Pack,Apparel,2,121.49,0.05,230.83,41.76
103915,2025-04-04,CUST0066,Customer_66,West,P381,Laptop Stand,Electronics,2,423.64,0.1,762.55,170.23
103916,2025-07-21,CUST0053,Customer_53,North,P915,Cap,Apparel,8,74.99,0.2,479.94,15.31
103917,2025-03-29,CUST0038,Customer_38,North,P497,Bookshelf,Furniture,7,195.05,0.15,1160.55,133.24
103918,2025-04-11,CUST0050,Customer_50,West,P865,Pen Set,Stationery,6,152.06,0.05,866.74,198.97
103919,2025-01-06,CUST0061,Customer_61,Central,P928,Wireless Mouse,Electronics,11,228.65,0.1,2263.64,447.34
103920,2025-07-17,CUST0035,Customer_35,Central,P884,T-Shirt,Apparel,3,308.5,0,925.5,356.25
103921,2025-05-02,CUST0014,Customer_14,South,P620,Hoodie,Apparel,8,155.52,0.15,1057.54,280.53
103922,2025-10-26,CUST0041,Customer_41,North,P361,Webcam,Electronics,6,181.82,0.05,1036.37,376.99
103923,2025-07-19,CUST0019,Customer_19,West,P928,Wireless Mouse,Electronics,6,308.04,0.05,1755.83,619.64
103924,2025-12-31,CUST0008,Customer_8,South,P139,Marker Pack,Stationery,2,47.96,0.15,81.53,13.09
103925,2025-09-01,CUST0032,Customer_32,Central,P915,Cap,Apparel,3,221.37,0.15,564.49,51.99
103926,2025-07-20,CUST0057,Customer_57,Central,P272,Jacket,Apparel,12,35.05,0,420.6,157.91
103927,2025-08-31,CUST0012,Customer_12,North,P471,Desk Lamp,Furniture,10,177.81,0.2,1422.48,177.22
103928,2025-04-04,CUST0062,Customer_62,North,P928,Wireless Mouse,Electronics,11,64.26,0,706.86,279.76
103929,2025-09-18,CUST0074,Customer_74,West,P566,Filing Cabinet,Furniture,5,193.95,0,969.75,420.79
103930,2025-05-28,CUST0010,Customer_10,North,P361,Whiteboard,Stationery,8,44.95,0,359.6,95.13
103931,2025-11-17,CUST0048,Customer_48,West,P361,Webcam,Electronics,6,360.05,0.2,1728.24,494.18
103932,2025-06-22,CUST0072,Customer_72,Central,P519,Standing Desk,Furniture,4,314.18,0,1256.72,288.13
103933,2025-01-14,CUST0056,Customer_56,South,P826,Office Chair,Furniture,11,74.9,0,823.9,258.1
103934,2025-05-01,CUST0046,Customer_46,South,P471,Desk Lamp,Furniture,8,241.0,0.05,1831.6,721.13
103935,2025-11-29,CUST0053,Customer_53,West,P361,Whiteboard,Stationery,3,189.46,0.15,483.12,126.49
103936,2025-07-04,CUST0042,Customer_42,North,P381,Laptop Stand,Electronics,11,74.69,0.1,739.43,237.15
103937,2025-10-09,CUST0046,Customer_46,West,P361,Webcam,Electronics,9,29.71,0.1,240.65,61.49
103938,2025-06-29,CUST0004,Customer_4,north,P139,Marker Pack,Stationery,2,295.53,0,591.06,187.69
103939,2025-10-12,CUST0054,Customer_54,West,P858,Socks Pack,Apparel,8,363.24,0,2905.92,1123.4
103940,2025-09-30,CUST0071,Customer_71,West,P272,Jacket,Apparel,4,374.89,0.2,1199.65,137.21
103941,2025-04-23,CUST0030,Customer_30,South,P361,Whiteboard,Stationery,8,130.21,0.1,937.51,258.22
103942,2025-03-17,CUST0020,Customer_20,South,P620,Hoodie,Apparel,9,58.58,0,527.22,191.79
103943,2025-10-09,CUST0064,Customer_64,east,P497,Bookshelf,Furniture,6,30.22,0,181.32,76.37
103944,2025-01-02,CUST0033,Customer_33,Central,P620,Hoodie,Apparel,7,19.68,0.05,130.87,25.34
103945,2025-05-19,CUST0046,Customer_46,Central,P272,Jacket,Apparel,4,439.62,0.05,1670.56,537.37
103946,2025-06-12,CUST0075,Customer_75,South,P361,Webcam,Electronics,9,49.17,0.2,354.02,77.66
103947,2025-11-11,CUST0057,Customer_57,East,P139,Marker Pack,Stationery,8,364.36,0.1,2623.39,475.48
103948,2025-08-20,CUST0015,Customer_15,East,P826,Office Chair,Furniture,11,278.54,0,3063.94,644.05
103949,2025-07-19,CUST0009,Customer_9,West,P620,Hoodie,Apparel,10,149.5,0,1495.0,493.76
103950,2025-08-13,CUST0021,Customer_21,East,P283,USB-C Hub,Electronics,4,232.35,0.1,836.46,219.55
103951,2025-11-14,CUST0011,Customer_11,South,P915,Cap,Apparel,6,225.81,0.2,1083.89,112.18
103952,2025-11-01,CUST0006,Customer_6,North,P928,Wireless Mouse,Electronics,6,268.42,0,1610.52,609.32
103953,2025-10-09,CUST0047,Customer_47,East,P033,Notebook Pack,Stationery,6,330.38,0,1982.28,608.73
103954,2025-07-29,CUST0017,Customer_17,North,P884,T-Shirt,Apparel,3,91.29,0,273.87,106.33
103955,2025-06-22,CUST0031,Customer_31,West,P497,Bookshelf,Furniture,4,395.54,0,1582.16,469.69
103956,2025-10-27,CUST0070,Customer_70,North,P361,Webcam,Electronics,7,448.91,0,3142.37,1018.31
103957,2025-09-26,CUST0063,Customer_63,South,P915,Cap,Apparel,11,216.04,0.15,2019.97,202.25
103958,2025-04-08,CUST0060,Customer_60,Central,P620,Hoodie,Apparel,1,267.89,0.05,254.5,76.64
103959,2025-05-07,CUST0056,Customer_56,West,P272,Jacket,Apparel,1,259.59,0.15,220.65,40.92
103960,2025-06-21,CUST0002,Customer_2,South,P932,Bluetooth Speaker,Electronics,5,448.21,0.15,1904.89,646.33
103961,2025-11-09,CUST0004,Customer_4,South,P928,Wireless Mouse,Electronics,8,278.57,0.15,1894.28,567.19
103962,2025-09-22,CUST0021,Customer_21,North,P597,Sticky Notes,Stationery,7,113.02,0,791.14,233.16
103963,2025-03-03,CUST0009,Customer_9,West,P272,Jacket,Apparel,6,97.86,0.1,528.44,82.17
103964,2025-06-11,CUST0071,Customer_71,Central,P361,Webcam,Electronics,9,211.48,0,1903.32,389.12
103965,2025-12-31,CUST0041,Customer_41,Central,P471,Desk Lamp,Furniture,1,169.14,0.15,143.77,34.17
103966,2025-09-25,CUST0028,Customer_28,South,P033,Notebook Pack,Stationery,8,335.42,0,2683.36,973.25
103967,2025-08-01,CUST0058,Customer_58,South,P826,Office Chair,Furniture,3,244.35,0,733.05,258.74
103968,2025-04-04,CUST0062,Customer_62,South,P865,Pen Set,Stationery,8,259.57,0.2,1661.25,230.11
103969,2025-10-21,CUST0022,Customer_22,West,P033,Notebook Pack,Stationery,4,217.13,0.05,825.09,295.0
103970,2025-09-28,CUST0048,Customer_48,South,P826,Office Chair,Furniture,7,255.2,0.15,1518.44,124.45
103971,2025-09-22,CUST0016,Customer_16,West,P272,Jacket,Apparel,3,95.94,0.05,273.43,84.51
103972,2025-09-04,CUST0048,Customer_48,East,P139,Marker Pack,Stationery,6,206.41,0,1238.46,329.74
103973,2025-06-13,CUST0057,Customer_57,East,P620,Hoodie,Apparel,6,439.93,0,2639.58,1162.01
103974,2025-09-30,CUST0079,Customer_79,Central,P928,Wireless Mouse,Electronics,11,246.94,0,2716.34,675.06
103975,2025-09-06,CUST0065,Customer_65,South,P597,Sticky Notes,Stationery,8,286.14,0,2289.12,728.86
103976,2025-05-27,CUST0011,Customer_11,South,P033,Notebook Pack,Stationery,8,332.93,0.2,2130.75,464.12
103977,2025-09-25,CUST0016,Customer_16,West,P884,T-Shirt,Apparel,2,159.73,0,319.46,93.47
103978,2025-01-09,CUST0036,Customer_36,East,P915,Cap,Apparel,1,26.6,0.2,21.28,1.14
103979,2025-11-25,CUST0071,Customer_71,Central,P519,Standing Desk,Furniture,11,219.08,0.05,2289.39,437.31
103980,2025-11-30,CUST0050,Customer_50,East,P139,Marker Pack,Stationery,5,283.73,0,1418.65,483.37
103981,2025-11-29,CUST0065,Customer_65,East,P283,USB-C Hub,Electronics,11,182.03,0.1,1802.1,591.92
103982,2025-06-05,CUST0047,Customer_47,South,P139,Marker Pack,Stationery,12,51.0,0,612.0,195.23
103983,2025-06-01,CUST0024,Customer_24,West,P597,Sticky Notes,Stationery,11,289.13,0.2,2544.34,308.04
103984,2025-11-08,CUST0005,Customer_5,central,P928,Wireless Mouse,Electronics,5,165.78,0.1,746.01,102.12
103985,2025-10-09,CUST0070,Customer_70,North,P272,Jacket,Apparel,11,81.25,0,893.75,378.84
103986,2025-08-13,CUST0007,Customer_7,Central,P620,Hoodie,Apparel,2,228.03,0,456.06,96.64
103987,2025-07-28,CUST0069,Customer_69,West,P283,USB-C Hub,Electronics,1,109.58,0.15,93.14,17.93
103988,2025-10-09,CUST0013,Customer_13,West,P033,Notebook Pack,Stationery,2,176.41,0,352.82,135.74
103989,2025-08-13,CUST0030,Customer_30,West,P283,USB-C Hub,Electronics,6,104.81,0,628.86,262.98
103990,2025-03-30,CUST0021,Customer_21,East,P361,Whiteboard,Stationery,12,290.38,0,3484.56,1142.69
103991,2025-10-16,CUST0065,Customer_65,East,P884,T-Shirt,Apparel,8,407.45,0.15,2770.66,798.22
103992,2025-08-06,CUST0005,Customer_5,East,P865,Pen Set,Stationery,7,422.52,0.2,2366.11,678.42
103993,2025-06-20,CUST0005,Customer_5,East,P597,Sticky Notes,Stationery,2,171.53,0.05,325.91,114.82
103994,2025-11-21,CUST0019,Customer_19,Central,P858,Socks Pack,Apparel,5,329.95,0,1649.75,636.41
103995,2025-04-23,CUST0060,Customer_60,North,P932,Bluetooth Speaker,Electronics,10,231.64,0.2,1853.12,330.91
103996,2025-04-09,CUST0057,Customer_57,South,P471,Desk Lamp,Furniture,7,419.46,0.15,2495.79,759.91
103997,2025-01-02,CUST0063,Customer_63,east,P033,Notebook Pack,Stationery,5,200.96,0.2,803.84,59.56
103998,2025-12-22,CUST0016,Customer_16,West,P497,Bookshelf,Furniture,4,132.83,0,531.32,192.18
103999,2025-08-09,CUST0020,Customer_20,East,P283,USB-C Hub,Electronics,9,121.08,0,1089.72,255.24
104000,2025-10-22,CUST0046,Customer_46,east,P865,Pen Set,Stationery,11,168.02,0,1848.22,431.43
100011,2025-12-15,CUST0055,Customer_55,Central,P381,Laptop Stand,Electronics,7,271.38,0.05,1804.68,508.58
100026,2025-10-19,CUST0032,Customer_32,East,P361,Webcam,Electronics,2,193.3,0.1,347.94,80.68
100051,2025-03-12,CUST0020,,West,P566,Filing Cabinet,Furniture,12,75.54,0,906.48,393.36
